TITLE = "MyDevice"
VARIABLES = "x", "y", "Acceptors", "AtContactNode", "ContactNSurfaceNormal_x", "ContactNSurfaceNormal_y", "ContactSurfaceArea", "Donors", "ElectronGeneration", "ElectronGeneration:Electrons", "ElectronGeneration:Holes", "Electrons", "Electrons_prev", "HoleGeneration", "HoleGeneration:Electrons", "HoleGeneration:Holes", "Holes", "Holes_prev", "IntrinsicCharge", "IntrinsicCharge:Potential", "IntrinsicElectrons", "IntrinsicElectrons:Potential", "IntrinsicHoles", "IntrinsicHoles:Potential", "NCharge", "NCharge:Electrons", "NSurfaceNormal_x", "NSurfaceNormal_y", "NetDoping", "NodeVolume", "PCharge", "PCharge:Holes", "Potential", "PotentialIntrinsicCharge", "PotentialIntrinsicCharge:Potential", "PotentialNodeCharge", "PotentialNodeCharge:Electrons", "PotentialNodeCharge:Holes", "Potential_prev", "SurfaceArea", "USRH", "USRH:Electrons", "USRH:Holes", "botnodeelectrons", "botnodeelectrons:Electrons", "botnodeholes", "botnodeholes:Holes", "botnodemodel", "botnodemodel:Potential", "coordinate_index", "node_index", "topnodeelectrons", "topnodeelectrons:Electrons", "topnodeholes", "topnodeholes:Holes", "topnodemodel", "topnodemodel:Potential", "Bern01", "Bern01:Potential@n0", "Bern01:Potential@n1", "EdgeCouple", "EdgeInverseLength", "EdgeLength", "EdgeNodeVolume", "ElectricField", "ElectricField:Potential@n0", "ElectricField:Potential@n1", "ElectronCurrent", "ElectronCurrent:Electrons@n0", "ElectronCurrent:Electrons@n1", "ElectronCurrent:Holes@n0", "ElectronCurrent:Holes@n1", "ElectronCurrent:Potential@n0", "ElectronCurrent:Potential@n1", "Electrons@n0", "Electrons@n1", "HoleCurrent", "HoleCurrent:Electrons@n0", "HoleCurrent:Electrons@n1", "HoleCurrent:Holes@n0", "HoleCurrent:Holes@n1", "HoleCurrent:Potential@n0", "HoleCurrent:Potential@n1", "Holes@n0", "Holes@n1", "Potential@n0", "Potential@n1", "PotentialEdgeFlux", "PotentialEdgeFlux:Potential@n0", "PotentialEdgeFlux:Potential@n1", "contactcharge_edge", "contactcharge_edge:Potential@n0", "contactcharge_edge:Potential@n1", "edge_index", "unitx", "unity", "vdiff", "vdiff:Potential@n0", "vdiff:Potential@n1", "ElementEdgeCouple", "ElementNodeVolume"
ZONE T="MyRegion" NODES=495, ELEMENTS=880, DATAPACKING=BLOCK, ZONETYPE=FETRIANGLE, VARLOCATION=([100,101]=CELLCENTERED)
0 0 1e-06 1e-06 0 1e-06 0 1e-06 0 1e-06 0 1e-06 0 1e-06 0 1e-06 0 1e-06 0 1e-06 0 1e-06 1.8016e-06 1.8016e-06 1.8016e-06 1.8016e-06 1.8016e-06 1.8016e-06 1.8016e-06 1.8016e-06 1.8016e-06 1.8016e-06 1.8016e-06 2.44417e-06 2.44417e-06 2.44417e-06 2.44417e-06 2.44417e-06 2.44417e-06 2.44417e-06 2.44417e-06 2.44417e-06 2.44417e-06 2.44417e-06 2.95926e-06 2.95926e-06 2.95926e-06 2.95926e-06 2.95926e-06 2.95926e-06 2.95926e-06 2.95926e-06 2.95926e-06 2.95926e-06 2.95926e-06 3.37215e-06 3.37215e-06 3.37215e-06 3.37215e-06 3.37215e-06 3.37215e-06 3.37215e-06 3.37215e-06 3.37215e-06 3.37215e-06 3.37215e-06 3.70313e-06 3.70313e-06 3.70313e-06 3.70313e-06 3.70313e-06 3.70313e-06 3.70313e-06 3.70313e-06 3.70313e-06 3.70313e-06 3.70313e-06 3.96844e-06 3.96844e-06 3.96844e-06 3.96844e-06 3.96844e-06 3.96844e-06 3.96844e-06 3.96844e-06 3.96844e-06 3.96844e-06 3.96844e-06 4.18111e-06 4.18111e-06 4.18111e-06 4.18111e-06 4.18111e-06 4.18111e-06 4.18111e-06 4.18111e-06 4.18111e-06 4.18111e-06 4.18111e-06 4.35159e-06 4.35159e-06 4.35159e-06 4.35159e-06 4.35159e-06 4.35159e-06 4.35159e-06 4.35159e-06 4.35159e-06 4.35159e-06 4.35159e-06 4.48825e-06 4.48825e-06 4.48825e-06 4.48825e-06 4.48825e-06 4.48825e-06 4.48825e-06 4.48825e-06 4.48825e-06 4.48825e-06 4.48825e-06 4.5978e-06 4.5978e-06 4.5978e-06 4.5978e-06 4.5978e-06 4.5978e-06 4.5978e-06 4.5978e-06 4.5978e-06 4.5978e-06 4.5978e-06 4.68561e-06 4.68561e-06 4.68561e-06 4.68561e-06 4.68561e-06 4.68561e-06 4.68561e-06 4.68561e-06 4.68561e-06 4.68561e-06 4.68561e-06 4.756e-06 4.756e-06 4.756e-06 4.756e-06 4.756e-06 4.756e-06 4.756e-06 4.756e-06 4.756e-06 4.756e-06 4.756e-06 4.81242e-06 4.81242e-06 4.81242e-06 4.81242e-06 4.81242e-06 4.81242e-06 4.81242e-06 4.81242e-06 4.81242e-06 4.81242e-06 4.81242e-06 4.85765e-06 4.85765e-06 4.85765e-06 4.85765e-06 4.85765e-06 4.85765e-06 4.85765e-06 4.85765e-06 4.85765e-06 4.85765e-06 4.85765e-06 4.89391e-06 4.89391e-06 4.89391e-06 4.89391e-06 4.89391e-06 4.89391e-06 4.89391e-06 4.89391e-06 4.89391e-06 4.89391e-06 4.89391e-06 4.92297e-06 4.92297e-06 4.92297e-06 4.92297e-06 4.92297e-06 4.92297e-06 4.92297e-06 4.92297e-06 4.92297e-06 4.92297e-06 4.92297e-06 4.94627e-06 4.94627e-06 4.94627e-06 4.94627e-06 4.94627e-06 4.94627e-06 4.94627e-06 4.94627e-06 4.94627e-06 4.94627e-06 4.94627e-06 4.96495e-06 4.96495e-06 4.96495e-06 4.96495e-06 4.96495e-06 4.96495e-06 4.96495e-06 4.96495e-06 4.96495e-06 4.96495e-06 4.96495e-06 4.97992e-06 4.97992e-06 4.97992e-06 4.97992e-06 4.97992e-06 4.97992e-06 4.97992e-06 4.97992e-06 4.97992e-06 4.97992e-06 4.97992e-06 4.99192e-06 4.99192e-06 4.99192e-06 4.99192e-06 4.99192e-06 4.99192e-06 4.99192e-06 4.99192e-06 4.99192e-06 4.99192e-06 4.99192e-06 5e-06 5e-06 5e-06 5e-06 5e-06 5e-06 5e-06 5e-06 5e-06 5e-06 5e-06 5.01e-06 5.01e-06 5.01e-06 5.01e-06 5.01e-06 5.01e-06 5.01e-06 5.01e-06 5.01e-06 5.01e-06 5.01e-06 5.02248e-06 5.02248e-06 5.02248e-06 5.02248e-06 5.02248e-06 5.02248e-06 5.02248e-06 5.02248e-06 5.02248e-06 5.02248e-06 5.02248e-06 5.03804e-06 5.03804e-06 5.03804e-06 5.03804e-06 5.03804e-06 5.03804e-06 5.03804e-06 5.03804e-06 5.03804e-06 5.03804e-06 5.03804e-06 5.05745e-06 5.05745e-06 5.05745e-06 5.05745e-06 5.05745e-06 5.05745e-06 5.05745e-06 5.05745e-06 5.05745e-06 5.05745e-06 5.05745e-06 5.08167e-06 5.08167e-06 5.08167e-06 5.08167e-06 5.08167e-06 5.08167e-06 5.08167e-06 5.08167e-06 5.08167e-06 5.08167e-06 5.08167e-06 5.11188e-06 5.11188e-06 5.11188e-06 5.11188e-06 5.11188e-06 5.11188e-06 5.11188e-06 5.11188e-06 5.11188e-06 5.11188e-06 5.11188e-06 5.14958e-06 5.14958e-06 5.14958e-06 5.14958e-06 5.14958e-06 5.14958e-06 5.14958e-06 5.14958e-06 5.14958e-06 5.14958e-06 5.14958e-06 5.1966e-06 5.1966e-06 5.1966e-06 5.1966e-06 5.1966e-06 5.1966e-06 5.1966e-06 5.1966e-06 5.1966e-06 5.1966e-06 5.1966e-06 5.25525e-06 5.25525e-06 5.25525e-06 5.25525e-06 5.25525e-06 5.25525e-06 5.25525e-06 5.25525e-06 5.25525e-06 5.25525e-06 5.25525e-06 5.32843e-06 5.32843e-06 5.32843e-06 5.32843e-06 5.32843e-06 5.32843e-06 5.32843e-06 5.32843e-06 5.32843e-06 5.32843e-06 5.32843e-06 5.41972e-06 5.41972e-06 5.41972e-06 5.41972e-06 5.41972e-06 5.41972e-06 5.41972e-06 5.41972e-06 5.41972e-06 5.41972e-06 5.41972e-06 5.5336e-06 5.5336e-06 5.5336e-06 5.5336e-06 5.5336e-06 5.5336e-06 5.5336e-06 5.5336e-06 5.5336e-06 5.5336e-06 5.5336e-06 5.67566e-06 5.67566e-06 5.67566e-06 5.67566e-06 5.67566e-06 5.67566e-06 5.67566e-06 5.67566e-06 5.67566e-06 5.67566e-06 5.67566e-06 5.85289e-06 5.85289e-06 5.85289e-06 5.85289e-06 5.85289e-06 5.85289e-06 5.85289e-06 5.85289e-06 5.85289e-06 5.85289e-06 5.85289e-06 6.07398e-06 6.07398e-06 6.07398e-06 6.07398e-06 6.07398e-06 6.07398e-06 6.07398e-06 6.07398e-06 6.07398e-06 6.07398e-06 6.07398e-06 6.34978e-06 6.34978e-06 6.34978e-06 6.34978e-06 6.34978e-06 6.34978e-06 6.34978e-06 6.34978e-06 6.34978e-06 6.34978e-06 6.34978e-06 6.69386e-06 6.69386e-06 6.69386e-06 6.69386e-06 6.69386e-06 6.69386e-06 6.69386e-06 6.69386e-06 6.69386e-06 6.69386e-06 6.69386e-06 7.12309e-06 7.12309e-06 7.12309e-06 7.12309e-06 7.12309e-06 7.12309e-06 7.12309e-06 7.12309e-06 7.12309e-06 7.12309e-06 7.12309e-06 7.65855e-06 7.65855e-06 7.65855e-06 7.65855e-06 7.65855e-06 7.65855e-06 7.65855e-06 7.65855e-06 7.65855e-06 7.65855e-06 7.65855e-06 8.32654e-06 8.32654e-06 8.32654e-06 8.32654e-06 8.32654e-06 8.32654e-06 8.32654e-06 8.32654e-06 8.32654e-06 8.32654e-06 8.32654e-06 9.15986e-06 9.15986e-06 9.15986e-06 9.15986e-06 9.15986e-06 9.15986e-06 9.15986e-06 9.15986e-06 9.15986e-06 9.15986e-06 9.15986e-06 1e-05 1e-05 1e-05 1e-05 1e-05 1e-05 1e-05 1e-05 1e-05 1e-05 1e-05
0 1e-06 0 1e-06 2e-06 2e-06 3e-06 3e-06 4e-06 4e-06 5e-06 5e-06 6e-06 6e-06 7e-06 7e-06 8e-06 8e-06 9e-06 9e-06 1e-05 1e-05 0 1e-06 2e-06 3e-06 4e-06 5e-06 6e-06 7e-06 8e-06 9e-06 1e-05 0 1e-06 2e-06 3e-06 4e-06 5e-06 6e-06 7e-06 8e-06 9e-06 1e-05 0 1e-06 2e-06 3e-06 4e-06 5e-06 6e-06 7e-06 8e-06 9e-06 1e-05 0 1e-06 2e-06 3e-06 4e-06 5e-06 6e-06 7e-06 8e-06 9e-06 1e-05 0 1e-06 2e-06 3e-06 4e-06 5e-06 6e-06 7e-06 8e-06 9e-06 1e-05 0 1e-06 2e-06 3e-06 4e-06 5e-06 6e-06 7e-06 8e-06 9e-06 1e-05 0 1e-06 2e-06 3e-06 4e-06 5e-06 6e-06 7e-06 8e-06 9e-06 1e-05 0 1e-06 2e-06 3e-06 4e-06 5e-06 6e-06 7e-06 8e-06 9e-06 1e-05 0 1e-06 2e-06 3e-06 4e-06 5e-06 6e-06 7e-06 8e-06 9e-06 1e-05 0 1e-06 2e-06 3e-06 4e-06 5e-06 6e-06 7e-06 8e-06 9e-06 1e-05 0 1e-06 2e-06 3e-06 4e-06 5e-06 6e-06 7e-06 8e-06 9e-06 1e-05 0 1e-06 2e-06 3e-06 4e-06 5e-06 6e-06 7e-06 8e-06 9e-06 1e-05 0 1e-06 2e-06 3e-06 4e-06 5e-06 6e-06 7e-06 8e-06 9e-06 1e-05 0 1e-06 2e-06 3e-06 4e-06 5e-06 6e-06 7e-06 8e-06 9e-06 1e-05 0 1e-06 2e-06 3e-06 4e-06 5e-06 6e-06 7e-06 8e-06 9e-06 1e-05 0 1e-06 2e-06 3e-06 4e-06 5e-06 6e-06 7e-06 8e-06 9e-06 1e-05 0 1e-06 2e-06 3e-06 4e-06 5e-06 6e-06 7e-06 8e-06 9e-06 1e-05 0 1e-06 2e-06 3e-06 4e-06 5e-06 6e-06 7e-06 8e-06 9e-06 1e-05 0 1e-06 2e-06 3e-06 4e-06 5e-06 6e-06 7e-06 8e-06 9e-06 1e-05 0 1e-06 2e-06 3e-06 4e-06 5e-06 6e-06 7e-06 8e-06 9e-06 1e-05 0 1e-06 2e-06 3e-06 4e-06 5e-06 6e-06 7e-06 8e-06 9e-06 1e-05 0 1e-06 2e-06 3e-06 4e-06 5e-06 6e-06 7e-06 8e-06 9e-06 1e-05 0 1e-06 2e-06 3e-06 4e-06 5e-06 6e-06 7e-06 8e-06 9e-06 1e-05 0 1e-06 2e-06 3e-06 4e-06 5e-06 6e-06 7e-06 8e-06 9e-06 1e-05 0 1e-06 2e-06 3e-06 4e-06 5e-06 6e-06 7e-06 8e-06 9e-06 1e-05 0 1e-06 2e-06 3e-06 4e-06 5e-06 6e-06 7e-06 8e-06 9e-06 1e-05 0 1e-06 2e-06 3e-06 4e-06 5e-06 6e-06 7e-06 8e-06 9e-06 1e-05 0 1e-06 2e-06 3e-06 4e-06 5e-06 6e-06 7e-06 8e-06 9e-06 1e-05 0 1e-06 2e-06 3e-06 4e-06 5e-06 6e-06 7e-06 8e-06 9e-06 1e-05 0 1e-06 2e-06 3e-06 4e-06 5e-06 6e-06 7e-06 8e-06 9e-06 1e-05 0 1e-06 2e-06 3e-06 4e-06 5e-06 6e-06 7e-06 8e-06 9e-06 1e-05 0 1e-06 2e-06 3e-06 4e-06 5e-06 6e-06 7e-06 8e-06 9e-06 1e-05 0 1e-06 2e-06 3e-06 4e-06 5e-06 6e-06 7e-06 8e-06 9e-06 1e-05 0 1e-06 2e-06 3e-06 4e-06 5e-06 6e-06 7e-06 8e-06 9e-06 1e-05 0 1e-06 2e-06 3e-06 4e-06 5e-06 6e-06 7e-06 8e-06 9e-06 1e-05 0 1e-06 2e-06 3e-06 4e-06 5e-06 6e-06 7e-06 8e-06 9e-06 1e-05 0 1e-06 2e-06 3e-06 4e-06 5e-06 6e-06 7e-06 8e-06 9e-06 1e-05 0 1e-06 2e-06 3e-06 4e-06 5e-06 6e-06 7e-06 8e-06 9e-06 1e-05 0 1e-06 2e-06 3e-06 4e-06 5e-06 6e-06 7e-06 8e-06 9e-06 1e-05 0 1e-06 2e-06 3e-06 4e-06 5e-06 6e-06 7e-06 8e-06 9e-06 1e-05 0 1e-06 2e-06 3e-06 4e-06 5e-06 6e-06 7e-06 8e-06 9e-06 1e-05 0 1e-06 2e-06 3e-06 4e-06 5e-06 6e-06 7e-06 8e-06 9e-06 1e-05 0 1e-06 2e-06 3e-06 4e-06 5e-06 6e-06 7e-06 8e-06 9e-06 1e-05
1e+18 1e+18 1e+18 1e+18 1e+18 1e+18 1e+18 1e+18 1e+18 1e+18 1e+18 1e+18 1e+18 1e+18 1e+18 1e+18 1e+18 1e+18 1e+18 1e+18 1e+18 1e+18 1e+18 1e+18 1e+18 1e+18 1e+18 1e+18 1e+18 1e+18 1e+18 1e+18 1e+18 1e+18 1e+18 1e+18 1e+18 1e+18 1e+18 1e+18 1e+18 1e+18 1e+18 1e+18 1e+18 1e+18 1e+18 1e+18 1e+18 1e+18 1e+18 1e+18 1e+18 1e+18 1e+18 1e+18 1e+18 1e+18 1e+18 1e+18 1e+18 1e+18 1e+18 1e+18 1e+18 1e+18 1e+18 1e+18 1e+18 1e+18 1e+18 1e+18 1e+18 1e+18 1e+18 1e+18 1e+18 1e+18 1e+18 1e+18 1e+18 1e+18 1e+18 1e+18 1e+18 1e+18 1e+18 1e+18 1e+18 1e+18 1e+18 1e+18 1e+18 1e+18 1e+18 1e+18 1e+18 1e+18 1e+18 1e+18 1e+18 1e+18 1e+18 1e+18 1e+18 1e+18 1e+18 1e+18 1e+18 1e+18 1e+18 1e+18 1e+18 1e+18 1e+18 1e+18 1e+18 1e+18 1e+18 1e+18 1e+18 1e+18 1e+18 1e+18 1e+18 1e+18 1e+18 1e+18 1e+18 1e+18 1e+18 1e+18 1e+18 1e+18 1e+18 1e+18 1e+18 1e+18 1e+18 1e+18 1e+18 1e+18 1e+18 1e+18 1e+18 1e+18 1e+18 1e+18 1e+18 1e+18 1e+18 1e+18 1e+18 1e+18 1e+18 1e+18 1e+18 1e+18 1e+18 1e+18 1e+18 1e+18 1e+18 1e+18 1e+18 1e+18 1e+18 1e+18 1e+18 1e+18 1e+18 1e+18 1e+18 1e+18 1e+18 1e+18 1e+18 1e+18 1e+18 1e+18 1e+18 1e+18 1e+18 1e+18 1e+18 1e+18 1e+18 1e+18 1e+18 1e+18 1e+18 1e+18 1e+18 1e+18 1e+18 1e+18 1e+18 1e+18 1e+18 1e+18 1e+18 1e+18 1e+18 1e+18 1e+18 1e+18 1e+18 1e+18 1e+18 1e+18 1e+18 1e+18 1e+18 1e+18 1e+18 1e+18 1e+18 1e+18 1e+18 1e+18 1e+18 1e+18 1e+18 1e+18 1e+18 1e+18 1e+18 1e+18 1e+18 1e+18 1e+18 1e+18 1e+18 1e+18 1e+18 1e+18 1e+18 1e+18 1e+18 1e+18 1e+18 1e+18 1e+18 1e+18 1e+18 1e+18 1e+18 1e+18 1e+18 1e+18 1e+18 1e+18 1e+18 0 0 0 0 0 0 0 0 0 0 0 0 0 0 0 0 0 0 0 0 0 0 0 0 0 0 0 0 0 0 0 0 0 0 0 0 0 0 0 0 0 0 0 0 0 0 0 0 0 0 0 0 0 0 0 0 0 0 0 0 0 0 0 0 0 0 0 0 0 0 0 0 0 0 0 0 0 0 0 0 0 0 0 0 0 0 0 0 0 0 0 0 0 0 0 0 0 0 0 0 0 0 0 0 0 0 0 0 0 0 0 0 0 0 0 0 0 0 0 0 0 0 0 0 0 0 0 0 0 0 0 0 0 0 0 0 0 0 0 0 0 0 0 0 0 0 0 0 0 0 0 0 0 0 0 0 0 0 0 0 0 0 0 0 0 0 0 0 0 0 0 0 0 0 0 0 0 0 0 0 0 0 0 0 0 0 0 0 0 0 0 0 0 0 0 0 0 0 0 0 0 0 0 0 0 0 0 0 0 0 0 0 0 0 0 0 0 0 0 0 0 0 0 0 0 0 0 0 0 0 0 0 0 0 0 0 0 0 0 0 0 0
0 0 0 0 0 0 0 0 0 0 0 0 0 0 0 0 1 0 1 0 1 0 0 0 0 0 0 0 0 0 0 0 0 0 0 0 0 0 0 0 0 0 0 0 0 0 0 0 0 0 0 0 0 0 0 0 0 0 0 0 0 0 0 0 0 0 0 0 0 0 0 0 0 0 0 0 0 0 0 0 0 0 0 0 0 0 0 0 0 0 0 0 0 0 0 0 0 0 0 0 0 0 0 0 0 0 0 0 0 0 0 0 0 0 0 0 0 0 0 0 0 0 0 0 0 0 0 0 0 0 0 0 0 0 0 0 0 0 0 0 0 0 0 0 0 0 0 0 0 0 0 0 0 0 0 0 0 0 0 0 0 0 0 0 0 0 0 0 0 0 0 0 0 0 0 0 0 0 0 0 0 0 0 0 0 0 0 0 0 0 0 0 0 0 0 0 0 0 0 0 0 0 0 0 0 0 0 0 0 0 0 0 0 0 0 0 0 0 0 0 0 0 0 0 0 0 0 0 0 0 0 0 0 0 0 0 0 0 0 0 0 0 0 0 0 0 0 0 0 0 0 0 0 0 0 0 0 0 0 0 0 0 0 0 0 0 0 0 0 0 0 0 0 0 0 0 0 0 0 0 0 0 0 0 0 0 0 0 0 0 0 0 0 0 0 0 0 0 0 0 0 0 0 0 0 0 0 0 0 0 0 0 0 0 0 0 0 0 0 0 0 0 0 0 0 0 0 0 0 0 0 0 0 0 0 0 0 0 0 0 0 0 0 0 0 0 0 0 0 0 0 0 0 0 0 0 0 0 0 0 0 0 0 0 0 0 0 0 0 0 0 0 0 0 0 0 0 0 0 0 0 0 0 0 0 0 0 0 0 0 0 0 0 0 0 0 0 0 0 0 0 0 0 0 0 0 0 0 0 0 0 0 0 0 0 0 0 0 0 0 0 0 0 0 0 0 0 0 0 0 0 0 0 0 0 0 0 0 0 0 0 0 0 0 0 0 0 0 0 0 0 0 0 0 0 0 0 0 0 0 0 0 0 0 0 0 0 0 0 0 0 0 0 0 0 0 0 0 0 0 0 0 0 0 1 1 1 1 1 1 1 1 1 1 1
0 0 0 0 0 0 0 0 0 0 0 0 0 0 0 0 1 0 1 0 1 0 0 0 0 0 0 0 0 0 0 0 0 0 0 0 0 0 0 0 0 0 0 0 0 0 0 0 0 0 0 0 0 0 0 0 0 0 0 0 0 0 0 0 0 0 0 0 0 0 0 0 0 0 0 0 0 0 0 0 0 0 0 0 0 0 0 0 0 0 0 0 0 0 0 0 0 0 0 0 0 0 0 0 0 0 0 0 0 0 0 0 0 0 0 0 0 0 0 0 0 0 0 0 0 0 0 0 0 0 0 0 0 0 0 0 0 0 0 0 0 0 0 0 0 0 0 0 0 0 0 0 0 0 0 0 0 0 0 0 0 0 0 0 0 0 0 0 0 0 0 0 0 0 0 0 0 0 0 0 0 0 0 0 0 0 0 0 0 0 0 0 0 0 0 0 0 0 0 0 0 0 0 0 0 0 0 0 0 0 0 0 0 0 0 0 0 0 0 0 0 0 0 0 0 0 0 0 0 0 0 0 0 0 0 0 0 0 0 0 0 0 0 0 0 0 0 0 0 0 0 0 0 0 0 0 0 0 0 0 0 0 0 0 0 0 0 0 0 0 0 0 0 0 0 0 0 0 0 0 0 0 0 0 0 0 0 0 0 0 0 0 0 0 0 0 0 0 0 0 0 0 0 0 0 0 0 0 0 0 0 0 0 0 0 0 0 0 0 0 0 0 0 0 0 0 0 0 0 0 0 0 0 0 0 0 0 0 0 0 0 0 0 0 0 0 0 0 0 0 0 0 0 0 0 0 0 0 0 0 0 0 0 0 0 0 0 0 0 0 0 0 0 0 0 0 0 0 0 0 0 0 0 0 0 0 0 0 0 0 0 0 0 0 0 0 0 0 0 0 0 0 0 0 0 0 0 0 0 0 0 0 0 0 0 0 0 0 0 0 0 0 0 0 0 0 0 0 0 0 0 0 0 0 0 0 0 0 0 0 0 0 0 0 0 0 0 0 0 0 0 0 0 0 0 0 0 0 0 0 0 0 0 0 0 0 0 0 0 0 0 0 0 0 0 0 0 0 0 0 0 0 0 0 1 1 1 1 1 1 1 1 1 1 1
0 0 0 0 0 0 0 0 0 0 0 0 0 0 0 0 0 0 0 0 0 0 0 0 0 0 0 0 0 0 0 0 0 0 0 0 0 0 0 0 0 0 0 0 0 0 0 0 0 0 0 0 0 0 0 0 0 0 0 0 0 0 0 0 0 0 0 0 0 0 0 0 0 0 0 0 0 0 0 0 0 0 0 0 0 0 0 0 0 0 0 0 0 0 0 0 0 0 0 0 0 0 0 0 0 0 0 0 0 0 0 0 0 0 0 0 0 0 0 0 0 0 0 0 0 0 0 0 0 0 0 0 0 0 0 0 0 0 0 0 0 0 0 0 0 0 0 0 0 0 0 0 0 0 0 0 0 0 0 0 0 0 0 0 0 0 0 0 0 0 0 0 0 0 0 0 0 0 0 0 0 0 0 0 0 0 0 0 0 0 0 0 0 0 0 0 0 0 0 0 0 0 0 0 0 0 0 0 0 0 0 0 0 0 0 0 0 0 0 0 0 0 0 0 0 0 0 0 0 0 0 0 0 0 0 0 0 0 0 0 0 0 0 0 0 0 0 0 0 0 0 0 0 0 0 0 0 0 0 0 0 0 0 0 0 0 0 0 0 0 0 0 0 0 0 0 0 0 0 0 0 0 0 0 0 0 0 0 0 0 0 0 0 0 0 0 0 0 0 0 0 0 0 0 0 0 0 0 0 0 0 0 0 0 0 0 0 0 0 0 0 0 0 0 0 0 0 0 0 0 0 0 0 0 0 0 0 0 0 0 0 0 0 0 0 0 0 0 0 0 0 0 0 0 0 0 0 0 0 0 0 0 0 0 0 0 0 0 0 0 0 0 0 0 0 0 0 0 0 0 0 0 0 0 0 0 0 0 0 0 0 0 0 0 0 0 0 0 0 0 0 0 0 0 0 0 0 0 0 0 0 0 0 0 0 0 0 0 0 0 0 0 0 0 0 0 0 0 0 0 0 0 0 0 0 0 0 0 0 0 0 0 0 0 0 0 0 0 0 0 0 0 0 0 0 0 0 0 0 0 0 0 0 0 0 0 0 0 0 0 0 0 0 0 0 0 0 0 0 0 0 0 0 0 0 0 0 0 0 0 0 0 0 0 0
0 0 0 0 0 0 0 0 0 0 0 0 0 0 0 0 5e-07 0 1e-06 0 5e-07 0 0 0 0 0 0 0 0 0 0 0 0 0 0 0 0 0 0 0 0 0 0 0 0 0 0 0 0 0 0 0 0 0 0 0 0 0 0 0 0 0 0 0 0 0 0 0 0 0 0 0 0 0 0 0 0 0 0 0 0 0 0 0 0 0 0 0 0 0 0 0 0 0 0 0 0 0 0 0 0 0 0 0 0 0 0 0 0 0 0 0 0 0 0 0 0 0 0 0 0 0 0 0 0 0 0 0 0 0 0 0 0 0 0 0 0 0 0 0 0 0 0 0 0 0 0 0 0 0 0 0 0 0 0 0 0 0 0 0 0 0 0 0 0 0 0 0 0 0 0 0 0 0 0 0 0 0 0 0 0 0 0 0 0 0 0 0 0 0 0 0 0 0 0 0 0 0 0 0 0 0 0 0 0 0 0 0 0 0 0 0 0 0 0 0 0 0 0 0 0 0 0 0 0 0 0 0 0 0 0 0 0 0 0 0 0 0 0 0 0 0 0 0 0 0 0 0 0 0 0 0 0 0 0 0 0 0 0 0 0 0 0 0 0 0 0 0 0 0 0 0 0 0 0 0 0 0 0 0 0 0 0 0 0 0 0 0 0 0 0 0 0 0 0 0 0 0 0 0 0 0 0 0 0 0 0 0 0 0 0 0 0 0 0 0 0 0 0 0 0 0 0 0 0 0 0 0 0 0 0 0 0 0 0 0 0 0 0 0 0 0 0 0 0 0 0 0 0 0 0 0 0 0 0 0 0 0 0 0 0 0 0 0 0 0 0 0 0 0 0 0 0 0 0 0 0 0 0 0 0 0 0 0 0 0 0 0 0 0 0 0 0 0 0 0 0 0 0 0 0 0 0 0 0 0 0 0 0 0 0 0 0 0 0 0 0 0 0 0 0 0 0 0 0 0 0 0 0 0 0 0 0 0 0 0 0 0 0 0 0 0 0 0 0 0 0 0 0 0 0 0 0 0 0 0 0 0 0 0 0 0 0 0 0 0 0 0 0 0 0 0 0 0 0 0 0 0 0 0 0 0 0 0 5e-07 1e-06 1e-06 1e-06 1e-06 1e-06 1e-06 1e-06 1e-06 1e-06 5e-07
0 0 0 0 0 0 0 0 0 0 0 0 0 0 0 0 0 0 0 0 0 0 0 0 0 0 0 0 0 0 0 0 0 0 0 0 0 0 0 0 0 0 0 0 0 0 0 0 0 0 0 0 0 0 0 0 0 0 0 0 0 0 0 0 0 0 0 0 0 0 0 0 0 0 0 0 0 0 0 0 0 0 0 0 0 0 0 0 0 0 0 0 0 0 0 0 0 0 0 0 0 0 0 0 0 0 0 0 0 0 0 0 0 0 0 0 0 0 0 0 0 0 0 0 0 0 0 0 0 0 0 0 0 0 0 0 0 0 0 0 0 0 0 0 0 0 0 0 0 0 0 0 0 0 0 0 0 0 0 0 0 0 0 0 0 0 0 0 0 0 0 0 0 0 0 0 0 0 0 0 0 0 0 0 0 0 0 0 0 0 0 0 0 0 0 0 0 0 0 0 0 0 0 0 0 0 0 0 0 0 0 0 0 0 0 0 0 0 0 0 0 0 0 0 0 0 0 0 0 0 0 0 0 0 0 0 0 0 0 0 0 0 1e+18 1e+18 1e+18 1e+18 1e+18 1e+18 1e+18 1e+18 1e+18 1e+18 1e+18 1e+18 1e+18 1e+18 1e+18 1e+18 1e+18 1e+18 1e+18 1e+18 1e+18 1e+18 1e+18 1e+18 1e+18 1e+18 1e+18 1e+18 1e+18 1e+18 1e+18 1e+18 1e+18 1e+18 1e+18 1e+18 1e+18 1e+18 1e+18 1e+18 1e+18 1e+18 1e+18 1e+18 1e+18 1e+18 1e+18 1e+18 1e+18 1e+18 1e+18 1e+18 1e+18 1e+18 1e+18 1e+18 1e+18 1e+18 1e+18 1e+18 1e+18 1e+18 1e+18 1e+18 1e+18 1e+18 1e+18 1e+18 1e+18 1e+18 1e+18 1e+18 1e+18 1e+18 1e+18 1e+18 1e+18 1e+18 1e+18 1e+18 1e+18 1e+18 1e+18 1e+18 1e+18 1e+18 1e+18 1e+18 1e+18 1e+18 1e+18 1e+18 1e+18 1e+18 1e+18 1e+18 1e+18 1e+18 1e+18 1e+18 1e+18 1e+18 1e+18 1e+18 1e+18 1e+18 1e+18 1e+18 1e+18 1e+18 1e+18 1e+18 1e+18 1e+18 1e+18 1e+18 1e+18 1e+18 1e+18 1e+18 1e+18 1e+18 1e+18 1e+18 1e+18 1e+18 1e+18 1e+18 1e+18 1e+18 1e+18 1e+18 1e+18 1e+18 1e+18 1e+18 1e+18 1e+18 1e+18 1e+18 1e+18 1e+18 1e+18 1e+18 1e+18 1e+18 1e+18 1e+18 1e+18 1e+18 1e+18 1e+18 1e+18 1e+18 1e+18 1e+18 1e+18 1e+18 1e+18 1e+18 1e+18 1e+18 1e+18 1e+18 1e+18 1e+18 1e+18 1e+18 1e+18 1e+18 1e+18 1e+18 1e+18 1e+18 1e+18 1e+18 1e+18 1e+18 1e+18 1e+18 1e+18 1e+18 1e+18 1e+18 1e+18 1e+18 1e+18 1e+18 1e+18 1e+18 1e+18 1e+18 1e+18 1e+18 1e+18 1e+18 1e+18 1e+18 1e+18 1e+18 1e+18 1e+18 1e+18 1e+18 1e+18 1e+18 1e+18 1e+18 1e+18 1e+18 1e+18 1e+18 1e+18 1e+18 1e+18 1e+18 1e+18 1e+18 1e+18 1e+18 1e+18 1e+18 1e+18 1e+18 1e+18 1e+18 1e+18 1e+18 1e+18 1e+18 1e+18 1e+18 1e+18 1e+18 1e+18 1e+18 1e+18 1e+18 1e+18 1e+18 1e+18 1e+18 1e+18 1e+18 1e+18 1e+18 1e+18 1e+18 1e+18 1e+18 1e+18 1e+18 1e+18
-0.375885 -0.374286 -0.378049 -0.376618 -0.369145 -0.372028 -0.359345 -0.363324 -0.342668 -0.34869 -0.314983 -0.325087 -0.268048 -0.287822 -0.182391 -0.231061 -0 -0.156319 -0 -0.13274 -0 -0.127143 -0.385262 -0.384171 -0.380678 -0.374096 -0.363182 -0.346064 -0.320495 -0.285416 -0.246615 -0.227894 -0.222658 -0.406039 -0.405292 -0.402903 -0.398423 -0.391066 -0.379742 -0.363385 -0.342157 -0.320266 -0.308002 -0.304304 -0.468582 -0.4681 -0.466566 -0.463697 -0.459015 -0.451889 -0.441795 -0.429078 -0.416369 -0.408781 -0.406407 -0.64732 -0.64701 -0.646023 -0.644181 -0.641186 -0.636659 -0.630319 -0.622464 -0.614735 -0.609977 -0.608458 -1.14043 -1.14022 -1.13954 -1.13827 -1.13622 -1.13312 -1.12883 -1.12355 -1.11841 -1.11519 -1.11415 -2.48826 -2.4881 -2.48759 -2.48663 -2.48508 -2.48276 -2.47954 -2.47562 -2.47182 -2.46941 -2.46863 -6.08602 -6.08589 -6.08547 -6.08469 -6.08342 -6.08153 -6.07891 -6.07573 -6.07266 -6.07071 -6.07007 -15.1048 -15.1047 -15.1043 -15.1037 -15.1026 -15.1009 -15.0987 -15.0959 -15.0933 -15.0916 -15.0911 -35.5913 -35.5912 -35.5909 -35.5903 -35.5893 -35.5878 -35.5858 -35.5833 -35.581 -35.5795 -35.579 -76.8939 -76.8938 -76.8935 -76.8929 -76.892 -76.8907 -76.8888 -76.8865 -76.8844 -76.883 -76.8825 -150.216 -150.216 -150.215 -150.215 -150.214 -150.213 -150.211 -150.209 -150.207 -150.205 -150.205 -264.592 -264.592 -264.592 -264.592 -264.591 -264.59 -264.588 -264.586 -264.584 -264.583 -264.582 -420.93 -420.929 -420.929 -420.929 -420.928 -420.927 -420.925 -420.923 -420.922 -420.92 -420.92 -606.928 -606.928 -606.928 -606.927 -606.927 -606.926 -606.924 -606.922 -606.921 -606.92 -606.919 -797.952 -797.952 -797.952 -797.952 -797.951 -797.95 -797.949 -797.947 -797.946 -797.945 -797.944 -966.533 -966.533 -966.533 -966.533 -966.532 -966.531 -966.53 -966.529 -966.528 -966.527 -966.527 -1094.6 -1094.6 -1094.6 -1094.6 -1094.6 -1094.6 -1094.6 -1094.59 -1094.59 -1094.59 -1094.59 -1178.58 -1178.58 -1178.58 -1178.58 -1178.58 -1178.58 -1178.58 -1178.58 -1178.58 -1178.58 -1178.58 -1225.54 -1225.54 -1225.54 -1225.54 -1225.54 -1225.54 -1225.54 -1225.54 -1225.54 -1225.54 -1225.54 -1246.28 -1246.28 -1246.28 -1246.28 -1246.28 -1246.28 -1246.28 -1246.27 -1246.27 -1246.27 -1246.27 -1250.72 -1250.72 -1250.72 -1250.72 -1250.72 -1250.72 -1250.72 -1250.72 -1250.72 -1250.72 -1250.72 -1245.22 -1245.22 -1245.22 -1245.22 -1245.22 -1245.22 -1245.22 -1245.22 -1245.22 -1245.22 -1245.22 -1221.99 -1221.99 -1221.99 -1221.99 -1221.99 -1221.99 -1221.99 -1221.99 -1221.99 -1221.99 -1221.99 -1170.65 -1170.65 -1170.65 -1170.65 -1170.65 -1170.65 -1170.65 -1170.65 -1170.65 -1170.65 -1170.65 -1080.37 -1080.37 -1080.37 -1080.37 -1080.37 -1080.37 -1080.37 -1080.37 -1080.37 -1080.37 -1080.37 -945.108 -945.108 -945.108 -945.108 -945.107 -945.107 -945.107 -945.107 -945.107 -945.107 -945.107 -770.657 -770.657 -770.657 -770.657 -770.657 -770.657 -770.656 -770.656 -770.656 -770.656 -770.656 -577.481 -577.481 -577.481 -577.481 -577.481 -577.481 -577.481 -577.481 -577.481 -577.481 -577.481 -393.887 -393.887 -393.887 -393.887 -393.887 -393.887 -393.887 -393.887 -393.887 -393.887 -393.887 -243.233 -243.233 -243.233 -243.233 -243.233 -243.233 -243.233 -243.233 -243.233 -243.233 -243.233 -135.559 -135.559 -135.559 -135.559 -135.559 -135.559 -135.559 -135.559 -135.559 -135.559 -135.559 -68.106 -68.106 -68.106 -68.106 -68.106 -68.106 -68.106 -68.106 -68.106 -68.106 -68.106 -30.973 -30.973 -30.973 -30.973 -30.973 -30.973 -30.973 -30.973 -30.973 -30.973 -30.973 -12.9618 -12.9618 -12.9618 -12.9618 -12.9618 -12.9618 -12.9618 -12.9618 -12.9618 -12.9618 -12.9618 -5.18769 -5.18769 -5.18769 -5.18769 -5.18769 -5.18769 -5.18769 -5.18769 -5.18769 -5.18769 -5.18769 -2.12858 -2.12858 -2.12858 -2.12858 -2.12858 -2.12858 -2.12858 -2.12858 -2.12858 -2.12858 -2.12858 -0.984575 -0.984575 -0.984575 -0.984575 -0.984575 -0.984575 -0.984575 -0.984575 -0.984575 -0.984575 -0.984575 -0.55426 -0.55426 -0.55426 -0.55426 -0.55426 -0.55426 -0.55426 -0.55426 -0.55426 -0.55426 -0.55426 -0.376002 -0.376002 -0.376002 -0.376002 -0.376002 -0.376002 -0.376002 -0.376002 -0.376002 -0.376002 -0.376002 -0.277644 -0.277644 -0.277644 -0.277644 -0.277644 -0.277644 -0.277644 -0.277644 -0.277644 -0.277644 -0.277644 -0.192999 -0.192999 -0.192999 -0.192999 -0.192999 -0.192999 -0.192999 -0.192999 -0.192999 -0.192999 -0.192999 -0.0963755 -0.0963755 -0.0963755 -0.0963755 -0.0963755 -0.0963755 -0.0963755 -0.0963755 -0.0963755 -0.0963755 -0.0963755 -0 -0 -0 -0 -0 -0 -0 -0 -0 -0 -0
-1.6e-11 -1.6e-11 -1.6e-11 -1.6e-11 -1.6e-11 -1.6e-11 -1.6e-11 -1.6e-11 -1.6e-11 -1.6e-11 -1.6e-11 -1.6e-11 -1.6e-11 -1.6e-11 -1.6e-11 -1.6e-11 -1.6e-11 -1.6e-11 -1.6e-11 -1.6e-11 -1.6e-11 -1.6e-11 -1.6e-11 -1.6e-11 -1.6e-11 -1.6e-11 -1.6e-11 -1.6e-11 -1.6e-11 -1.6e-11 -1.6e-11 -1.6e-11 -1.6e-11 -1.6e-11 -1.6e-11 -1.6e-11 -1.6e-11 -1.6e-11 -1.6e-11 -1.6e-11 -1.6e-11 -1.6e-11 -1.6e-11 -1.6e-11 -1.6e-11 -1.6e-11 -1.6e-11 -1.6e-11 -1.6e-11 -1.6e-11 -1.6e-11 -1.6e-11 -1.6e-11 -1.6e-11 -1.6e-11 -1.6e-11 -1.6e-11 -1.6e-11 -1.6e-11 -1.6e-11 -1.6e-11 -1.6e-11 -1.6e-11 -1.6e-11 -1.6e-11 -1.6e-11 -1.6e-11 -1.6e-11 -1.6e-11 -1.6e-11 -1.6e-11 -1.6e-11 -1.6e-11 -1.6e-11 -1.6e-11 -1.6e-11 -1.6e-11 -1.6e-11 -1.6e-11 -1.6e-11 -1.6e-11 -1.6e-11 -1.6e-11 -1.6e-11 -1.6e-11 -1.6e-11 -1.6e-11 -1.6e-11 -1.59998e-11 -1.59998e-11 -1.59998e-11 -1.59998e-11 -1.59998e-11 -1.59998e-11 -1.59998e-11 -1.59998e-11 -1.59998e-11 -1.59998e-11 -1.59998e-11 -1.59988e-11 -1.59988e-11 -1.59988e-11 -1.59988e-11 -1.59988e-11 -1.59988e-11 -1.59988e-11 -1.59988e-11 -1.59988e-11 -1.59988e-11 -1.59988e-11 -1.59935e-11 -1.59935e-11 -1.59935e-11 -1.59935e-11 -1.59935e-11 -1.59935e-11 -1.59935e-11 -1.59935e-11 -1.59935e-11 -1.59935e-11 -1.59935e-11 -1.59697e-11 -1.59697e-11 -1.59697e-11 -1.59697e-11 -1.59697e-11 -1.59697e-11 -1.59697e-11 -1.59697e-11 -1.59697e-11 -1.59697e-11 -1.59697e-11 -1.58843e-11 -1.58843e-11 -1.58843e-11 -1.58843e-11 -1.58843e-11 -1.58843e-11 -1.58843e-11 -1.58843e-11 -1.58843e-11 -1.58843e-11 -1.58843e-11 -1.56398e-11 -1.56398e-11 -1.56398e-11 -1.56398e-11 -1.56398e-11 -1.56398e-11 -1.56398e-11 -1.56398e-11 -1.56398e-11 -1.56398e-11 -1.56398e-11 -1.50801e-11 -1.50801e-11 -1.50801e-11 -1.50801e-11 -1.50801e-11 -1.50801e-11 -1.50801e-11 -1.50801e-11 -1.50801e-11 -1.50801e-11 -1.50801e-11 -1.40528e-11 -1.40528e-11 -1.40528e-11 -1.40528e-11 -1.40528e-11 -1.40528e-11 -1.40528e-11 -1.40528e-11 -1.40528e-11 -1.40528e-11 -1.40528e-11 -1.2532e-11 -1.2532e-11 -1.2532e-11 -1.2532e-11 -1.2532e-11 -1.2532e-11 -1.2532e-11 -1.25321e-11 -1.25321e-11 -1.25321e-11 -1.25321e-11 -1.06886e-11 -1.06886e-11 -1.06886e-11 -1.06886e-11 -1.06886e-11 -1.06886e-11 -1.06886e-11 -1.06886e-11 -1.06886e-11 -1.06886e-11 -1.06886e-11 -8.80687e-12 -8.80687e-12 -8.80687e-12 -8.80687e-12 -8.80687e-12 -8.80688e-12 -8.80688e-12 -8.80689e-12 -8.80689e-12 -8.8069e-12 -8.8069e-12 -7.12601e-12 -7.12601e-12 -7.12601e-12 -7.12601e-12 -7.12602e-12 -7.12602e-12 -7.12602e-12 -7.12603e-12 -7.12603e-12 -7.12604e-12 -7.12604e-12 -5.75714e-12 -5.75714e-12 -5.75714e-12 -5.75714e-12 -5.75714e-12 -5.75714e-12 -5.75715e-12 -5.75715e-12 -5.75716e-12 -5.75716e-12 -5.75716e-12 -4.70361e-12 -4.70361e-12 -4.70361e-12 -4.70361e-12 -4.70361e-12 -4.70362e-12 -4.70362e-12 -4.70362e-12 -4.70363e-12 -4.70363e-12 -4.70363e-12 -4.03791e-12 -4.03791e-12 -4.03791e-12 -4.03791e-12 -4.03791e-12 -4.03791e-12 -4.03791e-12 -4.03792e-12 -4.03792e-12 -4.03792e-12 -4.03792e-12 -3.28466e-12 -3.28466e-12 -3.28466e-12 -3.28466e-12 -3.28466e-12 -3.28467e-12 -3.28467e-12 -3.28467e-12 -3.28467e-12 -3.28468e-12 -3.28468e-12 -2.47638e-12 -2.47639e-12 -2.47639e-12 -2.47639e-12 -2.47639e-12 -2.47639e-12 -2.47639e-12 -2.47639e-12 -2.47639e-12 -2.4764e-12 -2.4764e-12 -1.67922e-12 -1.67922e-12 -1.67922e-12 -1.67922e-12 -1.67922e-12 -1.67922e-12 -1.67922e-12 -1.67922e-12 -1.67922e-12 -1.67922e-12 -1.67922e-12 -9.84676e-13 -9.84676e-13 -9.84676e-13 -9.84676e-13 -9.84676e-13 -9.84677e-13 -9.84678e-13 -9.84678e-13 -9.84679e-13 -9.8468e-13 -9.8468e-13 -4.76191e-13 -4.76191e-13 -4.76191e-13 -4.76191e-13 -4.76191e-13 -4.76191e-13 -4.76192e-13 -4.76192e-13 -4.76192e-13 -4.76192e-13 -4.76193e-13 -1.80457e-13 -1.80457e-13 -1.80457e-13 -1.80457e-13 -1.80457e-13 -1.80457e-13 -1.80458e-13 -1.80458e-13 -1.80458e-13 -1.80458e-13 -1.80458e-13 -5.10668e-14 -5.10668e-14 -5.10668e-14 -5.10668e-14 -5.10668e-14 -5.10669e-14 -5.10669e-14 -5.10669e-14 -5.10669e-14 -5.10669e-14 -5.1067e-14 -1.03628e-14 -1.03628e-14 -1.03628e-14 -1.03628e-14 -1.03628e-14 -1.03628e-14 -1.03628e-14 -1.03628e-14 -1.03628e-14 -1.03628e-14 -1.03628e-14 -1.4597e-15 -1.4597e-15 -1.4597e-15 -1.4597e-15 -1.4597e-15 -1.4597e-15 -1.4597e-15 -1.4597e-15 -1.45971e-15 -1.45971e-15 -1.45971e-15 -1.39127e-16 -1.39127e-16 -1.39127e-16 -1.39127e-16 -1.39127e-16 -1.39127e-16 -1.39127e-16 -1.39127e-16 -1.39128e-16 -1.39128e-16 -1.39128e-16 -8.84766e-18 -8.84766e-18 -8.84766e-18 -8.84766e-18 -8.84766e-18 -8.84766e-18 -8.84766e-18 -8.84766e-18 -8.84766e-18 -8.84766e-18 -8.84766e-18 -3.80361e-19 -3.80361e-19 -3.80361e-19 -3.80361e-19 -3.80361e-19 -3.80361e-19 -3.80361e-19 -3.80362e-19 -3.80362e-19 -3.80362e-19 -3.80362e-19 -1.18501e-20 -1.18501e-20 -1.18501e-20 -1.18501e-20 -1.18501e-20 -1.18501e-20 -1.18501e-20 -1.18501e-20 -1.18501e-20 -1.18501e-20 -1.18501e-20 -3.16881e-22 -3.16881e-22 -3.16881e-22 -3.16881e-22 -3.16881e-22 -3.16881e-22 -3.16881e-22 -3.16881e-22 -3.16882e-22 -3.16882e-22 -3.16882e-22 -9.92597e-24 -9.92597e-24 -9.92597e-24 -9.92597e-24 -9.92597e-24 -9.92597e-24 -9.92597e-24 -9.92597e-24 -9.92597e-24 -9.92597e-24 -9.92597e-24 -5.55471e-25 -5.55471e-25 -5.55471e-25 -5.55471e-25 -5.55471e-25 -5.55471e-25 -5.55471e-25 -5.55471e-25 -5.55471e-25 -5.55471e-25 -5.55471e-25 -7.63687e-26 -7.63687e-26 -7.63687e-26 -7.63687e-26 -7.63687e-26 -7.63687e-26 -7.63687e-26 -7.63687e-26 -7.63687e-26 -7.63687e-26 -7.63687e-26 -2.45685e-26 -2.45685e-26 -2.45685e-26 -2.45685e-26 -2.45685e-26 -2.45685e-26 -2.45685e-26 -2.45685e-26 -2.45685e-26 -2.45685e-26 -2.45685e-26 -1.30541e-26 -1.30541e-26 -1.30541e-26 -1.30541e-26 -1.30541e-26 -1.30541e-26 -1.30541e-26 -1.30541e-26 -1.30541e-26 -1.30541e-26 -1.30541e-26 -7.92936e-27 -7.92936e-27 -7.92936e-27 -7.92936e-27 -7.92936e-27 -7.92936e-27 -7.92936e-27 -7.92936e-27 -7.92936e-27 -7.92936e-27 -7.92936e-27 -4.11963e-27 -4.11963e-27 -4.11963e-27 -4.11963e-27 -4.11963e-27 -4.11963e-27 -4.11963e-27 -4.11963e-27 -4.11963e-27 -4.11963e-27 -4.11963e-27 -1.6e-27 -1.6e-27 -1.6e-27 -1.6e-27 -1.6e-27 -1.6e-27 -1.6e-27 -1.6e-27 -1.6e-27 -1.6e-27 -1.6e-27
-1.79653e-26 -1.78583e-26 -1.81648e-26 -1.80683e-26 -1.75162e-26 -1.77606e-26 -1.68734e-26 -1.71842e-26 -1.58072e-26 -1.62365e-26 -1.41139e-26 -1.47647e-26 -1.14623e-26 -1.25834e-26 -7.33323e-27 -9.59549e-27 -1.6e-27 -6.27753e-27 -1.6e-27 -5.3765e-27 -1.6e-27 -5.17285e-27 -1.90364e-26 -1.89602e-26 -1.87176e-26 -1.82647e-26 -1.75258e-26 -1.63978e-26 -1.47826e-26 -1.27029e-26 -1.0586e-26 -9.63365e-27 -9.37532e-27 -2.23646e-26 -2.23055e-26 -2.21174e-26 -2.17668e-26 -2.1197e-26 -2.03348e-26 -1.9121e-26 -1.76013e-26 -1.61001e-26 -1.52883e-26 -1.50476e-26 -3.61592e-26 -3.61039e-26 -3.59277e-26 -3.55994e-26 -3.50669e-26 -3.42642e-26 -3.3143e-26 -3.17571e-26 -3.04016e-26 -2.96064e-26 -2.93597e-26 -1.12623e-25 -1.12537e-25 -1.12261e-25 -1.11749e-25 -1.10918e-25 -1.09668e-25 -1.0793e-25 -1.05795e-25 -1.03715e-25 -1.02445e-25 -1.02041e-25 -9.01839e-25 -9.01543e-25 -9.00601e-25 -8.98846e-25 -8.96003e-25 -8.91735e-25 -8.85816e-25 -8.78581e-25 -8.71553e-25 -8.67167e-25 -8.65754e-25 -1.7762e-23 -1.77598e-23 -1.77529e-23 -1.77401e-23 -1.77193e-23 -1.76882e-23 -1.76452e-23 -1.75928e-23 -1.7542e-23 -1.75099e-23 -1.74995e-23 -5.90589e-22 -5.90564e-22 -5.90484e-22 -5.90336e-22 -5.90097e-22 -5.89738e-22 -5.89244e-22 -5.88644e-22 -5.88064e-22 -5.87696e-22 -5.87575e-22 -2.17236e-20 -2.17233e-20 -2.17222e-20 -2.17203e-20 -2.17172e-20 -2.17125e-20 -2.17061e-20 -2.16983e-20 -2.16908e-20 -2.1686e-20 -2.16844e-20 -6.61749e-19 -6.61745e-19 -6.61733e-19 -6.6171e-19 -6.61673e-19 -6.61619e-19 -6.61544e-19 -6.61453e-19 -6.61366e-19 -6.61309e-19 -6.61291e-19 -1.4369e-17 -1.4369e-17 -1.43688e-17 -1.43686e-17 -1.43683e-17 -1.43678e-17 -1.43671e-17 -1.43662e-17 -1.43654e-17 -1.43649e-17 -1.43647e-17 -2.09972e-16 -2.09972e-16 -2.09971e-16 -2.09969e-16 -2.09967e-16 -2.09963e-16 -2.09958e-16 -2.09952e-16 -2.09947e-16 -2.09943e-16 -2.09942e-16 -2.05091e-15 -2.05091e-15 -2.0509e-15 -2.0509e-15 -2.05088e-15 -2.05086e-15 -2.05084e-15 -2.05081e-15 -2.05078e-15 -2.05076e-15 -2.05075e-15 -1.36178e-14 -1.36177e-14 -1.36177e-14 -1.36177e-14 -1.36177e-14 -1.36176e-14 -1.36175e-14 -1.36174e-14 -1.36172e-14 -1.36172e-14 -1.36171e-14 -6.31473e-14 -6.31473e-14 -6.31473e-14 -6.31472e-14 -6.3147e-14 -6.31468e-14 -6.31465e-14 -6.31461e-14 -6.31458e-14 -6.31455e-14 -6.31455e-14 -2.11544e-13 -2.11544e-13 -2.11544e-13 -2.11544e-13 -2.11543e-13 -2.11543e-13 -2.11542e-13 -2.11541e-13 -2.11541e-13 -2.1154e-13 -2.1154e-13 -5.33866e-13 -5.33866e-13 -5.33866e-13 -5.33866e-13 -5.33865e-13 -5.33864e-13 -5.33863e-13 -5.33861e-13 -5.3386e-13 -5.33859e-13 -5.33859e-13 -1.06577e-12 -1.06577e-12 -1.06577e-12 -1.06577e-12 -1.06577e-12 -1.06577e-12 -1.06577e-12 -1.06577e-12 -1.06577e-12 -1.06576e-12 -1.06576e-12 -1.77034e-12 -1.77034e-12 -1.77034e-12 -1.77034e-12 -1.77034e-12 -1.77034e-12 -1.77033e-12 -1.77033e-12 -1.77033e-12 -1.77033e-12 -1.77033e-12 -2.56191e-12 -2.56191e-12 -2.56191e-12 -2.56191e-12 -2.56191e-12 -2.5619e-12 -2.5619e-12 -2.5619e-12 -2.5619e-12 -2.56189e-12 -2.56189e-12 -3.35336e-12 -3.35336e-12 -3.35336e-12 -3.35336e-12 -3.35336e-12 -3.35336e-12 -3.35336e-12 -3.35335e-12 -3.35335e-12 -3.35335e-12 -3.35335e-12 -3.96227e-12 -3.96227e-12 -3.96227e-12 -3.96227e-12 -3.96227e-12 -3.96227e-12 -3.96227e-12 -3.96226e-12 -3.96226e-12 -3.96226e-12 -3.96226e-12 -4.78575e-12 -4.78575e-12 -4.78575e-12 -4.78575e-12 -4.78575e-12 -4.78575e-12 -4.78575e-12 -4.78574e-12 -4.78574e-12 -4.78574e-12 -4.78574e-12 -5.88716e-12 -5.88716e-12 -5.88716e-12 -5.88716e-12 -5.88716e-12 -5.88715e-12 -5.88715e-12 -5.88715e-12 -5.88714e-12 -5.88714e-12 -5.88714e-12 -7.31245e-12 -7.31245e-12 -7.31245e-12 -7.31245e-12 -7.31245e-12 -7.31245e-12 -7.31244e-12 -7.31244e-12 -7.31244e-12 -7.31244e-12 -7.31243e-12 -9.04621e-12 -9.04621e-12 -9.04621e-12 -9.04621e-12 -9.04621e-12 -9.04621e-12 -9.0462e-12 -9.0462e-12 -9.0462e-12 -9.0462e-12 -9.0462e-12 -1.09557e-11 -1.09557e-11 -1.09557e-11 -1.09557e-11 -1.09557e-11 -1.09557e-11 -1.09557e-11 -1.09557e-11 -1.09557e-11 -1.09557e-11 -1.09557e-11 -1.2782e-11 -1.2782e-11 -1.2782e-11 -1.2782e-11 -1.2782e-11 -1.2782e-11 -1.2782e-11 -1.2782e-11 -1.2782e-11 -1.2782e-11 -1.2782e-11 -1.42432e-11 -1.42432e-11 -1.42432e-11 -1.42432e-11 -1.42432e-11 -1.42432e-11 -1.42432e-11 -1.42432e-11 -1.42432e-11 -1.42432e-11 -1.42432e-11 -1.5196e-11 -1.5196e-11 -1.5196e-11 -1.5196e-11 -1.5196e-11 -1.5196e-11 -1.5196e-11 -1.5196e-11 -1.5196e-11 -1.5196e-11 -1.5196e-11 -1.56958e-11 -1.56958e-11 -1.56958e-11 -1.56958e-11 -1.56958e-11 -1.56958e-11 -1.56958e-11 -1.56958e-11 -1.56958e-11 -1.56958e-11 -1.56958e-11 -1.59058e-11 -1.59058e-11 -1.59058e-11 -1.59058e-11 -1.59058e-11 -1.59058e-11 -1.59058e-11 -1.59058e-11 -1.59058e-11 -1.59058e-11 -1.59058e-11 -1.59762e-11 -1.59762e-11 -1.59762e-11 -1.59762e-11 -1.59762e-11 -1.59762e-11 -1.59762e-11 -1.59762e-11 -1.59762e-11 -1.59762e-11 -1.59762e-11 -1.59951e-11 -1.59951e-11 -1.59951e-11 -1.59951e-11 -1.59951e-11 -1.59951e-11 -1.59951e-11 -1.59951e-11 -1.59951e-11 -1.59951e-11 -1.59951e-11 -1.59991e-11 -1.59991e-11 -1.59991e-11 -1.59991e-11 -1.59991e-11 -1.59991e-11 -1.59991e-11 -1.59991e-11 -1.59991e-11 -1.59991e-11 -1.59991e-11 -1.59999e-11 -1.59999e-11 -1.59999e-11 -1.59999e-11 -1.59999e-11 -1.59999e-11 -1.59999e-11 -1.59999e-11 -1.59999e-11 -1.59999e-11 -1.59999e-11 -1.6e-11 -1.6e-11 -1.6e-11 -1.6e-11 -1.6e-11 -1.6e-11 -1.6e-11 -1.6e-11 -1.6e-11 -1.6e-11 -1.6e-11 -1.6e-11 -1.6e-11 -1.6e-11 -1.6e-11 -1.6e-11 -1.6e-11 -1.6e-11 -1.6e-11 -1.6e-11 -1.6e-11 -1.6e-11 -1.6e-11 -1.6e-11 -1.6e-11 -1.6e-11 -1.6e-11 -1.6e-11 -1.6e-11 -1.6e-11 -1.6e-11 -1.6e-11 -1.6e-11 -1.6e-11 -1.6e-11 -1.6e-11 -1.6e-11 -1.6e-11 -1.6e-11 -1.6e-11 -1.6e-11 -1.6e-11 -1.6e-11 -1.6e-11 -1.6e-11 -1.6e-11 -1.6e-11 -1.6e-11 -1.6e-11 -1.6e-11 -1.6e-11 -1.6e-11 -1.6e-11 -1.6e-11 -1.6e-11 -1.6e-11 -1.6e-11 -1.6e-11 -1.6e-11 -1.6e-11 -1.6e-11 -1.6e-11 -1.6e-11 -1.6e-11 -1.6e-11 -1.6e-11 -1.6e-11 -1.6e-11 -1.6e-11 -1.6e-11 -1.6e-11 -1.6e-11 -1.6e-11 -1.6e-11 -1.6e-11 -1.6e-11 -1.6e-11 -1.6e-11 -1.6e-11 -1.6e-11 -1.6e-11 -1.6e-11 -1.6e-11 -1.6e-11 -1.6e-11 -1.6e-11 -1.6e-11 -1.6e-11
2.34928e+10 2.33929e+10 2.36281e+10 2.35386e+10 2.30715e+10 2.32518e+10 2.24591e+10 2.27078e+10 2.14168e+10 2.17931e+10 1.96865e+10 2.03179e+10 1.6753e+10 1.79889e+10 1.13995e+10 1.44413e+10 100 9.76995e+09 100 8.29628e+09 100 7.94643e+09 2.40789e+10 2.40107e+10 2.37924e+10 2.3381e+10 2.26989e+10 2.1629e+10 2.00309e+10 1.78385e+10 1.54134e+10 1.42434e+10 1.39161e+10 2.53775e+10 2.53307e+10 2.51814e+10 2.49014e+10 2.44417e+10 2.37339e+10 2.27116e+10 2.13848e+10 2.00166e+10 1.92501e+10 1.9019e+10 2.92863e+10 2.92563e+10 2.91604e+10 2.89811e+10 2.86884e+10 2.8243e+10 2.76122e+10 2.68174e+10 2.6023e+10 2.55488e+10 2.54004e+10 4.04575e+10 4.04382e+10 4.03764e+10 4.02613e+10 4.00741e+10 3.97912e+10 3.93949e+10 3.8904e+10 3.8421e+10 3.81236e+10 3.80287e+10 7.12769e+10 7.12635e+10 7.1221e+10 7.11419e+10 7.10135e+10 7.08203e+10 7.05516e+10 7.0222e+10 6.99005e+10 6.96992e+10 6.96342e+10 1.55517e+11 1.55507e+11 1.55475e+11 1.55415e+11 1.55318e+11 1.55173e+11 1.54972e+11 1.54727e+11 1.54489e+11 1.54338e+11 1.54289e+11 3.80379e+11 3.80371e+11 3.80344e+11 3.80295e+11 3.80216e+11 3.80098e+11 3.79934e+11 3.79736e+11 3.79544e+11 3.79422e+11 3.79382e+11 9.44087e+11 9.4408e+11 9.44057e+11 9.44015e+11 9.43946e+11 9.43844e+11 9.43702e+11 9.43532e+11 9.43367e+11 9.43262e+11 9.43227e+11 2.22491e+12 2.22491e+12 2.22489e+12 2.22485e+12 2.22479e+12 2.22469e+12 2.22457e+12 2.22441e+12 2.22427e+12 2.22417e+12 2.22414e+12 4.81044e+12 4.81043e+12 4.81041e+12 4.81038e+12 4.81032e+12 4.81023e+12 4.81012e+12 4.80998e+12 4.80984e+12 4.80975e+12 4.80972e+12 9.42265e+12 9.42264e+12 9.42262e+12 9.42259e+12 9.42253e+12 9.42245e+12 9.42234e+12 9.42221e+12 9.42208e+12 9.422e+12 9.42197e+12 1.67265e+13 1.67265e+13 1.67265e+13 1.67265e+13 1.67264e+13 1.67263e+13 1.67262e+13 1.67261e+13 1.6726e+13 1.67259e+13 1.67259e+13 2.7099e+13 2.7099e+13 2.70989e+13 2.70989e+13 2.70989e+13 2.70988e+13 2.70987e+13 2.70986e+13 2.70984e+13 2.70984e+13 2.70983e+13 4.04765e+13 4.04765e+13 4.04765e+13 4.04764e+13 4.04764e+13 4.04763e+13 4.04762e+13 4.04761e+13 4.0476e+13 4.04759e+13 4.04759e+13 5.63529e+13 5.63529e+13 5.63529e+13 5.63528e+13 5.63528e+13 5.63527e+13 5.63526e+13 5.63525e+13 5.63524e+13 5.63523e+13 5.63523e+13 7.39112e+13 7.39112e+13 7.39112e+13 7.39111e+13 7.39111e+13 7.3911e+13 7.39109e+13 7.39108e+13 7.39107e+13 7.39106e+13 7.39105e+13 9.22147e+13 9.22147e+13 9.22147e+13 9.22147e+13 9.22146e+13 9.22145e+13 9.22144e+13 9.22143e+13 9.22142e+13 9.22141e+13 9.22141e+13 1.10382e+14 1.10382e+14 1.10382e+14 1.10382e+14 1.10382e+14 1.10382e+14 1.10381e+14 1.10381e+14 1.10381e+14 1.10381e+14 1.10381e+14 1.27699e+14 1.27699e+14 1.27699e+14 1.27699e+14 1.27699e+14 1.27699e+14 1.27699e+14 1.27699e+14 1.27699e+14 1.27699e+14 1.27699e+14 1.43669e+14 1.43669e+14 1.43669e+14 1.43669e+14 1.43669e+14 1.43669e+14 1.43669e+14 1.43669e+14 1.43669e+14 1.43669e+14 1.43669e+14 1.55615e+14 1.55615e+14 1.55615e+14 1.55615e+14 1.55615e+14 1.55615e+14 1.55615e+14 1.55614e+14 1.55614e+14 1.55614e+14 1.55614e+14 1.7178e+14 1.7178e+14 1.7178e+14 1.7178e+14 1.7178e+14 1.71779e+14 1.71779e+14 1.71779e+14 1.71779e+14 1.71779e+14 1.71779e+14 1.94148e+14 1.94148e+14 1.94148e+14 1.94148e+14 1.94147e+14 1.94147e+14 1.94147e+14 1.94147e+14 1.94147e+14 1.94147e+14 1.94147e+14 2.25867e+14 2.25867e+14 2.25867e+14 2.25867e+14 2.25867e+14 2.25867e+14 2.25867e+14 2.25867e+14 2.25867e+14 2.25867e+14 2.25867e+14 2.72216e+14 2.72216e+14 2.72216e+14 2.72216e+14 2.72216e+14 2.72215e+14 2.72215e+14 2.72215e+14 2.72215e+14 2.72215e+14 2.72215e+14 3.42446e+14 3.42446e+14 3.42446e+14 3.42446e+14 3.42445e+14 3.42445e+14 3.42445e+14 3.42445e+14 3.42445e+14 3.42445e+14 3.42445e+14 4.53622e+14 4.53622e+14 4.53622e+14 4.53622e+14 4.53622e+14 4.53622e+14 4.53622e+14 4.53622e+14 4.53621e+14 4.53621e+14 4.53621e+14 6.39031e+14 6.39031e+14 6.39031e+14 6.39031e+14 6.39031e+14 6.39031e+14 6.3903e+14 6.3903e+14 6.3903e+14 6.3903e+14 6.3903e+14 9.67711e+14 9.67711e+14 9.67711e+14 9.67711e+14 9.67711e+14 9.67711e+14 9.6771e+14 9.6771e+14 9.6771e+14 9.6771e+14 9.6771e+14 1.59263e+15 1.59263e+15 1.59263e+15 1.59263e+15 1.59263e+15 1.59263e+15 1.59263e+15 1.59263e+15 1.59263e+15 1.59262e+15 1.59262e+15 2.87656e+15 2.87656e+15 2.87656e+15 2.87656e+15 2.87656e+15 2.87656e+15 2.87656e+15 2.87656e+15 2.87656e+15 2.87656e+15 2.87656e+15 5.73759e+15 5.73759e+15 5.73759e+15 5.73759e+15 5.73759e+15 5.73759e+15 5.73759e+15 5.73759e+15 5.73759e+15 5.73759e+15 5.73759e+15 1.26201e+16 1.26201e+16 1.26201e+16 1.26201e+16 1.26201e+16 1.26201e+16 1.26201e+16 1.26201e+16 1.26201e+16 1.26201e+16 1.26201e+16 3.0135e+16 3.0135e+16 3.0135e+16 3.0135e+16 3.0135e+16 3.0135e+16 3.0135e+16 3.0135e+16 3.0135e+16 3.0135e+16 3.0135e+16 7.51031e+16 7.51031e+16 7.51031e+16 7.51031e+16 7.51031e+16 7.51031e+16 7.51031e+16 7.51031e+16 7.51031e+16 7.51031e+16 7.51031e+16 1.81602e+17 1.81602e+17 1.81602e+17 1.81602e+17 1.81602e+17 1.81602e+17 1.81602e+17 1.81602e+17 1.81602e+17 1.81602e+17 1.81602e+17 3.83931e+17 3.83931e+17 3.83931e+17 3.83931e+17 3.83931e+17 3.83931e+17 3.83931e+17 3.83931e+17 3.83931e+17 3.83931e+17 3.83931e+17 6.46157e+17 6.46157e+17 6.46157e+17 6.46157e+17 6.46157e+17 6.46157e+17 6.46157e+17 6.46157e+17 6.46157e+17 6.46157e+17 6.46157e+17 8.54904e+17 8.54904e+17 8.54904e+17 8.54904e+17 8.54904e+17 8.54904e+17 8.54904e+17 8.54904e+17 8.54904e+17 8.54904e+17 8.54904e+17 9.57609e+17 9.57609e+17 9.57609e+17 9.57609e+17 9.57609e+17 9.57609e+17 9.57609e+17 9.57609e+17 9.57609e+17 9.57609e+17 9.57609e+17 9.91047e+17 9.91047e+17 9.91047e+17 9.91047e+17 9.91047e+17 9.91047e+17 9.91047e+17 9.91047e+17 9.91047e+17 9.91047e+17 9.91047e+17 9.9859e+17 9.9859e+17 9.9859e+17 9.9859e+17 9.9859e+17 9.9859e+17 9.9859e+17 9.9859e+17 9.9859e+17 9.9859e+17 9.9859e+17 1e+18 1e+18 1e+18 1e+18 1e+18 1e+18 1e+18 1e+18 1e+18 1e+18 1e+18
4.97147e+08 4.95213e+08 5.00249e+08 4.9854e+08 4.88952e+08 4.93017e+08 4.76862e+08 4.82406e+08 4.5593e+08 4.64255e+08 4.20505e+08 4.34415e+08 3.59259e+08 3.86391e+08 2.45483e+08 3.11976e+08 100 2.12719e+08 100 1.81785e+08 100 1.74516e+08 5.12298e+08 5.11034e+08 5.06959e+08 4.99176e+08 4.86041e+08 4.65025e+08 4.32989e+08 3.88222e+08 3.38042e+08 3.14149e+08 3.07539e+08 5.52598e+08 5.5177e+08 5.49104e+08 5.44037e+08 5.35561e+08 5.22238e+08 5.02573e+08 4.76535e+08 4.49312e+08 4.3427e+08 4.29789e+08 6.85731e+08 6.85221e+08 6.83583e+08 6.80477e+08 6.75311e+08 6.67276e+08 6.55632e+08 6.40646e+08 6.25456e+08 6.16516e+08 6.13754e+08 1.10851e+09 1.10819e+09 1.10716e+09 1.1052e+09 1.10196e+09 1.09695e+09 1.08976e+09 1.08066e+09 1.07158e+09 1.06607e+09 1.06433e+09 2.46755e+09 2.46733e+09 2.46661e+09 2.46525e+09 2.463e+09 2.45953e+09 2.45459e+09 2.4484e+09 2.44227e+09 2.43849e+09 2.43728e+09 6.94514e+09 6.94496e+09 6.9444e+09 6.94335e+09 6.94161e+09 6.93894e+09 6.93515e+09 6.93042e+09 6.92577e+09 6.92287e+09 6.92194e+09 2.14002e+10 2.14001e+10 2.13996e+10 2.13987e+10 2.13973e+10 2.1395e+10 2.13919e+10 2.1388e+10 2.13841e+10 2.13817e+10 2.13809e+10 6.44549e+10 6.44548e+10 6.44544e+10 6.44536e+10 6.44523e+10 6.44503e+10 6.44476e+10 6.44441e+10 6.44408e+10 6.44387e+10 6.4438e+10 1.77816e+11 1.77816e+11 1.77816e+11 1.77815e+11 1.77814e+11 1.77812e+11 1.7781e+11 1.77807e+11 1.77804e+11 1.77802e+11 1.77801e+11 4.36506e+11 4.36506e+11 4.36505e+11 4.36505e+11 4.36504e+11 4.36502e+11 4.365e+11 4.36497e+11 4.36494e+11 4.36492e+11 4.36491e+11 9.46844e+11 9.46844e+11 9.46844e+11 9.46843e+11 9.46842e+11 9.4684e+11 9.46838e+11 9.46835e+11 9.46832e+11 9.46831e+11 9.4683e+11 1.82412e+12 1.82412e+12 1.82412e+12 1.82412e+12 1.82412e+12 1.82412e+12 1.82412e+12 1.82411e+12 1.82411e+12 1.82411e+12 1.82411e+12 3.15576e+12 3.15576e+12 3.15576e+12 3.15576e+12 3.15576e+12 3.15576e+12 3.15576e+12 3.15576e+12 3.15575e+12 3.15575e+12 3.15575e+12 4.96829e+12 4.96829e+12 4.96829e+12 4.96829e+12 4.96829e+12 4.96829e+12 4.96829e+12 4.96828e+12 4.96828e+12 4.96828e+12 4.96828e+12 7.21509e+12 7.21509e+12 7.21509e+12 7.21509e+12 7.21509e+12 7.21508e+12 7.21508e+12 7.21508e+12 7.21508e+12 7.21507e+12 7.21507e+12 9.78864e+12 9.78864e+12 9.78864e+12 9.78864e+12 9.78864e+12 9.78864e+12 9.78863e+12 9.78863e+12 9.78863e+12 9.78863e+12 9.78862e+12 1.25483e+13 1.25483e+13 1.25483e+13 1.25483e+13 1.25483e+13 1.25483e+13 1.25483e+13 1.25483e+13 1.25483e+13 1.25483e+13 1.25483e+13 1.53504e+13 1.53504e+13 1.53504e+13 1.53504e+13 1.53504e+13 1.53504e+13 1.53504e+13 1.53504e+13 1.53504e+13 1.53504e+13 1.53504e+13 1.80708e+13 1.80708e+13 1.80708e+13 1.80708e+13 1.80708e+13 1.80708e+13 1.80708e+13 1.80708e+13 1.80708e+13 1.80708e+13 1.80708e+13 2.06166e+13 2.06166e+13 2.06166e+13 2.06166e+13 2.06166e+13 2.06166e+13 2.06166e+13 2.06166e+13 2.06166e+13 2.06166e+13 2.06166e+13 2.25418e+13 2.25418e+13 2.25418e+13 2.25418e+13 2.25418e+13 2.25418e+13 2.25418e+13 2.25418e+13 2.25418e+13 2.25418e+13 2.25418e+13 2.51746e+13 2.51746e+13 2.51746e+13 2.51746e+13 2.51746e+13 2.51746e+13 2.51746e+13 2.51746e+13 2.51746e+13 2.51746e+13 2.51746e+13 2.88687e+13 2.88687e+13 2.88687e+13 2.88687e+13 2.88687e+13 2.88687e+13 2.88687e+13 2.88687e+13 2.88687e+13 2.88687e+13 2.88687e+13 3.4199e+13 3.4199e+13 3.4199e+13 3.4199e+13 3.4199e+13 3.4199e+13 3.4199e+13 3.4199e+13 3.4199e+13 3.4199e+13 3.4199e+13 4.21585e+13 4.21585e+13 4.21585e+13 4.21585e+13 4.21585e+13 4.21585e+13 4.21584e+13 4.21584e+13 4.21584e+13 4.21584e+13 4.21584e+13 5.4551e+13 5.4551e+13 5.4551e+13 5.4551e+13 5.4551e+13 5.4551e+13 5.4551e+13 5.45509e+13 5.45509e+13 5.45509e+13 5.45509e+13 7.48468e+13 7.48468e+13 7.48468e+13 7.48468e+13 7.48468e+13 7.48467e+13 7.48467e+13 7.48467e+13 7.48467e+13 7.48467e+13 7.48467e+13 1.10166e+14 1.10166e+14 1.10166e+14 1.10166e+14 1.10166e+14 1.10166e+14 1.10166e+14 1.10166e+14 1.10166e+14 1.10166e+14 1.10166e+14 1.76208e+14 1.76208e+14 1.76208e+14 1.76208e+14 1.76208e+14 1.76208e+14 1.76208e+14 1.76208e+14 1.76208e+14 1.76208e+14 1.76208e+14 3.10474e+14 3.10474e+14 3.10474e+14 3.10474e+14 3.10474e+14 3.10474e+14 3.10474e+14 3.10474e+14 3.10474e+14 3.10474e+14 3.10474e+14 6.10565e+14 6.10565e+14 6.10565e+14 6.10565e+14 6.10565e+14 6.10565e+14 6.10565e+14 6.10565e+14 6.10565e+14 6.10565e+14 6.10565e+14 1.35404e+15 1.35404e+15 1.35404e+15 1.35404e+15 1.35404e+15 1.35404e+15 1.35404e+15 1.35404e+15 1.35404e+15 1.35404e+15 1.35404e+15 3.39833e+15 3.39833e+15 3.39833e+15 3.39833e+15 3.39833e+15 3.39833e+15 3.39833e+15 3.39833e+15 3.39833e+15 3.39833e+15 3.39833e+15 9.55652e+15 9.55652e+15 9.55652e+15 9.55652e+15 9.55652e+15 9.55652e+15 9.55652e+15 9.55652e+15 9.55652e+15 9.55652e+15 9.55652e+15 2.91004e+16 2.91004e+16 2.91004e+16 2.91004e+16 2.91004e+16 2.91004e+16 2.91004e+16 2.91004e+16 2.91004e+16 2.91004e+16 2.91004e+16 8.92021e+16 8.92021e+16 8.92021e+16 8.92021e+16 8.92021e+16 8.92021e+16 8.92021e+16 8.92021e+16 8.92021e+16 8.92021e+16 8.92021e+16 2.43622e+17 2.43622e+17 2.43622e+17 2.43622e+17 2.43622e+17 2.43622e+17 2.43622e+17 2.43622e+17 2.43622e+17 2.43622e+17 2.43622e+17 5.13628e+17 5.13628e+17 5.13628e+17 5.13628e+17 5.13628e+17 5.13628e+17 5.13628e+17 5.13628e+17 5.13628e+17 5.13628e+17 5.13628e+17 7.83777e+17 7.83777e+17 7.83777e+17 7.83777e+17 7.83777e+17 7.83777e+17 7.83777e+17 7.83777e+17 7.83777e+17 7.83777e+17 7.83777e+17 9.34475e+17 9.34475e+17 9.34475e+17 9.34475e+17 9.34475e+17 9.34475e+17 9.34475e+17 9.34475e+17 9.34475e+17 9.34475e+17 9.34475e+17 9.86005e+17 9.86005e+17 9.86005e+17 9.86005e+17 9.86005e+17 9.86005e+17 9.86005e+17 9.86005e+17 9.86005e+17 9.86005e+17 9.86005e+17 9.97791e+17 9.97791e+17 9.97791e+17 9.97791e+17 9.97791e+17 9.97791e+17 9.97791e+17 9.97791e+17 9.97791e+17 9.97791e+17 9.97791e+17 1e+18 1e+18 1e+18 1e+18 1e+18 1e+18 1e+18 1e+18 1e+18 1e+18 1e+18
0.375885 0.374286 0.378049 0.376618 0.369145 0.372028 0.359345 0.363324 0.342668 0.34869 0.314983 0.325087 0.268048 0.287822 0.182391 0.231061 0 0.156319 0 0.13274 0 0.127143 0.385262 0.384171 0.380678 0.374096 0.363182 0.346064 0.320495 0.285416 0.246615 0.227894 0.222658 0.406039 0.405292 0.402903 0.398423 0.391066 0.379742 0.363385 0.342157 0.320266 0.308002 0.304304 0.468582 0.4681 0.466566 0.463697 0.459015 0.451889 0.441795 0.429078 0.416369 0.408781 0.406407 0.64732 0.64701 0.646023 0.644181 0.641186 0.636659 0.630319 0.622464 0.614735 0.609977 0.608458 1.14043 1.14022 1.13954 1.13827 1.13622 1.13312 1.12883 1.12355 1.11841 1.11519 1.11415 2.48826 2.4881 2.48759 2.48663 2.48508 2.48276 2.47954 2.47562 2.47182 2.46941 2.46863 6.08602 6.08589 6.08547 6.08469 6.08342 6.08153 6.07891 6.07573 6.07266 6.07071 6.07007 15.1048 15.1047 15.1043 15.1037 15.1026 15.1009 15.0987 15.0959 15.0933 15.0916 15.0911 35.5913 35.5912 35.5909 35.5903 35.5893 35.5878 35.5858 35.5833 35.581 35.5795 35.579 76.8939 76.8938 76.8935 76.8929 76.892 76.8907 76.8888 76.8865 76.8844 76.883 76.8825 150.216 150.216 150.215 150.215 150.214 150.213 150.211 150.209 150.207 150.205 150.205 264.592 264.592 264.592 264.592 264.591 264.59 264.588 264.586 264.584 264.583 264.582 420.93 420.929 420.929 420.929 420.928 420.927 420.925 420.923 420.922 420.92 420.92 606.928 606.928 606.928 606.927 606.927 606.926 606.924 606.922 606.921 606.92 606.919 797.952 797.952 797.952 797.952 797.951 797.95 797.949 797.947 797.946 797.945 797.944 966.533 966.533 966.533 966.533 966.532 966.531 966.53 966.529 966.528 966.527 966.527 1094.6 1094.6 1094.6 1094.6 1094.6 1094.6 1094.6 1094.59 1094.59 1094.59 1094.59 1178.58 1178.58 1178.58 1178.58 1178.58 1178.58 1178.58 1178.58 1178.58 1178.58 1178.58 1225.54 1225.54 1225.54 1225.54 1225.54 1225.54 1225.54 1225.54 1225.54 1225.54 1225.54 1246.28 1246.28 1246.28 1246.28 1246.28 1246.28 1246.28 1246.27 1246.27 1246.27 1246.27 1250.72 1250.72 1250.72 1250.72 1250.72 1250.72 1250.72 1250.72 1250.72 1250.72 1250.72 1245.22 1245.22 1245.22 1245.22 1245.22 1245.22 1245.22 1245.22 1245.22 1245.22 1245.22 1221.99 1221.99 1221.99 1221.99 1221.99 1221.99 1221.99 1221.99 1221.99 1221.99 1221.99 1170.65 1170.65 1170.65 1170.65 1170.65 1170.65 1170.65 1170.65 1170.65 1170.65 1170.65 1080.37 1080.37 1080.37 1080.37 1080.37 1080.37 1080.37 1080.37 1080.37 1080.37 1080.37 945.108 945.108 945.108 945.108 945.107 945.107 945.107 945.107 945.107 945.107 945.107 770.657 770.657 770.657 770.657 770.657 770.657 770.656 770.656 770.656 770.656 770.656 577.481 577.481 577.481 577.481 577.481 577.481 577.481 577.481 577.481 577.481 577.481 393.887 393.887 393.887 393.887 393.887 393.887 393.887 393.887 393.887 393.887 393.887 243.233 243.233 243.233 243.233 243.233 243.233 243.233 243.233 243.233 243.233 243.233 135.559 135.559 135.559 135.559 135.559 135.559 135.559 135.559 135.559 135.559 135.559 68.106 68.106 68.106 68.106 68.106 68.106 68.106 68.106 68.106 68.106 68.106 30.973 30.973 30.973 30.973 30.973 30.973 30.973 30.973 30.973 30.973 30.973 12.9618 12.9618 12.9618 12.9618 12.9618 12.9618 12.9618 12.9618 12.9618 12.9618 12.9618 5.18769 5.18769 5.18769 5.18769 5.18769 5.18769 5.18769 5.18769 5.18769 5.18769 5.18769 2.12858 2.12858 2.12858 2.12858 2.12858 2.12858 2.12858 2.12858 2.12858 2.12858 2.12858 0.984575 0.984575 0.984575 0.984575 0.984575 0.984575 0.984575 0.984575 0.984575 0.984575 0.984575 0.55426 0.55426 0.55426 0.55426 0.55426 0.55426 0.55426 0.55426 0.55426 0.55426 0.55426 0.376002 0.376002 0.376002 0.376002 0.376002 0.376002 0.376002 0.376002 0.376002 0.376002 0.376002 0.277644 0.277644 0.277644 0.277644 0.277644 0.277644 0.277644 0.277644 0.277644 0.277644 0.277644 0.192999 0.192999 0.192999 0.192999 0.192999 0.192999 0.192999 0.192999 0.192999 0.192999 0.192999 0.0963755 0.0963755 0.0963755 0.0963755 0.0963755 0.0963755 0.0963755 0.0963755 0.0963755 0.0963755 0.0963755 0 0 0 0 0 0 0 0 0 0 0
1.6e-11 1.6e-11 1.6e-11 1.6e-11 1.6e-11 1.6e-11 1.6e-11 1.6e-11 1.6e-11 1.6e-11 1.6e-11 1.6e-11 1.6e-11 1.6e-11 1.6e-11 1.6e-11 1.6e-11 1.6e-11 1.6e-11 1.6e-11 1.6e-11 1.6e-11 1.6e-11 1.6e-11 1.6e-11 1.6e-11 1.6e-11 1.6e-11 1.6e-11 1.6e-11 1.6e-11 1.6e-11 1.6e-11 1.6e-11 1.6e-11 1.6e-11 1.6e-11 1.6e-11 1.6e-11 1.6e-11 1.6e-11 1.6e-11 1.6e-11 1.6e-11 1.6e-11 1.6e-11 1.6e-11 1.6e-11 1.6e-11 1.6e-11 1.6e-11 1.6e-11 1.6e-11 1.6e-11 1.6e-11 1.6e-11 1.6e-11 1.6e-11 1.6e-11 1.6e-11 1.6e-11 1.6e-11 1.6e-11 1.6e-11 1.6e-11 1.6e-11 1.6e-11 1.6e-11 1.6e-11 1.6e-11 1.6e-11 1.6e-11 1.6e-11 1.6e-11 1.6e-11 1.6e-11 1.6e-11 1.6e-11 1.6e-11 1.6e-11 1.6e-11 1.6e-11 1.6e-11 1.6e-11 1.6e-11 1.6e-11 1.6e-11 1.6e-11 1.59998e-11 1.59998e-11 1.59998e-11 1.59998e-11 1.59998e-11 1.59998e-11 1.59998e-11 1.59998e-11 1.59998e-11 1.59998e-11 1.59998e-11 1.59988e-11 1.59988e-11 1.59988e-11 1.59988e-11 1.59988e-11 1.59988e-11 1.59988e-11 1.59988e-11 1.59988e-11 1.59988e-11 1.59988e-11 1.59935e-11 1.59935e-11 1.59935e-11 1.59935e-11 1.59935e-11 1.59935e-11 1.59935e-11 1.59935e-11 1.59935e-11 1.59935e-11 1.59935e-11 1.59697e-11 1.59697e-11 1.59697e-11 1.59697e-11 1.59697e-11 1.59697e-11 1.59697e-11 1.59697e-11 1.59697e-11 1.59697e-11 1.59697e-11 1.58843e-11 1.58843e-11 1.58843e-11 1.58843e-11 1.58843e-11 1.58843e-11 1.58843e-11 1.58843e-11 1.58843e-11 1.58843e-11 1.58843e-11 1.56398e-11 1.56398e-11 1.56398e-11 1.56398e-11 1.56398e-11 1.56398e-11 1.56398e-11 1.56398e-11 1.56398e-11 1.56398e-11 1.56398e-11 1.50801e-11 1.50801e-11 1.50801e-11 1.50801e-11 1.50801e-11 1.50801e-11 1.50801e-11 1.50801e-11 1.50801e-11 1.50801e-11 1.50801e-11 1.40528e-11 1.40528e-11 1.40528e-11 1.40528e-11 1.40528e-11 1.40528e-11 1.40528e-11 1.40528e-11 1.40528e-11 1.40528e-11 1.40528e-11 1.2532e-11 1.2532e-11 1.2532e-11 1.2532e-11 1.2532e-11 1.2532e-11 1.2532e-11 1.25321e-11 1.25321e-11 1.25321e-11 1.25321e-11 1.06886e-11 1.06886e-11 1.06886e-11 1.06886e-11 1.06886e-11 1.06886e-11 1.06886e-11 1.06886e-11 1.06886e-11 1.06886e-11 1.06886e-11 8.80687e-12 8.80687e-12 8.80687e-12 8.80687e-12 8.80687e-12 8.80688e-12 8.80688e-12 8.80689e-12 8.80689e-12 8.8069e-12 8.8069e-12 7.12601e-12 7.12601e-12 7.12601e-12 7.12601e-12 7.12602e-12 7.12602e-12 7.12602e-12 7.12603e-12 7.12603e-12 7.12604e-12 7.12604e-12 5.75714e-12 5.75714e-12 5.75714e-12 5.75714e-12 5.75714e-12 5.75714e-12 5.75715e-12 5.75715e-12 5.75716e-12 5.75716e-12 5.75716e-12 4.70361e-12 4.70361e-12 4.70361e-12 4.70361e-12 4.70361e-12 4.70362e-12 4.70362e-12 4.70362e-12 4.70363e-12 4.70363e-12 4.70363e-12 4.03791e-12 4.03791e-12 4.03791e-12 4.03791e-12 4.03791e-12 4.03791e-12 4.03791e-12 4.03792e-12 4.03792e-12 4.03792e-12 4.03792e-12 3.28466e-12 3.28466e-12 3.28466e-12 3.28466e-12 3.28466e-12 3.28467e-12 3.28467e-12 3.28467e-12 3.28467e-12 3.28468e-12 3.28468e-12 2.47638e-12 2.47639e-12 2.47639e-12 2.47639e-12 2.47639e-12 2.47639e-12 2.47639e-12 2.47639e-12 2.47639e-12 2.4764e-12 2.4764e-12 1.67922e-12 1.67922e-12 1.67922e-12 1.67922e-12 1.67922e-12 1.67922e-12 1.67922e-12 1.67922e-12 1.67922e-12 1.67922e-12 1.67922e-12 9.84676e-13 9.84676e-13 9.84676e-13 9.84676e-13 9.84676e-13 9.84677e-13 9.84678e-13 9.84678e-13 9.84679e-13 9.8468e-13 9.8468e-13 4.76191e-13 4.76191e-13 4.76191e-13 4.76191e-13 4.76191e-13 4.76191e-13 4.76192e-13 4.76192e-13 4.76192e-13 4.76192e-13 4.76193e-13 1.80457e-13 1.80457e-13 1.80457e-13 1.80457e-13 1.80457e-13 1.80457e-13 1.80458e-13 1.80458e-13 1.80458e-13 1.80458e-13 1.80458e-13 5.10668e-14 5.10668e-14 5.10668e-14 5.10668e-14 5.10668e-14 5.10669e-14 5.10669e-14 5.10669e-14 5.10669e-14 5.10669e-14 5.1067e-14 1.03628e-14 1.03628e-14 1.03628e-14 1.03628e-14 1.03628e-14 1.03628e-14 1.03628e-14 1.03628e-14 1.03628e-14 1.03628e-14 1.03628e-14 1.4597e-15 1.4597e-15 1.4597e-15 1.4597e-15 1.4597e-15 1.4597e-15 1.4597e-15 1.4597e-15 1.45971e-15 1.45971e-15 1.45971e-15 1.39127e-16 1.39127e-16 1.39127e-16 1.39127e-16 1.39127e-16 1.39127e-16 1.39127e-16 1.39127e-16 1.39128e-16 1.39128e-16 1.39128e-16 8.84766e-18 8.84766e-18 8.84766e-18 8.84766e-18 8.84766e-18 8.84766e-18 8.84766e-18 8.84766e-18 8.84766e-18 8.84766e-18 8.84766e-18 3.80361e-19 3.80361e-19 3.80361e-19 3.80361e-19 3.80361e-19 3.80361e-19 3.80361e-19 3.80362e-19 3.80362e-19 3.80362e-19 3.80362e-19 1.18501e-20 1.18501e-20 1.18501e-20 1.18501e-20 1.18501e-20 1.18501e-20 1.18501e-20 1.18501e-20 1.18501e-20 1.18501e-20 1.18501e-20 3.16881e-22 3.16881e-22 3.16881e-22 3.16881e-22 3.16881e-22 3.16881e-22 3.16881e-22 3.16881e-22 3.16882e-22 3.16882e-22 3.16882e-22 9.92597e-24 9.92597e-24 9.92597e-24 9.92597e-24 9.92597e-24 9.92597e-24 9.92597e-24 9.92597e-24 9.92597e-24 9.92597e-24 9.92597e-24 5.55471e-25 5.55471e-25 5.55471e-25 5.55471e-25 5.55471e-25 5.55471e-25 5.55471e-25 5.55471e-25 5.55471e-25 5.55471e-25 5.55471e-25 7.63687e-26 7.63687e-26 7.63687e-26 7.63687e-26 7.63687e-26 7.63687e-26 7.63687e-26 7.63687e-26 7.63687e-26 7.63687e-26 7.63687e-26 2.45685e-26 2.45685e-26 2.45685e-26 2.45685e-26 2.45685e-26 2.45685e-26 2.45685e-26 2.45685e-26 2.45685e-26 2.45685e-26 2.45685e-26 1.30541e-26 1.30541e-26 1.30541e-26 1.30541e-26 1.30541e-26 1.30541e-26 1.30541e-26 1.30541e-26 1.30541e-26 1.30541e-26 1.30541e-26 7.92936e-27 7.92936e-27 7.92936e-27 7.92936e-27 7.92936e-27 7.92936e-27 7.92936e-27 7.92936e-27 7.92936e-27 7.92936e-27 7.92936e-27 4.11963e-27 4.11963e-27 4.11963e-27 4.11963e-27 4.11963e-27 4.11963e-27 4.11963e-27 4.11963e-27 4.11963e-27 4.11963e-27 4.11963e-27 1.6e-27 1.6e-27 1.6e-27 1.6e-27 1.6e-27 1.6e-27 1.6e-27 1.6e-27 1.6e-27 1.6e-27 1.6e-27
1.79653e-26 1.78583e-26 1.81648e-26 1.80683e-26 1.75162e-26 1.77606e-26 1.68734e-26 1.71842e-26 1.58072e-26 1.62365e-26 1.41139e-26 1.47647e-26 1.14623e-26 1.25834e-26 7.33323e-27 9.59549e-27 1.6e-27 6.27753e-27 1.6e-27 5.3765e-27 1.6e-27 5.17285e-27 1.90364e-26 1.89602e-26 1.87176e-26 1.82647e-26 1.75258e-26 1.63978e-26 1.47826e-26 1.27029e-26 1.0586e-26 9.63365e-27 9.37532e-27 2.23646e-26 2.23055e-26 2.21174e-26 2.17668e-26 2.1197e-26 2.03348e-26 1.9121e-26 1.76013e-26 1.61001e-26 1.52883e-26 1.50476e-26 3.61592e-26 3.61039e-26 3.59277e-26 3.55994e-26 3.50669e-26 3.42642e-26 3.3143e-26 3.17571e-26 3.04016e-26 2.96064e-26 2.93597e-26 1.12623e-25 1.12537e-25 1.12261e-25 1.11749e-25 1.10918e-25 1.09668e-25 1.0793e-25 1.05795e-25 1.03715e-25 1.02445e-25 1.02041e-25 9.01839e-25 9.01543e-25 9.00601e-25 8.98846e-25 8.96003e-25 8.91735e-25 8.85816e-25 8.78581e-25 8.71553e-25 8.67167e-25 8.65754e-25 1.7762e-23 1.77598e-23 1.77529e-23 1.77401e-23 1.77193e-23 1.76882e-23 1.76452e-23 1.75928e-23 1.7542e-23 1.75099e-23 1.74995e-23 5.90589e-22 5.90564e-22 5.90484e-22 5.90336e-22 5.90097e-22 5.89738e-22 5.89244e-22 5.88644e-22 5.88064e-22 5.87696e-22 5.87575e-22 2.17236e-20 2.17233e-20 2.17222e-20 2.17203e-20 2.17172e-20 2.17125e-20 2.17061e-20 2.16983e-20 2.16908e-20 2.1686e-20 2.16844e-20 6.61749e-19 6.61745e-19 6.61733e-19 6.6171e-19 6.61673e-19 6.61619e-19 6.61544e-19 6.61453e-19 6.61366e-19 6.61309e-19 6.61291e-19 1.4369e-17 1.4369e-17 1.43688e-17 1.43686e-17 1.43683e-17 1.43678e-17 1.43671e-17 1.43662e-17 1.43654e-17 1.43649e-17 1.43647e-17 2.09972e-16 2.09972e-16 2.09971e-16 2.09969e-16 2.09967e-16 2.09963e-16 2.09958e-16 2.09952e-16 2.09947e-16 2.09943e-16 2.09942e-16 2.05091e-15 2.05091e-15 2.0509e-15 2.0509e-15 2.05088e-15 2.05086e-15 2.05084e-15 2.05081e-15 2.05078e-15 2.05076e-15 2.05075e-15 1.36178e-14 1.36177e-14 1.36177e-14 1.36177e-14 1.36177e-14 1.36176e-14 1.36175e-14 1.36174e-14 1.36172e-14 1.36172e-14 1.36171e-14 6.31473e-14 6.31473e-14 6.31473e-14 6.31472e-14 6.3147e-14 6.31468e-14 6.31465e-14 6.31461e-14 6.31458e-14 6.31455e-14 6.31455e-14 2.11544e-13 2.11544e-13 2.11544e-13 2.11544e-13 2.11543e-13 2.11543e-13 2.11542e-13 2.11541e-13 2.11541e-13 2.1154e-13 2.1154e-13 5.33866e-13 5.33866e-13 5.33866e-13 5.33866e-13 5.33865e-13 5.33864e-13 5.33863e-13 5.33861e-13 5.3386e-13 5.33859e-13 5.33859e-13 1.06577e-12 1.06577e-12 1.06577e-12 1.06577e-12 1.06577e-12 1.06577e-12 1.06577e-12 1.06577e-12 1.06577e-12 1.06576e-12 1.06576e-12 1.77034e-12 1.77034e-12 1.77034e-12 1.77034e-12 1.77034e-12 1.77034e-12 1.77033e-12 1.77033e-12 1.77033e-12 1.77033e-12 1.77033e-12 2.56191e-12 2.56191e-12 2.56191e-12 2.56191e-12 2.56191e-12 2.5619e-12 2.5619e-12 2.5619e-12 2.5619e-12 2.56189e-12 2.56189e-12 3.35336e-12 3.35336e-12 3.35336e-12 3.35336e-12 3.35336e-12 3.35336e-12 3.35336e-12 3.35335e-12 3.35335e-12 3.35335e-12 3.35335e-12 3.96227e-12 3.96227e-12 3.96227e-12 3.96227e-12 3.96227e-12 3.96227e-12 3.96227e-12 3.96226e-12 3.96226e-12 3.96226e-12 3.96226e-12 4.78575e-12 4.78575e-12 4.78575e-12 4.78575e-12 4.78575e-12 4.78575e-12 4.78575e-12 4.78574e-12 4.78574e-12 4.78574e-12 4.78574e-12 5.88716e-12 5.88716e-12 5.88716e-12 5.88716e-12 5.88716e-12 5.88715e-12 5.88715e-12 5.88715e-12 5.88714e-12 5.88714e-12 5.88714e-12 7.31245e-12 7.31245e-12 7.31245e-12 7.31245e-12 7.31245e-12 7.31245e-12 7.31244e-12 7.31244e-12 7.31244e-12 7.31244e-12 7.31243e-12 9.04621e-12 9.04621e-12 9.04621e-12 9.04621e-12 9.04621e-12 9.04621e-12 9.0462e-12 9.0462e-12 9.0462e-12 9.0462e-12 9.0462e-12 1.09557e-11 1.09557e-11 1.09557e-11 1.09557e-11 1.09557e-11 1.09557e-11 1.09557e-11 1.09557e-11 1.09557e-11 1.09557e-11 1.09557e-11 1.2782e-11 1.2782e-11 1.2782e-11 1.2782e-11 1.2782e-11 1.2782e-11 1.2782e-11 1.2782e-11 1.2782e-11 1.2782e-11 1.2782e-11 1.42432e-11 1.42432e-11 1.42432e-11 1.42432e-11 1.42432e-11 1.42432e-11 1.42432e-11 1.42432e-11 1.42432e-11 1.42432e-11 1.42432e-11 1.5196e-11 1.5196e-11 1.5196e-11 1.5196e-11 1.5196e-11 1.5196e-11 1.5196e-11 1.5196e-11 1.5196e-11 1.5196e-11 1.5196e-11 1.56958e-11 1.56958e-11 1.56958e-11 1.56958e-11 1.56958e-11 1.56958e-11 1.56958e-11 1.56958e-11 1.56958e-11 1.56958e-11 1.56958e-11 1.59058e-11 1.59058e-11 1.59058e-11 1.59058e-11 1.59058e-11 1.59058e-11 1.59058e-11 1.59058e-11 1.59058e-11 1.59058e-11 1.59058e-11 1.59762e-11 1.59762e-11 1.59762e-11 1.59762e-11 1.59762e-11 1.59762e-11 1.59762e-11 1.59762e-11 1.59762e-11 1.59762e-11 1.59762e-11 1.59951e-11 1.59951e-11 1.59951e-11 1.59951e-11 1.59951e-11 1.59951e-11 1.59951e-11 1.59951e-11 1.59951e-11 1.59951e-11 1.59951e-11 1.59991e-11 1.59991e-11 1.59991e-11 1.59991e-11 1.59991e-11 1.59991e-11 1.59991e-11 1.59991e-11 1.59991e-11 1.59991e-11 1.59991e-11 1.59999e-11 1.59999e-11 1.59999e-11 1.59999e-11 1.59999e-11 1.59999e-11 1.59999e-11 1.59999e-11 1.59999e-11 1.59999e-11 1.59999e-11 1.6e-11 1.6e-11 1.6e-11 1.6e-11 1.6e-11 1.6e-11 1.6e-11 1.6e-11 1.6e-11 1.6e-11 1.6e-11 1.6e-11 1.6e-11 1.6e-11 1.6e-11 1.6e-11 1.6e-11 1.6e-11 1.6e-11 1.6e-11 1.6e-11 1.6e-11 1.6e-11 1.6e-11 1.6e-11 1.6e-11 1.6e-11 1.6e-11 1.6e-11 1.6e-11 1.6e-11 1.6e-11 1.6e-11 1.6e-11 1.6e-11 1.6e-11 1.6e-11 1.6e-11 1.6e-11 1.6e-11 1.6e-11 1.6e-11 1.6e-11 1.6e-11 1.6e-11 1.6e-11 1.6e-11 1.6e-11 1.6e-11 1.6e-11 1.6e-11 1.6e-11 1.6e-11 1.6e-11 1.6e-11 1.6e-11 1.6e-11 1.6e-11 1.6e-11 1.6e-11 1.6e-11 1.6e-11 1.6e-11 1.6e-11 1.6e-11 1.6e-11 1.6e-11 1.6e-11 1.6e-11 1.6e-11 1.6e-11 1.6e-11 1.6e-11 1.6e-11 1.6e-11 1.6e-11 1.6e-11 1.6e-11 1.6e-11 1.6e-11 1.6e-11 1.6e-11 1.6e-11 1.6e-11 1.6e-11 1.6e-11 1.6e-11 1.6e-11
9.99526e+17 9.99526e+17 9.98037e+17 9.98037e+17 9.99526e+17 9.98037e+17 9.99526e+17 9.98037e+17 9.99526e+17 9.98037e+17 9.99527e+17 9.98037e+17 9.99531e+17 9.98038e+17 9.99575e+17 9.98047e+17 1e+18 9.98093e+17 1e+18 9.98098e+17 1e+18 9.98098e+17 9.87991e+17 9.87991e+17 9.87991e+17 9.87991e+17 9.87991e+17 9.87991e+17 9.87992e+17 9.87994e+17 9.88001e+17 9.88002e+17 9.88002e+17 9.46251e+17 9.46251e+17 9.46251e+17 9.46251e+17 9.46251e+17 9.46251e+17 9.46252e+17 9.46252e+17 9.46254e+17 9.46254e+17 9.46254e+17 8.26403e+17 8.26403e+17 8.26403e+17 8.26403e+17 8.26403e+17 8.26403e+17 8.26404e+17 8.26404e+17 8.26404e+17 8.26404e+17 8.26404e+17 6.01412e+17 6.01412e+17 6.01412e+17 6.01412e+17 6.01412e+17 6.01412e+17 6.01412e+17 6.01412e+17 6.01413e+17 6.01413e+17 6.01413e+17 3.42344e+17 3.42344e+17 3.42344e+17 3.42344e+17 3.42344e+17 3.42344e+17 3.42344e+17 3.42344e+17 3.42344e+17 3.42344e+17 3.42344e+17 1.57093e+17 1.57093e+17 1.57093e+17 1.57093e+17 1.57093e+17 1.57093e+17 1.57093e+17 1.57093e+17 1.57093e+17 1.57093e+17 1.57093e+17 6.42541e+16 6.42541e+16 6.42541e+16 6.42541e+16 6.42541e+16 6.42541e+16 6.42541e+16 6.42541e+16 6.42541e+16 6.42541e+16 6.42541e+16 2.5892e+16 2.5892e+16 2.5892e+16 2.5892e+16 2.5892e+16 2.5892e+16 2.5892e+16 2.5892e+16 2.5892e+16 2.5892e+16 2.5892e+16 1.09872e+16 1.09872e+16 1.09872e+16 1.09872e+16 1.09872e+16 1.09872e+16 1.09872e+16 1.09872e+16 1.09872e+16 1.09872e+16 1.09872e+16 5.08184e+15 5.08184e+15 5.08184e+15 5.08184e+15 5.08184e+15 5.08184e+15 5.08184e+15 5.08184e+15 5.08184e+15 5.08184e+15 5.08184e+15 2.59439e+15 2.59439e+15 2.59439e+15 2.59439e+15 2.59439e+15 2.59439e+15 2.59439e+15 2.59439e+15 2.59439e+15 2.59439e+15 2.59439e+15 1.46152e+15 1.46152e+15 1.46152e+15 1.46152e+15 1.46152e+15 1.46152e+15 1.46152e+15 1.46152e+15 1.46152e+15 1.46152e+15 1.46152e+15 9.02105e+14 9.02105e+14 9.02105e+14 9.02105e+14 9.02105e+14 9.02105e+14 9.02105e+14 9.02105e+14 9.02105e+14 9.02105e+14 9.02105e+14 6.03958e+14 6.03958e+14 6.03958e+14 6.03958e+14 6.03958e+14 6.03958e+14 6.03958e+14 6.03958e+14 6.03958e+14 6.03958e+14 6.03958e+14 4.33804e+14 4.33804e+14 4.33804e+14 4.33804e+14 4.33804e+14 4.33804e+14 4.33804e+14 4.33804e+14 4.33804e+14 4.33804e+14 4.33804e+14 3.3075e+14 3.3075e+14 3.3075e+14 3.3075e+14 3.3075e+14 3.3075e+14 3.3075e+14 3.3075e+14 3.3075e+14 3.3075e+14 3.3075e+14 2.651e+14 2.651e+14 2.651e+14 2.651e+14 2.651e+14 2.651e+14 2.651e+14 2.651e+14 2.651e+14 2.651e+14 2.651e+14 2.21468e+14 2.21468e+14 2.21468e+14 2.21468e+14 2.21468e+14 2.21468e+14 2.21468e+14 2.21468e+14 2.21468e+14 2.21469e+14 2.21469e+14 1.91435e+14 1.91435e+14 1.91435e+14 1.91435e+14 1.91435e+14 1.91435e+14 1.91435e+14 1.91435e+14 1.91435e+14 1.91435e+14 1.91435e+14 1.70155e+14 1.70155e+14 1.70155e+14 1.70155e+14 1.70155e+14 1.70155e+14 1.70155e+14 1.70155e+14 1.70155e+14 1.70155e+14 1.70155e+14 1.57093e+14 1.57093e+14 1.57093e+14 1.57093e+14 1.57093e+14 1.57093e+14 1.57093e+14 1.57093e+14 1.57093e+14 1.57093e+14 1.57093e+14 1.4231e+14 1.4231e+14 1.4231e+14 1.4231e+14 1.4231e+14 1.4231e+14 1.4231e+14 1.4231e+14 1.4231e+14 1.4231e+14 1.4231e+14 1.25915e+14 1.25915e+14 1.25915e+14 1.25915e+14 1.25915e+14 1.25915e+14 1.25915e+14 1.25915e+14 1.25915e+14 1.25915e+14 1.25915e+14 1.08232e+14 1.08232e+14 1.08232e+14 1.08232e+14 1.08232e+14 1.08232e+14 1.08232e+14 1.08232e+14 1.08232e+14 1.08232e+14 1.08232e+14 8.98037e+13 8.98037e+13 8.98037e+13 8.98037e+13 8.98037e+13 8.98037e+13 8.98037e+13 8.98037e+13 8.98037e+13 8.98037e+13 8.98037e+13 7.13862e+13 7.13862e+13 7.13862e+13 7.13862e+13 7.13862e+13 7.13862e+13 7.13863e+13 7.13863e+13 7.13863e+13 7.13863e+13 7.13863e+13 5.38903e+13 5.38903e+13 5.38903e+13 5.38903e+13 5.38903e+13 5.38903e+13 5.38903e+13 5.38903e+13 5.38903e+13 5.38903e+13 5.38903e+13 3.82543e+13 3.82543e+13 3.82543e+13 3.82543e+13 3.82543e+13 3.82543e+13 3.82543e+13 3.82543e+13 3.82543e+13 3.82543e+13 3.82543e+13 2.52611e+13 2.52611e+13 2.52611e+13 2.52611e+13 2.52611e+13 2.52611e+13 2.52611e+13 2.52611e+13 2.52611e+13 2.52611e+13 2.52611e+13 1.53488e+13 1.53488e+13 1.53488e+13 1.53488e+13 1.53488e+13 1.53488e+13 1.53488e+13 1.53488e+13 1.53488e+13 1.53488e+13 1.53488e+13 8.49755e+12 8.49755e+12 8.49755e+12 8.49755e+12 8.49755e+12 8.49755e+12 8.49755e+12 8.49755e+12 8.49755e+12 8.49755e+12 8.49755e+12 4.2598e+12 4.2598e+12 4.2598e+12 4.2598e+12 4.2598e+12 4.2598e+12 4.2598e+12 4.2598e+12 4.2598e+12 4.2598e+12 4.2598e+12 1.93611e+12 1.93611e+12 1.93611e+12 1.93611e+12 1.93611e+12 1.93611e+12 1.93611e+12 1.93611e+12 1.93611e+12 1.93611e+12 1.93611e+12 8.10133e+11 8.10133e+11 8.10133e+11 8.10133e+11 8.10133e+11 8.10133e+11 8.10133e+11 8.10133e+11 8.10133e+11 8.10133e+11 8.10133e+11 3.24232e+11 3.24232e+11 3.24232e+11 3.24232e+11 3.24232e+11 3.24232e+11 3.24232e+11 3.24232e+11 3.24232e+11 3.24232e+11 3.24232e+11 1.33037e+11 1.33037e+11 1.33037e+11 1.33037e+11 1.33037e+11 1.33037e+11 1.33037e+11 1.33037e+11 1.33037e+11 1.33037e+11 1.33037e+11 6.15359e+10 6.15359e+10 6.15359e+10 6.15359e+10 6.1536e+10 6.1536e+10 6.1536e+10 6.1536e+10 6.1536e+10 6.1536e+10 6.1536e+10 3.46412e+10 3.46412e+10 3.46412e+10 3.46412e+10 3.46412e+10 3.46412e+10 3.46412e+10 3.46412e+10 3.46412e+10 3.46412e+10 3.46412e+10 2.35001e+10 2.35001e+10 2.35001e+10 2.35001e+10 2.35001e+10 2.35001e+10 2.35001e+10 2.35001e+10 2.35001e+10 2.35001e+10 2.35001e+10 1.73528e+10 1.73528e+10 1.73528e+10 1.73528e+10 1.73528e+10 1.73528e+10 1.73528e+10 1.73528e+10 1.73528e+10 1.73528e+10 1.73528e+10 1.20624e+10 1.20624e+10 1.20624e+10 1.20624e+10 1.20624e+10 1.20624e+10 1.20624e+10 1.20624e+10 1.20624e+10 1.20624e+10 1.20624e+10 6.02347e+09 6.02347e+09 6.02347e+09 6.02347e+09 6.02347e+09 6.02347e+09 6.02347e+09 6.02347e+09 6.02347e+09 6.02347e+09 6.02347e+09 100 100 100 100 100 100 100 100 100 100 100
9.99257e+17 9.99257e+17 9.96924e+17 9.96924e+17 9.99257e+17 9.96924e+17 9.99257e+17 9.96924e+17 9.99257e+17 9.96924e+17 9.99258e+17 9.96924e+17 9.99265e+17 9.96926e+17 9.99333e+17 9.96941e+17 1e+18 9.97013e+17 1e+18 9.9702e+17 1e+18 9.9702e+17 9.81247e+17 9.81247e+17 9.81247e+17 9.81247e+17 9.81247e+17 9.81247e+17 9.81248e+17 9.81251e+17 9.81262e+17 9.81264e+17 9.81264e+17 9.17244e+17 9.17244e+17 9.17244e+17 9.17244e+17 9.17244e+17 9.17244e+17 9.17244e+17 9.17245e+17 9.17247e+17 9.17248e+17 9.17248e+17 7.4402e+17 7.4402e+17 7.4402e+17 7.4402e+17 7.4402e+17 7.4402e+17 7.4402e+17 7.4402e+17 7.4402e+17 7.44021e+17 7.44021e+17 4.62081e+17 4.62081e+17 4.62081e+17 4.62081e+17 4.62081e+17 4.62081e+17 4.62081e+17 4.62081e+17 4.62081e+17 4.62081e+17 4.62081e+17 2.07947e+17 2.07947e+17 2.07947e+17 2.07947e+17 2.07947e+17 2.07947e+17 2.07947e+17 2.07948e+17 2.07948e+17 2.07948e+17 2.07948e+17 7.3925e+16 7.3925e+16 7.3925e+16 7.3925e+16 7.3925e+16 7.3925e+16 7.3925e+16 7.39251e+16 7.39251e+16 7.39251e+16 7.39251e+16 2.39952e+16 2.39952e+16 2.39952e+16 2.39952e+16 2.39952e+16 2.39952e+16 2.39952e+16 2.39952e+16 2.39952e+16 2.39952e+16 2.39952e+16 7.96718e+15 7.96718e+15 7.96718e+15 7.96718e+15 7.96718e+15 7.96718e+15 7.96718e+15 7.96719e+15 7.96719e+15 7.96719e+15 7.96719e+15 2.88798e+15 2.88798e+15 2.88798e+15 2.88798e+15 2.88798e+15 2.88798e+15 2.88798e+15 2.88798e+15 2.88798e+15 2.88798e+15 2.88798e+15 1.17646e+15 1.17646e+15 1.17646e+15 1.17646e+15 1.17646e+15 1.17646e+15 1.17646e+15 1.17646e+15 1.17646e+15 1.17646e+15 1.17646e+15 5.42363e+14 5.42363e+14 5.42363e+14 5.42363e+14 5.42363e+14 5.42363e+14 5.42363e+14 5.42363e+14 5.42363e+14 5.42363e+14 5.42363e+14 2.81523e+14 2.81523e+14 2.81523e+14 2.81523e+14 2.81523e+14 2.81523e+14 2.81523e+14 2.81523e+14 2.81523e+14 2.81523e+14 2.81523e+14 1.62729e+14 1.62729e+14 1.62729e+14 1.62729e+14 1.62729e+14 1.62729e+14 1.62729e+14 1.62729e+14 1.62729e+14 1.62729e+14 1.62729e+14 1.03362e+14 1.03362e+14 1.03362e+14 1.03362e+14 1.03362e+14 1.03362e+14 1.03362e+14 1.03362e+14 1.03362e+14 1.03362e+14 1.03362e+14 7.11749e+13 7.11749e+13 7.11749e+13 7.11749e+13 7.11749e+13 7.11749e+13 7.11749e+13 7.11749e+13 7.11749e+13 7.11749e+13 7.11749e+13 5.24622e+13 5.24622e+13 5.24622e+13 5.24622e+13 5.24622e+13 5.24622e+13 5.24622e+13 5.24622e+13 5.24622e+13 5.24622e+13 5.24622e+13 4.09244e+13 4.09244e+13 4.09244e+13 4.09244e+13 4.09244e+13 4.09244e+13 4.09244e+13 4.09244e+13 4.09244e+13 4.09244e+13 4.09244e+13 3.3454e+13 3.3454e+13 3.3454e+13 3.3454e+13 3.3454e+13 3.3454e+13 3.3454e+13 3.3454e+13 3.3454e+13 3.3454e+13 3.3454e+13 2.84179e+13 2.84179e+13 2.84179e+13 2.84179e+13 2.84179e+13 2.84179e+13 2.84179e+13 2.84179e+13 2.84179e+13 2.84179e+13 2.84179e+13 2.49087e+13 2.49087e+13 2.49087e+13 2.49087e+13 2.49087e+13 2.49087e+13 2.49087e+13 2.49087e+13 2.49087e+13 2.49087e+13 2.49087e+13 2.27814e+13 2.27814e+13 2.27814e+13 2.27814e+13 2.27814e+13 2.27814e+13 2.27814e+13 2.27814e+13 2.27814e+13 2.27814e+13 2.27814e+13 2.03988e+13 2.03988e+13 2.03988e+13 2.03988e+13 2.03988e+13 2.03988e+13 2.03988e+13 2.03988e+13 2.03988e+13 2.03988e+13 2.03988e+13 1.77886e+13 1.77886e+13 1.77886e+13 1.77886e+13 1.77886e+13 1.77886e+13 1.77886e+13 1.77886e+13 1.77886e+13 1.77886e+13 1.77886e+13 1.5016e+13 1.5016e+13 1.5016e+13 1.5016e+13 1.5016e+13 1.5016e+13 1.5016e+13 1.5016e+13 1.5016e+13 1.5016e+13 1.5016e+13 1.2181e+13 1.2181e+13 1.2181e+13 1.2181e+13 1.2181e+13 1.2181e+13 1.2181e+13 1.2181e+13 1.2181e+13 1.2181e+13 1.2181e+13 9.41381e+12 9.41381e+12 9.41381e+12 9.41381e+12 9.41381e+12 9.41381e+12 9.41381e+12 9.41381e+12 9.41382e+12 9.41382e+12 9.41382e+12 6.86112e+12 6.86112e+12 6.86112e+12 6.86112e+12 6.86112e+12 6.86112e+12 6.86112e+12 6.86112e+12 6.86112e+12 6.86112e+12 6.86112e+12 4.66145e+12 4.66145e+12 4.66145e+12 4.66145e+12 4.66145e+12 4.66145e+12 4.66145e+12 4.66145e+12 4.66145e+12 4.66145e+12 4.66145e+12 2.91434e+12 2.91434e+12 2.91434e+12 2.91434e+12 2.91434e+12 2.91434e+12 2.91434e+12 2.91434e+12 2.91434e+12 2.91434e+12 2.91434e+12 1.65402e+12 1.65402e+12 1.65402e+12 1.65402e+12 1.65402e+12 1.65402e+12 1.65402e+12 1.65402e+12 1.65402e+12 1.65402e+12 1.65402e+12 8.41062e+11 8.41062e+11 8.41062e+11 8.41062e+11 8.41062e+11 8.41062e+11 8.41062e+11 8.41063e+11 8.41063e+11 8.41063e+11 8.41063e+11 3.79242e+11 3.79242e+11 3.79242e+11 3.79242e+11 3.79242e+11 3.79242e+11 3.79242e+11 3.79242e+11 3.79242e+11 3.79242e+11 3.79242e+11 1.51094e+11 1.51094e+11 1.51094e+11 1.51094e+11 1.51094e+11 1.51094e+11 1.51094e+11 1.51095e+11 1.51095e+11 1.51095e+11 1.51095e+11 5.37156e+10 5.37156e+10 5.37156e+10 5.37156e+10 5.37156e+10 5.37156e+10 5.37156e+10 5.37156e+10 5.37156e+10 5.37156e+10 5.37156e+10 1.76231e+10 1.76231e+10 1.76231e+10 1.76231e+10 1.76231e+10 1.76231e+10 1.76231e+10 1.76231e+10 1.76231e+10 1.76231e+10 1.76231e+10 5.72797e+09 5.72797e+09 5.72797e+09 5.72797e+09 5.72797e+09 5.72797e+09 5.72797e+09 5.72798e+09 5.72798e+09 5.72798e+09 5.72798e+09 2.06957e+09 2.06957e+09 2.06957e+09 2.06957e+09 2.06957e+09 2.06957e+09 2.06957e+09 2.06957e+09 2.06957e+09 2.06957e+09 2.06957e+09 9.42994e+08 9.42994e+08 9.42994e+08 9.42994e+08 9.42994e+08 9.42994e+08 9.42994e+08 9.42994e+08 9.42994e+08 9.42994e+08 9.42994e+08 5.62194e+08 5.62194e+08 5.62194e+08 5.62194e+08 5.62194e+08 5.62194e+08 5.62194e+08 5.62194e+08 5.62194e+08 5.62194e+08 5.62194e+08 3.93304e+08 3.93304e+08 3.93304e+08 3.93304e+08 3.93304e+08 3.93304e+08 3.93304e+08 3.93304e+08 3.93304e+08 3.93304e+08 3.93304e+08 2.69136e+08 2.69136e+08 2.69136e+08 2.69136e+08 2.69136e+08 2.69136e+08 2.69136e+08 2.69136e+08 2.69136e+08 2.69136e+08 2.69136e+08 1.33988e+08 1.33988e+08 1.33988e+08 1.33988e+08 1.33988e+08 1.33988e+08 1.33988e+08 1.33988e+08 1.33988e+08 1.33988e+08 1.33988e+08 100 100 100 100 100 100 100 100 100 100 100
-1e+18 -1e+18 -1e+18 -1e+18 -1e+18 -1e+18 -1e+18 -1e+18 -1e+18 -1e+18 -1e+18 -1e+18 -1e+18 -1e+18 -1e+18 -1e+18 -1e+18 -1e+18 -1e+18 -1e+18 -1e+18 -1e+18 -1e+18 -1e+18 -1e+18 -1e+18 -1e+18 -1e+18 -1e+18 -1e+18 -1e+18 -1e+18 -1e+18 -1e+18 -1e+18 -1e+18 -1e+18 -1e+18 -1e+18 -1e+18 -1e+18 -1e+18 -1e+18 -1e+18 -1e+18 -1e+18 -1e+18 -1e+18 -1e+18 -1e+18 -1e+18 -1e+18 -1e+18 -1e+18 -1e+18 -1e+18 -1e+18 -1e+18 -1e+18 -1e+18 -1e+18 -1e+18 -1e+18 -1e+18 -1e+18 -1e+18 -1e+18 -1e+18 -1e+18 -1e+18 -1e+18 -1e+18 -1e+18 -1e+18 -1e+18 -1e+18 -1e+18 -1e+18 -1e+18 -1e+18 -1e+18 -1e+18 -1e+18 -1e+18 -1e+18 -1e+18 -1e+18 -1e+18 -1e+18 -1e+18 -1e+18 -1e+18 -1e+18 -1e+18 -1e+18 -1e+18 -1e+18 -1e+18 -1e+18 -1e+18 -1e+18 -1e+18 -1e+18 -1e+18 -1e+18 -1e+18 -1e+18 -1e+18 -1e+18 -1e+18 -1e+18 -1e+18 -1e+18 -1e+18 -1e+18 -1e+18 -1e+18 -1e+18 -1e+18 -1e+18 -1e+18 -1e+18 -1e+18 -1e+18 -1e+18 -1e+18 -1e+18 -1e+18 -1e+18 -1e+18 -1e+18 -1e+18 -1.00001e+18 -1.00001e+18 -1.00001e+18 -1.00001e+18 -1.00001e+18 -1.00001e+18 -1.00001e+18 -1.00001e+18 -1.00001e+18 -1.00001e+18 -1.00001e+18 -1.00002e+18 -1.00002e+18 -1.00002e+18 -1.00002e+18 -1.00002e+18 -1.00002e+18 -1.00002e+18 -1.00002e+18 -1.00002e+18 -1.00002e+18 -1.00002e+18 -1.00003e+18 -1.00003e+18 -1.00003e+18 -1.00003e+18 -1.00003e+18 -1.00003e+18 -1.00003e+18 -1.00003e+18 -1.00003e+18 -1.00003e+18 -1.00003e+18 -1.00004e+18 -1.00004e+18 -1.00004e+18 -1.00004e+18 -1.00004e+18 -1.00004e+18 -1.00004e+18 -1.00004e+18 -1.00004e+18 -1.00004e+18 -1.00004e+18 -1.00006e+18 -1.00006e+18 -1.00006e+18 -1.00006e+18 -1.00006e+18 -1.00006e+18 -1.00006e+18 -1.00006e+18 -1.00006e+18 -1.00006e+18 -1.00006e+18 -1.00007e+18 -1.00007e+18 -1.00007e+18 -1.00007e+18 -1.00007e+18 -1.00007e+18 -1.00007e+18 -1.00007e+18 -1.00007e+18 -1.00007e+18 -1.00007e+18 -1.00009e+18 -1.00009e+18 -1.00009e+18 -1.00009e+18 -1.00009e+18 -1.00009e+18 -1.00009e+18 -1.00009e+18 -1.00009e+18 -1.00009e+18 -1.00009e+18 -1.00011e+18 -1.00011e+18 -1.00011e+18 -1.00011e+18 -1.00011e+18 -1.00011e+18 -1.00011e+18 -1.00011e+18 -1.00011e+18 -1.00011e+18 -1.00011e+18 -1.00013e+18 -1.00013e+18 -1.00013e+18 -1.00013e+18 -1.00013e+18 -1.00013e+18 -1.00013e+18 -1.00013e+18 -1.00013e+18 -1.00013e+18 -1.00013e+18 -1.00014e+18 -1.00014e+18 -1.00014e+18 -1.00014e+18 -1.00014e+18 -1.00014e+18 -1.00014e+18 -1.00014e+18 -1.00014e+18 -1.00014e+18 -1.00014e+18 -1.55615e+14 -1.55615e+14 -1.55615e+14 -1.55615e+14 -1.55615e+14 -1.55615e+14 -1.55615e+14 -1.55615e+14 -1.55615e+14 -1.55615e+14 -1.55615e+14 9.99828e+17 9.99828e+17 9.99828e+17 9.99828e+17 9.99828e+17 9.99828e+17 9.99828e+17 9.99828e+17 9.99828e+17 9.99828e+17 9.99828e+17 9.99806e+17 9.99806e+17 9.99806e+17 9.99806e+17 9.99806e+17 9.99806e+17 9.99806e+17 9.99806e+17 9.99806e+17 9.99806e+17 9.99806e+17 9.99774e+17 9.99774e+17 9.99774e+17 9.99774e+17 9.99774e+17 9.99774e+17 9.99774e+17 9.99774e+17 9.99774e+17 9.99774e+17 9.99774e+17 9.99728e+17 9.99728e+17 9.99728e+17 9.99728e+17 9.99728e+17 9.99728e+17 9.99728e+17 9.99728e+17 9.99728e+17 9.99728e+17 9.99728e+17 9.99658e+17 9.99658e+17 9.99658e+17 9.99658e+17 9.99658e+17 9.99658e+17 9.99658e+17 9.99658e+17 9.99658e+17 9.99658e+17 9.99658e+17 9.99546e+17 9.99546e+17 9.99546e+17 9.99546e+17 9.99546e+17 9.99546e+17 9.99546e+17 9.99546e+17 9.99546e+17 9.99546e+17 9.99546e+17 9.99361e+17 9.99361e+17 9.99361e+17 9.99361e+17 9.99361e+17 9.99361e+17 9.99361e+17 9.99361e+17 9.99361e+17 9.99361e+17 9.99361e+17 9.99032e+17 9.99032e+17 9.99032e+17 9.99032e+17 9.99032e+17 9.99032e+17 9.99032e+17 9.99032e+17 9.99032e+17 9.99032e+17 9.99032e+17 9.98407e+17 9.98407e+17 9.98407e+17 9.98407e+17 9.98407e+17 9.98407e+17 9.98407e+17 9.98407e+17 9.98407e+17 9.98407e+17 9.98407e+17 9.97123e+17 9.97123e+17 9.97123e+17 9.97123e+17 9.97123e+17 9.97123e+17 9.97123e+17 9.97123e+17 9.97123e+17 9.97123e+17 9.97123e+17 9.94262e+17 9.94262e+17 9.94262e+17 9.94262e+17 9.94262e+17 9.94262e+17 9.94262e+17 9.94262e+17 9.94262e+17 9.94262e+17 9.94262e+17 9.8738e+17 9.8738e+17 9.8738e+17 9.8738e+17 9.8738e+17 9.8738e+17 9.8738e+17 9.8738e+17 9.8738e+17 9.8738e+17 9.8738e+17 9.69865e+17 9.69865e+17 9.69865e+17 9.69865e+17 9.69865e+17 9.69865e+17 9.69865e+17 9.69865e+17 9.69865e+17 9.69865e+17 9.69865e+17 9.24897e+17 9.24897e+17 9.24897e+17 9.24897e+17 9.24897e+17 9.24897e+17 9.24897e+17 9.24897e+17 9.24897e+17 9.24897e+17 9.24897e+17 8.18398e+17 8.18398e+17 8.18398e+17 8.18398e+17 8.18398e+17 8.18398e+17 8.18398e+17 8.18398e+17 8.18398e+17 8.18398e+17 8.18398e+17 6.16069e+17 6.16069e+17 6.16069e+17 6.16069e+17 6.16069e+17 6.16069e+17 6.16069e+17 6.16069e+17 6.16069e+17 6.16069e+17 6.16069e+17 3.53843e+17 3.53843e+17 3.53843e+17 3.53843e+17 3.53843e+17 3.53843e+17 3.53843e+17 3.53843e+17 3.53843e+17 3.53843e+17 3.53843e+17 1.45096e+17 1.45096e+17 1.45096e+17 1.45096e+17 1.45096e+17 1.45096e+17 1.45096e+17 1.45096e+17 1.45096e+17 1.45096e+17 1.45096e+17 4.23914e+16 4.23914e+16 4.23914e+16 4.23914e+16 4.23914e+16 4.23914e+16 4.23914e+16 4.23914e+16 4.23914e+16 4.23914e+16 4.23914e+16 8.95279e+15 8.95279e+15 8.95279e+15 8.95279e+15 8.95279e+15 8.95279e+15 8.95279e+15 8.95279e+15 8.95279e+15 8.95279e+15 8.95279e+15 1.40952e+15 1.40952e+15 1.40952e+15 1.40952e+15 1.40952e+15 1.40951e+15 1.40951e+15 1.40951e+15 1.40951e+15 1.40951e+15 1.40951e+15 -5148 -5148 -5148 -5148 -5148 -5148 -5148 -5148 -5148 -5148 -5148
-1.10273e+12 -1.10273e+12 -1.1039e+12 -1.1039e+12 -1.10273e+12 -1.1039e+12 -1.10273e+12 -1.1039e+12 -1.10273e+12 -1.1039e+12 -1.10272e+12 -1.1039e+12 -1.10272e+12 -1.1039e+12 -1.10269e+12 -1.10389e+12 -1.10235e+12 -1.10385e+12 -1.10235e+12 -1.10385e+12 -1.10235e+12 -1.10385e+12 -1.11193e+12 -1.11193e+12 -1.11193e+12 -1.11193e+12 -1.11193e+12 -1.11193e+12 -1.11193e+12 -1.11193e+12 -1.11192e+12 -1.11192e+12 -1.11192e+12 -1.1475e+12 -1.1475e+12 -1.1475e+12 -1.1475e+12 -1.1475e+12 -1.1475e+12 -1.1475e+12 -1.1475e+12 -1.1475e+12 -1.1475e+12 -1.1475e+12 -1.27329e+12 -1.27329e+12 -1.27329e+12 -1.27329e+12 -1.27329e+12 -1.27329e+12 -1.27329e+12 -1.27329e+12 -1.27329e+12 -1.27329e+12 -1.27329e+12 -1.66523e+12 -1.66523e+12 -1.66523e+12 -1.66523e+12 -1.66523e+12 -1.66523e+12 -1.66523e+12 -1.66523e+12 -1.66523e+12 -1.66523e+12 -1.66523e+12 -2.81254e+12 -2.81254e+12 -2.81254e+12 -2.81254e+12 -2.81254e+12 -2.81254e+12 -2.81254e+12 -2.81254e+12 -2.81254e+12 -2.81254e+12 -2.81254e+12 -6.03615e+12 -6.03615e+12 -6.03615e+12 -6.03615e+12 -6.03615e+12 -6.03615e+12 -6.03615e+12 -6.03615e+12 -6.03615e+12 -6.03615e+12 -6.03615e+12 -1.4707e+13 -1.4707e+13 -1.4707e+13 -1.4707e+13 -1.4707e+13 -1.4707e+13 -1.4707e+13 -1.4707e+13 -1.4707e+13 -1.4707e+13 -1.4707e+13 -3.64761e+13 -3.64761e+13 -3.64761e+13 -3.64761e+13 -3.64761e+13 -3.64761e+13 -3.64761e+13 -3.64761e+13 -3.64761e+13 -3.64761e+13 -3.64761e+13 -8.59507e+13 -8.59507e+13 -8.59507e+13 -8.59507e+13 -8.59507e+13 -8.59507e+13 -8.59507e+13 -8.59507e+13 -8.59507e+13 -8.59507e+13 -8.59507e+13 -1.85826e+14 -1.85826e+14 -1.85826e+14 -1.85826e+14 -1.85826e+14 -1.85826e+14 -1.85826e+14 -1.85826e+14 -1.85826e+14 -1.85826e+14 -1.85826e+14 -3.63991e+14 -3.63991e+14 -3.63991e+14 -3.63991e+14 -3.63991e+14 -3.63991e+14 -3.63991e+14 -3.63991e+14 -3.63991e+14 -3.63991e+14 -3.63991e+14 -6.46133e+14 -6.46133e+14 -6.46133e+14 -6.46133e+14 -6.46133e+14 -6.46133e+14 -6.46133e+14 -6.46133e+14 -6.46133e+14 -6.46133e+14 -6.46133e+14 -1.04681e+15 -1.04681e+15 -1.04681e+15 -1.04681e+15 -1.04681e+15 -1.04681e+15 -1.04681e+15 -1.04681e+15 -1.04681e+15 -1.04681e+15 -1.04681e+15 -1.56357e+15 -1.56357e+15 -1.56357e+15 -1.56357e+15 -1.56357e+15 -1.56357e+15 -1.56357e+15 -1.56357e+15 -1.56357e+15 -1.56357e+15 -1.56357e+15 -2.17687e+15 -2.17687e+15 -2.17687e+15 -2.17687e+15 -2.17687e+15 -2.17687e+15 -2.17687e+15 -2.17687e+15 -2.17687e+15 -2.17687e+15 -2.17687e+15 -2.85513e+15 -2.85513e+15 -2.85513e+15 -2.85513e+15 -2.85513e+15 -2.85513e+15 -2.85513e+15 -2.85513e+15 -2.85513e+15 -2.85513e+15 -2.85513e+15 -3.56218e+15 -3.56218e+15 -3.56218e+15 -3.56218e+15 -3.56218e+15 -3.56218e+15 -3.56218e+15 -3.56218e+15 -3.56218e+15 -3.56218e+15 -3.56218e+15 -4.26395e+15 -4.26395e+15 -4.26395e+15 -4.26395e+15 -4.26395e+15 -4.26395e+15 -4.26395e+15 -4.26395e+15 -4.26395e+15 -4.26395e+15 -4.26395e+15 -4.93291e+15 -4.93291e+15 -4.93291e+15 -4.93291e+15 -4.93291e+15 -4.93291e+15 -4.93291e+15 -4.93291e+15 -4.93291e+15 -4.93291e+15 -4.93291e+15 -5.54983e+15 -5.54983e+15 -5.54983e+15 -5.54983e+15 -5.54983e+15 -5.54983e+15 -5.54983e+15 -5.54983e+15 -5.54983e+15 -5.54983e+15 -5.54983e+15 -6.01127e+15 -6.01127e+15 -6.01127e+15 -6.01127e+15 -6.01127e+15 -6.01127e+15 -6.01127e+15 -6.01127e+15 -6.01127e+15 -6.01127e+15 -6.01127e+15 -6.6357e+15 -6.6357e+15 -6.6357e+15 -6.6357e+15 -6.6357e+15 -6.6357e+15 -6.6357e+15 -6.6357e+15 -6.6357e+15 -6.6357e+15 -6.6357e+15 -7.49976e+15 -7.49976e+15 -7.49976e+15 -7.49976e+15 -7.49976e+15 -7.49976e+15 -7.49976e+15 -7.49976e+15 -7.49976e+15 -7.49976e+15 -7.49976e+15 -8.72506e+15 -8.72506e+15 -8.72506e+15 -8.72506e+15 -8.72506e+15 -8.72506e+15 -8.72506e+15 -8.72506e+15 -8.72506e+15 -8.72506e+15 -8.72506e+15 -1.05155e+16 -1.05155e+16 -1.05155e+16 -1.05155e+16 -1.05155e+16 -1.05155e+16 -1.05155e+16 -1.05155e+16 -1.05155e+16 -1.05155e+16 -1.05155e+16 -1.32284e+16 -1.32284e+16 -1.32284e+16 -1.32284e+16 -1.32284e+16 -1.32284e+16 -1.32284e+16 -1.32284e+16 -1.32284e+16 -1.32284e+16 -1.32284e+16 -1.7523e+16 -1.7523e+16 -1.7523e+16 -1.7523e+16 -1.7523e+16 -1.7523e+16 -1.7523e+16 -1.7523e+16 -1.7523e+16 -1.7523e+16 -1.7523e+16 -2.46852e+16 -2.46852e+16 -2.46852e+16 -2.46852e+16 -2.46852e+16 -2.46852e+16 -2.46852e+16 -2.46852e+16 -2.46852e+16 -2.46852e+16 -2.46852e+16 -3.73818e+16 -3.73818e+16 -3.73818e+16 -3.73818e+16 -3.73818e+16 -3.73818e+16 -3.73818e+16 -3.73818e+16 -3.73818e+16 -3.73818e+16 -3.73818e+16 -6.15218e+16 -6.15218e+16 -6.15218e+16 -6.15218e+16 -6.15218e+16 -6.15218e+16 -6.15218e+16 -6.15218e+16 -6.15218e+16 -6.15218e+16 -6.15218e+16 -1.11119e+17 -1.11119e+17 -1.11119e+17 -1.11119e+17 -1.11119e+17 -1.11119e+17 -1.11119e+17 -1.11119e+17 -1.11119e+17 -1.11119e+17 -1.11119e+17 -2.21638e+17 -2.21638e+17 -2.21638e+17 -2.21638e+17 -2.21638e+17 -2.21638e+17 -2.21638e+17 -2.21638e+17 -2.21638e+17 -2.21638e+17 -2.21638e+17 -4.87503e+17 -4.87503e+17 -4.87503e+17 -4.87503e+17 -4.87503e+17 -4.87503e+17 -4.87503e+17 -4.87503e+17 -4.87503e+17 -4.87503e+17 -4.87503e+17 -1.16409e+18 -1.16409e+18 -1.16409e+18 -1.16409e+18 -1.16409e+18 -1.16409e+18 -1.16409e+18 -1.16409e+18 -1.16409e+18 -1.16409e+18 -1.16409e+18 -2.90117e+18 -2.90117e+18 -2.90117e+18 -2.90117e+18 -2.90117e+18 -2.90117e+18 -2.90117e+18 -2.90117e+18 -2.90117e+18 -2.90117e+18 -2.90117e+18 -7.01513e+18 -7.01513e+18 -7.01513e+18 -7.01513e+18 -7.01513e+18 -7.01513e+18 -7.01513e+18 -7.01513e+18 -7.01513e+18 -7.01513e+18 -7.01513e+18 -1.48309e+19 -1.48309e+19 -1.48309e+19 -1.48309e+19 -1.48309e+19 -1.48309e+19 -1.48309e+19 -1.48309e+19 -1.48309e+19 -1.48309e+19 -1.48309e+19 -2.49605e+19 -2.49605e+19 -2.49605e+19 -2.49605e+19 -2.49605e+19 -2.49605e+19 -2.49605e+19 -2.49605e+19 -2.49605e+19 -2.49605e+19 -2.49605e+19 -3.30242e+19 -3.30242e+19 -3.30242e+19 -3.30242e+19 -3.30242e+19 -3.30242e+19 -3.30242e+19 -3.30242e+19 -3.30242e+19 -3.30242e+19 -3.30242e+19 -3.69916e+19 -3.69916e+19 -3.69916e+19 -3.69916e+19 -3.69916e+19 -3.69916e+19 -3.69916e+19 -3.69916e+19 -3.69916e+19 -3.69916e+19 -3.69916e+19 -3.82833e+19 -3.82833e+19 -3.82833e+19 -3.82833e+19 -3.82833e+19 -3.82833e+19 -3.82833e+19 -3.82833e+19 -3.82833e+19 -3.82833e+19 -3.82833e+19 -3.85747e+19 -3.85747e+19 -3.85747e+19 -3.85747e+19 -3.85747e+19 -3.85747e+19 -3.85747e+19 -3.85747e+19 -3.85747e+19 -3.85747e+19 -3.85747e+19 -3.86291e+19 -3.86291e+19 -3.86291e+19 -3.86291e+19 -3.86291e+19 -3.86291e+19 -3.86291e+19 -3.86291e+19 -3.86291e+19 -3.86291e+19 -3.86291e+19
2.44578e+10 2.44578e+10 2.44943e+10 2.44943e+10 2.44578e+10 2.44943e+10 2.44578e+10 2.44943e+10 2.44578e+10 2.44943e+10 2.44578e+10 2.44943e+10 2.44577e+10 2.44942e+10 2.44566e+10 2.4494e+10 2.44462e+10 2.44929e+10 2.44462e+10 2.44928e+10 2.44462e+10 2.44928e+10 2.47433e+10 2.47433e+10 2.47433e+10 2.47433e+10 2.47433e+10 2.47433e+10 2.47433e+10 2.47433e+10 2.47431e+10 2.4743e+10 2.4743e+10 2.58348e+10 2.58348e+10 2.58348e+10 2.58348e+10 2.58348e+10 2.58348e+10 2.58348e+10 2.58347e+10 2.58347e+10 2.58347e+10 2.58347e+10 2.95814e+10 2.95814e+10 2.95814e+10 2.95814e+10 2.95814e+10 2.95814e+10 2.95814e+10 2.95814e+10 2.95814e+10 2.95814e+10 2.95814e+10 4.0648e+10 4.0648e+10 4.0648e+10 4.0648e+10 4.0648e+10 4.0648e+10 4.0648e+10 4.0648e+10 4.06479e+10 4.06479e+10 4.06479e+10 7.14083e+10 7.14083e+10 7.14083e+10 7.14083e+10 7.14083e+10 7.14083e+10 7.14083e+10 7.14083e+10 7.14083e+10 7.14083e+10 7.14083e+10 1.55616e+11 1.55616e+11 1.55616e+11 1.55616e+11 1.55616e+11 1.55616e+11 1.55616e+11 1.55616e+11 1.55616e+11 1.55616e+11 1.55616e+11 3.80461e+11 3.80461e+11 3.80461e+11 3.80461e+11 3.80461e+11 3.80461e+11 3.80461e+11 3.80461e+11 3.80461e+11 3.80461e+11 3.80461e+11 9.44159e+11 9.44159e+11 9.44159e+11 9.44159e+11 9.44159e+11 9.44159e+11 9.44159e+11 9.44159e+11 9.44159e+11 9.44159e+11 9.44158e+11 2.22498e+12 2.22498e+12 2.22498e+12 2.22498e+12 2.22498e+12 2.22498e+12 2.22498e+12 2.22498e+12 2.22498e+12 2.22498e+12 2.22498e+12 4.8105e+12 4.8105e+12 4.8105e+12 4.8105e+12 4.8105e+12 4.8105e+12 4.8105e+12 4.8105e+12 4.8105e+12 4.8105e+12 4.8105e+12 9.42271e+12 9.42271e+12 9.42271e+12 9.42271e+12 9.42271e+12 9.42271e+12 9.42271e+12 9.42271e+12 9.42271e+12 9.42271e+12 9.42271e+12 1.67266e+13 1.67266e+13 1.67266e+13 1.67266e+13 1.67266e+13 1.67266e+13 1.67266e+13 1.67266e+13 1.67266e+13 1.67266e+13 1.67266e+13 2.7099e+13 2.7099e+13 2.7099e+13 2.7099e+13 2.7099e+13 2.7099e+13 2.7099e+13 2.7099e+13 2.7099e+13 2.7099e+13 2.7099e+13 4.04765e+13 4.04765e+13 4.04765e+13 4.04765e+13 4.04765e+13 4.04765e+13 4.04765e+13 4.04765e+13 4.04765e+13 4.04765e+13 4.04765e+13 5.6353e+13 5.6353e+13 5.6353e+13 5.6353e+13 5.6353e+13 5.6353e+13 5.6353e+13 5.6353e+13 5.63529e+13 5.63529e+13 5.63529e+13 7.39112e+13 7.39112e+13 7.39112e+13 7.39112e+13 7.39112e+13 7.39112e+13 7.39112e+13 7.39112e+13 7.39112e+13 7.39112e+13 7.39112e+13 9.22148e+13 9.22148e+13 9.22148e+13 9.22148e+13 9.22148e+13 9.22148e+13 9.22148e+13 9.22148e+13 9.22148e+13 9.22148e+13 9.22148e+13 1.10382e+14 1.10382e+14 1.10382e+14 1.10382e+14 1.10382e+14 1.10382e+14 1.10382e+14 1.10382e+14 1.10382e+14 1.10382e+14 1.10382e+14 1.27699e+14 1.27699e+14 1.27699e+14 1.27699e+14 1.27699e+14 1.27699e+14 1.27699e+14 1.27699e+14 1.27699e+14 1.27699e+14 1.27699e+14 1.43669e+14 1.43669e+14 1.43669e+14 1.43669e+14 1.43669e+14 1.43669e+14 1.43669e+14 1.43669e+14 1.43669e+14 1.43669e+14 1.43669e+14 1.55615e+14 1.55615e+14 1.55615e+14 1.55615e+14 1.55615e+14 1.55615e+14 1.55615e+14 1.55615e+14 1.55615e+14 1.55615e+14 1.55615e+14 1.7178e+14 1.7178e+14 1.7178e+14 1.7178e+14 1.7178e+14 1.7178e+14 1.7178e+14 1.7178e+14 1.7178e+14 1.7178e+14 1.7178e+14 1.94148e+14 1.94148e+14 1.94148e+14 1.94148e+14 1.94148e+14 1.94148e+14 1.94148e+14 1.94148e+14 1.94148e+14 1.94148e+14 1.94148e+14 2.25867e+14 2.25867e+14 2.25867e+14 2.25867e+14 2.25867e+14 2.25867e+14 2.25867e+14 2.25867e+14 2.25867e+14 2.25867e+14 2.25867e+14 2.72216e+14 2.72216e+14 2.72216e+14 2.72216e+14 2.72216e+14 2.72216e+14 2.72216e+14 2.72216e+14 2.72216e+14 2.72216e+14 2.72216e+14 3.42446e+14 3.42446e+14 3.42446e+14 3.42446e+14 3.42446e+14 3.42446e+14 3.42446e+14 3.42446e+14 3.42446e+14 3.42446e+14 3.42446e+14 4.53622e+14 4.53622e+14 4.53622e+14 4.53622e+14 4.53622e+14 4.53622e+14 4.53622e+14 4.53622e+14 4.53622e+14 4.53622e+14 4.53622e+14 6.39031e+14 6.39031e+14 6.39031e+14 6.39031e+14 6.39031e+14 6.39031e+14 6.39031e+14 6.39031e+14 6.39031e+14 6.39031e+14 6.39031e+14 9.67711e+14 9.67711e+14 9.67711e+14 9.67711e+14 9.67711e+14 9.67711e+14 9.67711e+14 9.67711e+14 9.67711e+14 9.67711e+14 9.67711e+14 1.59263e+15 1.59263e+15 1.59263e+15 1.59263e+15 1.59263e+15 1.59263e+15 1.59263e+15 1.59263e+15 1.59263e+15 1.59263e+15 1.59263e+15 2.87656e+15 2.87656e+15 2.87656e+15 2.87656e+15 2.87656e+15 2.87656e+15 2.87656e+15 2.87656e+15 2.87656e+15 2.87656e+15 2.87656e+15 5.73759e+15 5.73759e+15 5.73759e+15 5.73759e+15 5.73759e+15 5.73759e+15 5.73759e+15 5.73759e+15 5.73759e+15 5.73759e+15 5.73759e+15 1.26201e+16 1.26201e+16 1.26201e+16 1.26201e+16 1.26201e+16 1.26201e+16 1.26201e+16 1.26201e+16 1.26201e+16 1.26201e+16 1.26201e+16 3.0135e+16 3.0135e+16 3.0135e+16 3.0135e+16 3.0135e+16 3.0135e+16 3.0135e+16 3.0135e+16 3.0135e+16 3.0135e+16 3.0135e+16 7.51031e+16 7.51031e+16 7.51031e+16 7.51031e+16 7.51031e+16 7.51031e+16 7.51031e+16 7.51031e+16 7.51031e+16 7.51031e+16 7.51031e+16 1.81602e+17 1.81602e+17 1.81602e+17 1.81602e+17 1.81602e+17 1.81602e+17 1.81602e+17 1.81602e+17 1.81602e+17 1.81602e+17 1.81602e+17 3.83931e+17 3.83931e+17 3.83931e+17 3.83931e+17 3.83931e+17 3.83931e+17 3.83931e+17 3.83931e+17 3.83931e+17 3.83931e+17 3.83931e+17 6.46157e+17 6.46157e+17 6.46157e+17 6.46157e+17 6.46157e+17 6.46157e+17 6.46157e+17 6.46157e+17 6.46157e+17 6.46157e+17 6.46157e+17 8.54904e+17 8.54904e+17 8.54904e+17 8.54904e+17 8.54904e+17 8.54904e+17 8.54904e+17 8.54904e+17 8.54904e+17 8.54904e+17 8.54904e+17 9.57609e+17 9.57609e+17 9.57609e+17 9.57609e+17 9.57609e+17 9.57609e+17 9.57609e+17 9.57609e+17 9.57609e+17 9.57609e+17 9.57609e+17 9.91047e+17 9.91047e+17 9.91047e+17 9.91047e+17 9.91047e+17 9.91047e+17 9.91047e+17 9.91047e+17 9.91047e+17 9.91047e+17 9.91047e+17 9.9859e+17 9.9859e+17 9.9859e+17 9.9859e+17 9.9859e+17 9.9859e+17 9.9859e+17 9.9859e+17 9.9859e+17 9.9859e+17 9.9859e+17 1e+18 1e+18 1e+18 1e+18 1e+18 1e+18 1e+18 1e+18 1e+18 1e+18 1e+18
9.44783e+11 9.44783e+11 9.46193e+11 9.46193e+11 9.44783e+11 9.46193e+11 9.44783e+11 9.46193e+11 9.44783e+11 9.46193e+11 9.44782e+11 9.46193e+11 9.44778e+11 9.46191e+11 9.44737e+11 9.46183e+11 9.44335e+11 9.46139e+11 9.44335e+11 9.46135e+11 9.44335e+11 9.46135e+11 9.55813e+11 9.55813e+11 9.55813e+11 9.55813e+11 9.55813e+11 9.55813e+11 9.55813e+11 9.55811e+11 9.55804e+11 9.55803e+11 9.55803e+11 9.97975e+11 9.97975e+11 9.97975e+11 9.97975e+11 9.97975e+11 9.97975e+11 9.97975e+11 9.97974e+11 9.97972e+11 9.97972e+11 9.97972e+11 1.1427e+12 1.1427e+12 1.1427e+12 1.1427e+12 1.1427e+12 1.1427e+12 1.1427e+12 1.1427e+12 1.1427e+12 1.1427e+12 1.1427e+12 1.5702e+12 1.5702e+12 1.5702e+12 1.5702e+12 1.5702e+12 1.5702e+12 1.5702e+12 1.5702e+12 1.5702e+12 1.57019e+12 1.57019e+12 2.75844e+12 2.75844e+12 2.75844e+12 2.75844e+12 2.75844e+12 2.75844e+12 2.75844e+12 2.75844e+12 2.75844e+12 2.75844e+12 2.75844e+12 6.01133e+12 6.01133e+12 6.01133e+12 6.01133e+12 6.01133e+12 6.01133e+12 6.01133e+12 6.01133e+12 6.01133e+12 6.01133e+12 6.01133e+12 1.46969e+13 1.46969e+13 1.46969e+13 1.46969e+13 1.46969e+13 1.46969e+13 1.46969e+13 1.46969e+13 1.46969e+13 1.46969e+13 1.46969e+13 3.6472e+13 3.6472e+13 3.6472e+13 3.6472e+13 3.6472e+13 3.6472e+13 3.6472e+13 3.6472e+13 3.6472e+13 3.6472e+13 3.6472e+13 8.5949e+13 8.5949e+13 8.5949e+13 8.5949e+13 8.5949e+13 8.5949e+13 8.5949e+13 8.5949e+13 8.5949e+13 8.5949e+13 8.5949e+13 1.85825e+14 1.85825e+14 1.85825e+14 1.85825e+14 1.85825e+14 1.85825e+14 1.85825e+14 1.85825e+14 1.85825e+14 1.85825e+14 1.85825e+14 3.63991e+14 3.63991e+14 3.63991e+14 3.63991e+14 3.63991e+14 3.63991e+14 3.63991e+14 3.63991e+14 3.63991e+14 3.63991e+14 3.63991e+14 6.46133e+14 6.46133e+14 6.46133e+14 6.46133e+14 6.46133e+14 6.46133e+14 6.46133e+14 6.46133e+14 6.46133e+14 6.46133e+14 6.46133e+14 1.04681e+15 1.04681e+15 1.04681e+15 1.04681e+15 1.04681e+15 1.04681e+15 1.04681e+15 1.04681e+15 1.04681e+15 1.04681e+15 1.04681e+15 1.56357e+15 1.56357e+15 1.56357e+15 1.56357e+15 1.56357e+15 1.56357e+15 1.56357e+15 1.56357e+15 1.56357e+15 1.56357e+15 1.56357e+15 2.17687e+15 2.17687e+15 2.17687e+15 2.17687e+15 2.17687e+15 2.17687e+15 2.17687e+15 2.17687e+15 2.17687e+15 2.17687e+15 2.17687e+15 2.85513e+15 2.85513e+15 2.85513e+15 2.85513e+15 2.85513e+15 2.85513e+15 2.85513e+15 2.85513e+15 2.85513e+15 2.85513e+15 2.85513e+15 3.56218e+15 3.56218e+15 3.56218e+15 3.56218e+15 3.56218e+15 3.56218e+15 3.56218e+15 3.56218e+15 3.56218e+15 3.56218e+15 3.56218e+15 4.26395e+15 4.26395e+15 4.26395e+15 4.26395e+15 4.26395e+15 4.26395e+15 4.26395e+15 4.26395e+15 4.26395e+15 4.26395e+15 4.26395e+15 4.93291e+15 4.93291e+15 4.93291e+15 4.93291e+15 4.93291e+15 4.93291e+15 4.93291e+15 4.93291e+15 4.93291e+15 4.93291e+15 4.93291e+15 5.54983e+15 5.54983e+15 5.54983e+15 5.54983e+15 5.54983e+15 5.54983e+15 5.54983e+15 5.54983e+15 5.54983e+15 5.54983e+15 5.54983e+15 6.01127e+15 6.01127e+15 6.01127e+15 6.01127e+15 6.01127e+15 6.01127e+15 6.01127e+15 6.01127e+15 6.01127e+15 6.01127e+15 6.01127e+15 6.6357e+15 6.6357e+15 6.6357e+15 6.6357e+15 6.6357e+15 6.6357e+15 6.6357e+15 6.6357e+15 6.6357e+15 6.6357e+15 6.6357e+15 7.49976e+15 7.49976e+15 7.49976e+15 7.49976e+15 7.49976e+15 7.49976e+15 7.49976e+15 7.49976e+15 7.49976e+15 7.49976e+15 7.49976e+15 8.72506e+15 8.72506e+15 8.72506e+15 8.72506e+15 8.72506e+15 8.72506e+15 8.72506e+15 8.72506e+15 8.72506e+15 8.72506e+15 8.72506e+15 1.05155e+16 1.05155e+16 1.05155e+16 1.05155e+16 1.05155e+16 1.05155e+16 1.05155e+16 1.05155e+16 1.05155e+16 1.05155e+16 1.05155e+16 1.32284e+16 1.32284e+16 1.32284e+16 1.32284e+16 1.32284e+16 1.32284e+16 1.32284e+16 1.32284e+16 1.32284e+16 1.32284e+16 1.32284e+16 1.7523e+16 1.7523e+16 1.7523e+16 1.7523e+16 1.7523e+16 1.7523e+16 1.7523e+16 1.7523e+16 1.7523e+16 1.7523e+16 1.7523e+16 2.46852e+16 2.46852e+16 2.46852e+16 2.46852e+16 2.46852e+16 2.46852e+16 2.46852e+16 2.46852e+16 2.46852e+16 2.46852e+16 2.46852e+16 3.73818e+16 3.73818e+16 3.73818e+16 3.73818e+16 3.73818e+16 3.73818e+16 3.73818e+16 3.73818e+16 3.73818e+16 3.73818e+16 3.73818e+16 6.15218e+16 6.15218e+16 6.15218e+16 6.15218e+16 6.15218e+16 6.15218e+16 6.15218e+16 6.15218e+16 6.15218e+16 6.15218e+16 6.15218e+16 1.11119e+17 1.11119e+17 1.11119e+17 1.11119e+17 1.11119e+17 1.11119e+17 1.11119e+17 1.11119e+17 1.11119e+17 1.11119e+17 1.11119e+17 2.21638e+17 2.21638e+17 2.21638e+17 2.21638e+17 2.21638e+17 2.21638e+17 2.21638e+17 2.21638e+17 2.21638e+17 2.21638e+17 2.21638e+17 4.87503e+17 4.87503e+17 4.87503e+17 4.87503e+17 4.87503e+17 4.87503e+17 4.87503e+17 4.87503e+17 4.87503e+17 4.87503e+17 4.87503e+17 1.16409e+18 1.16409e+18 1.16409e+18 1.16409e+18 1.16409e+18 1.16409e+18 1.16409e+18 1.16409e+18 1.16409e+18 1.16409e+18 1.16409e+18 2.90117e+18 2.90117e+18 2.90117e+18 2.90117e+18 2.90117e+18 2.90117e+18 2.90117e+18 2.90117e+18 2.90117e+18 2.90117e+18 2.90117e+18 7.01513e+18 7.01513e+18 7.01513e+18 7.01513e+18 7.01513e+18 7.01513e+18 7.01513e+18 7.01513e+18 7.01513e+18 7.01513e+18 7.01513e+18 1.48309e+19 1.48309e+19 1.48309e+19 1.48309e+19 1.48309e+19 1.48309e+19 1.48309e+19 1.48309e+19 1.48309e+19 1.48309e+19 1.48309e+19 2.49605e+19 2.49605e+19 2.49605e+19 2.49605e+19 2.49605e+19 2.49605e+19 2.49605e+19 2.49605e+19 2.49605e+19 2.49605e+19 2.49605e+19 3.30242e+19 3.30242e+19 3.30242e+19 3.30242e+19 3.30242e+19 3.30242e+19 3.30242e+19 3.30242e+19 3.30242e+19 3.30242e+19 3.30242e+19 3.69916e+19 3.69916e+19 3.69916e+19 3.69916e+19 3.69916e+19 3.69916e+19 3.69916e+19 3.69916e+19 3.69916e+19 3.69916e+19 3.69916e+19 3.82833e+19 3.82833e+19 3.82833e+19 3.82833e+19 3.82833e+19 3.82833e+19 3.82833e+19 3.82833e+19 3.82833e+19 3.82833e+19 3.82833e+19 3.85747e+19 3.85747e+19 3.85747e+19 3.85747e+19 3.85747e+19 3.85747e+19 3.85747e+19 3.85747e+19 3.85747e+19 3.85747e+19 3.85747e+19 3.86291e+19 3.86291e+19 3.86291e+19 3.86291e+19 3.86291e+19 3.86291e+19 3.86291e+19 3.86291e+19 3.86291e+19 3.86291e+19 3.86291e+19
4.08868e+09 4.08868e+09 4.08259e+09 4.08259e+09 4.08868e+09 4.08259e+09 4.08868e+09 4.08259e+09 4.08868e+09 4.08259e+09 4.08868e+09 4.08259e+09 4.0887e+09 4.08259e+09 4.08888e+09 4.08263e+09 4.09062e+09 4.08282e+09 4.09062e+09 4.08284e+09 4.09062e+09 4.08284e+09 4.0415e+09 4.0415e+09 4.0415e+09 4.0415e+09 4.0415e+09 4.0415e+09 4.0415e+09 4.04151e+09 4.04153e+09 4.04154e+09 4.04154e+09 3.87075e+09 3.87075e+09 3.87075e+09 3.87075e+09 3.87075e+09 3.87075e+09 3.87075e+09 3.87076e+09 3.87076e+09 3.87076e+09 3.87076e+09 3.3805e+09 3.3805e+09 3.3805e+09 3.3805e+09 3.3805e+09 3.3805e+09 3.3805e+09 3.3805e+09 3.3805e+09 3.3805e+09 3.3805e+09 2.46015e+09 2.46015e+09 2.46015e+09 2.46015e+09 2.46015e+09 2.46015e+09 2.46015e+09 2.46015e+09 2.46015e+09 2.46015e+09 2.46015e+09 1.4004e+09 1.4004e+09 1.4004e+09 1.4004e+09 1.4004e+09 1.4004e+09 1.4004e+09 1.4004e+09 1.4004e+09 1.4004e+09 1.4004e+09 6.42606e+08 6.42606e+08 6.42606e+08 6.42606e+08 6.42606e+08 6.42606e+08 6.42606e+08 6.42606e+08 6.42606e+08 6.42606e+08 6.42606e+08 2.62839e+08 2.62839e+08 2.62839e+08 2.62839e+08 2.62839e+08 2.62839e+08 2.62839e+08 2.62839e+08 2.62839e+08 2.62839e+08 2.62839e+08 1.05914e+08 1.05914e+08 1.05914e+08 1.05914e+08 1.05914e+08 1.05914e+08 1.05914e+08 1.05914e+08 1.05914e+08 1.05914e+08 1.05914e+08 4.49443e+07 4.49443e+07 4.49443e+07 4.49443e+07 4.49443e+07 4.49443e+07 4.49443e+07 4.49443e+07 4.49443e+07 4.49443e+07 4.49443e+07 2.07879e+07 2.07879e+07 2.07879e+07 2.07879e+07 2.07879e+07 2.07879e+07 2.07879e+07 2.07879e+07 2.07879e+07 2.07879e+07 2.07879e+07 1.06127e+07 1.06127e+07 1.06127e+07 1.06127e+07 1.06127e+07 1.06127e+07 1.06127e+07 1.06127e+07 1.06127e+07 1.06127e+07 1.06127e+07 5.97851e+06 5.97851e+06 5.97851e+06 5.97851e+06 5.97851e+06 5.97851e+06 5.97851e+06 5.97851e+06 5.97851e+06 5.97851e+06 5.97851e+06 3.69017e+06 3.69017e+06 3.69017e+06 3.69017e+06 3.69017e+06 3.69017e+06 3.69017e+06 3.69017e+06 3.69017e+06 3.69017e+06 3.69017e+06 2.47057e+06 2.47057e+06 2.47057e+06 2.47057e+06 2.47057e+06 2.47057e+06 2.47057e+06 2.47057e+06 2.47057e+06 2.47057e+06 2.47057e+06 1.77453e+06 1.77453e+06 1.77453e+06 1.77453e+06 1.77453e+06 1.77453e+06 1.77453e+06 1.77453e+06 1.77453e+06 1.77453e+06 1.77453e+06 1.35297e+06 1.35297e+06 1.35297e+06 1.35297e+06 1.35297e+06 1.35297e+06 1.35297e+06 1.35297e+06 1.35297e+06 1.35297e+06 1.35297e+06 1.08442e+06 1.08442e+06 1.08442e+06 1.08442e+06 1.08442e+06 1.08442e+06 1.08442e+06 1.08442e+06 1.08442e+06 1.08442e+06 1.08442e+06 905946 905946 905946 905946 905946 905946 905946 905946 905946 905947 905947 783090 783090 783090 783090 783090 783090 783090 783090 783090 783090 783090 696042 696042 696042 696042 696042 696042 696042 696042 696042 696042 696042 642612 642612 642612 642612 642612 642612 642612 642612 642612 642612 642612 582141 582141 582141 582141 582141 582141 582141 582141 582141 582141 582141 515072 515072 515072 515072 515072 515072 515072 515072 515072 515072 515072 442738 442738 442738 442738 442738 442738 442738 442738 442738 442738 442738 367356 367356 367356 367356 367356 367356 367356 367356 367356 367356 367356 292017 292017 292017 292017 292017 292017 292017 292017 292017 292017 292017 220448 220448 220448 220448 220448 220448 220448 220448 220448 220448 220448 156487 156487 156487 156487 156487 156487 156487 156487 156487 156487 156487 103337 103337 103337 103337 103337 103337 103337 103337 103337 103337 103337 62789.4 62789.4 62789.4 62789.4 62789.4 62789.4 62789.4 62789.4 62789.4 62789.4 62789.4 34763.7 34763.7 34763.7 34763.7 34763.7 34763.7 34763.7 34763.7 34763.7 34763.7 34763.7 17428.9 17428.9 17428.9 17428.9 17428.9 17428.9 17428.9 17428.9 17428.9 17428.9 17428.9 7923.88 7923.88 7923.88 7923.88 7923.88 7923.88 7923.88 7923.88 7923.88 7923.88 7923.88 3318.4 3318.4 3318.4 3318.4 3318.4 3318.4 3318.4 3318.4 3318.4 3318.4 3318.4 1331.5 1331.5 1331.5 1331.5 1331.5 1331.5 1331.5 1331.5 1331.5 1331.5 1331.5 550.655 550.655 550.655 550.655 550.655 550.655 550.655 550.655 550.655 550.655 550.655 260.463 260.463 260.463 260.463 260.463 260.463 260.463 260.463 260.463 260.463 260.463 154.761 154.761 154.761 154.761 154.761 154.761 154.761 154.761 154.761 154.761 154.761 116.972 116.972 116.972 116.972 116.972 116.972 116.972 116.972 116.972 116.972 116.972 104.427 104.427 104.427 104.427 104.427 104.427 104.427 104.427 104.427 104.427 104.427 100.903 100.903 100.903 100.903 100.903 100.903 100.903 100.903 100.903 100.903 100.903 100.141 100.141 100.141 100.141 100.141 100.141 100.141 100.141 100.141 100.141 100.141 100 100 100 100 100 100 100 100 100 100 100
-1.57942e+11 -1.57942e+11 -1.57707e+11 -1.57707e+11 -1.57942e+11 -1.57707e+11 -1.57942e+11 -1.57707e+11 -1.57942e+11 -1.57707e+11 -1.57942e+11 -1.57707e+11 -1.57943e+11 -1.57707e+11 -1.5795e+11 -1.57708e+11 -1.58017e+11 -1.57716e+11 -1.58017e+11 -1.57716e+11 -1.58017e+11 -1.57717e+11 -1.56119e+11 -1.56119e+11 -1.56119e+11 -1.56119e+11 -1.56119e+11 -1.56119e+11 -1.5612e+11 -1.5612e+11 -1.56121e+11 -1.56121e+11 -1.56121e+11 -1.49524e+11 -1.49524e+11 -1.49524e+11 -1.49524e+11 -1.49524e+11 -1.49524e+11 -1.49524e+11 -1.49524e+11 -1.49524e+11 -1.49524e+11 -1.49524e+11 -1.30586e+11 -1.30586e+11 -1.30586e+11 -1.30586e+11 -1.30586e+11 -1.30586e+11 -1.30586e+11 -1.30586e+11 -1.30586e+11 -1.30586e+11 -1.30586e+11 -9.50334e+10 -9.50334e+10 -9.50334e+10 -9.50334e+10 -9.50334e+10 -9.50334e+10 -9.50334e+10 -9.50334e+10 -9.50334e+10 -9.50335e+10 -9.50335e+10 -5.40961e+10 -5.40961e+10 -5.40961e+10 -5.40961e+10 -5.40961e+10 -5.40961e+10 -5.40961e+10 -5.40961e+10 -5.40962e+10 -5.40962e+10 -5.40962e+10 -2.48233e+10 -2.48233e+10 -2.48233e+10 -2.48233e+10 -2.48233e+10 -2.48233e+10 -2.48233e+10 -2.48233e+10 -2.48233e+10 -2.48233e+10 -2.48233e+10 -1.01532e+10 -1.01532e+10 -1.01532e+10 -1.01532e+10 -1.01532e+10 -1.01532e+10 -1.01532e+10 -1.01532e+10 -1.01533e+10 -1.01533e+10 -1.01533e+10 -4.09138e+09 -4.09138e+09 -4.09138e+09 -4.09138e+09 -4.09138e+09 -4.09138e+09 -4.09138e+09 -4.09138e+09 -4.09138e+09 -4.09138e+09 -4.09138e+09 -1.73616e+09 -1.73616e+09 -1.73616e+09 -1.73616e+09 -1.73616e+09 -1.73616e+09 -1.73616e+09 -1.73616e+09 -1.73616e+09 -1.73616e+09 -1.73616e+09 -8.03017e+08 -8.03017e+08 -8.03017e+08 -8.03017e+08 -8.03017e+08 -8.03017e+08 -8.03017e+08 -8.03017e+08 -8.03017e+08 -8.03017e+08 -8.03017e+08 -4.09958e+08 -4.09958e+08 -4.09958e+08 -4.09958e+08 -4.09958e+08 -4.09958e+08 -4.09958e+08 -4.09958e+08 -4.09958e+08 -4.09958e+08 -4.09958e+08 -2.30945e+08 -2.30945e+08 -2.30945e+08 -2.30945e+08 -2.30945e+08 -2.30945e+08 -2.30945e+08 -2.30945e+08 -2.30945e+08 -2.30945e+08 -2.30945e+08 -1.42548e+08 -1.42548e+08 -1.42548e+08 -1.42548e+08 -1.42548e+08 -1.42548e+08 -1.42548e+08 -1.42548e+08 -1.42548e+08 -1.42548e+08 -1.42548e+08 -9.54359e+07 -9.54359e+07 -9.54359e+07 -9.54359e+07 -9.54359e+07 -9.54359e+07 -9.54359e+07 -9.54359e+07 -9.54359e+07 -9.54359e+07 -9.54359e+07 -6.85486e+07 -6.85486e+07 -6.85486e+07 -6.85486e+07 -6.85486e+07 -6.85486e+07 -6.85486e+07 -6.85486e+07 -6.85486e+07 -6.85486e+07 -6.85486e+07 -5.22642e+07 -5.22642e+07 -5.22642e+07 -5.22642e+07 -5.22642e+07 -5.22642e+07 -5.22642e+07 -5.22642e+07 -5.22642e+07 -5.22642e+07 -5.22642e+07 -4.18904e+07 -4.18904e+07 -4.18904e+07 -4.18904e+07 -4.18904e+07 -4.18904e+07 -4.18904e+07 -4.18904e+07 -4.18904e+07 -4.18904e+07 -4.18904e+07 -3.49959e+07 -3.49959e+07 -3.49959e+07 -3.49959e+07 -3.49959e+07 -3.49959e+07 -3.49959e+07 -3.49959e+07 -3.49959e+07 -3.49959e+07 -3.49959e+07 -3.02501e+07 -3.02501e+07 -3.02501e+07 -3.02501e+07 -3.02501e+07 -3.02501e+07 -3.02501e+07 -3.02501e+07 -3.02501e+07 -3.02501e+07 -3.02501e+07 -2.68875e+07 -2.68875e+07 -2.68875e+07 -2.68875e+07 -2.68875e+07 -2.68875e+07 -2.68875e+07 -2.68875e+07 -2.68875e+07 -2.68875e+07 -2.68875e+07 -2.48235e+07 -2.48235e+07 -2.48235e+07 -2.48235e+07 -2.48235e+07 -2.48235e+07 -2.48235e+07 -2.48235e+07 -2.48235e+07 -2.48235e+07 -2.48235e+07 -2.24876e+07 -2.24876e+07 -2.24876e+07 -2.24876e+07 -2.24876e+07 -2.24876e+07 -2.24876e+07 -2.24876e+07 -2.24876e+07 -2.24876e+07 -2.24876e+07 -1.98968e+07 -1.98968e+07 -1.98968e+07 -1.98968e+07 -1.98968e+07 -1.98968e+07 -1.98968e+07 -1.98968e+07 -1.98968e+07 -1.98968e+07 -1.98968e+07 -1.71026e+07 -1.71026e+07 -1.71026e+07 -1.71026e+07 -1.71026e+07 -1.71026e+07 -1.71026e+07 -1.71026e+07 -1.71026e+07 -1.71026e+07 -1.71026e+07 -1.41906e+07 -1.41906e+07 -1.41906e+07 -1.41906e+07 -1.41906e+07 -1.41906e+07 -1.41906e+07 -1.41906e+07 -1.41906e+07 -1.41906e+07 -1.41906e+07 -1.12804e+07 -1.12804e+07 -1.12804e+07 -1.12804e+07 -1.12804e+07 -1.12804e+07 -1.12804e+07 -1.12804e+07 -1.12804e+07 -1.12804e+07 -1.12804e+07 -8.51571e+06 -8.51571e+06 -8.51571e+06 -8.51571e+06 -8.51571e+06 -8.51571e+06 -8.51571e+06 -8.51571e+06 -8.51571e+06 -8.51571e+06 -8.51571e+06 -6.04496e+06 -6.04496e+06 -6.04496e+06 -6.04496e+06 -6.04496e+06 -6.04496e+06 -6.04496e+06 -6.04496e+06 -6.04496e+06 -6.04496e+06 -6.04496e+06 -3.99181e+06 -3.99181e+06 -3.99181e+06 -3.99181e+06 -3.99181e+06 -3.99181e+06 -3.99181e+06 -3.99181e+06 -3.99181e+06 -3.99181e+06 -3.99181e+06 -2.4255e+06 -2.4255e+06 -2.4255e+06 -2.4255e+06 -2.4255e+06 -2.4255e+06 -2.4255e+06 -2.4255e+06 -2.4255e+06 -2.4255e+06 -2.4255e+06 -1.34289e+06 -1.34289e+06 -1.34289e+06 -1.34289e+06 -1.34289e+06 -1.34289e+06 -1.34289e+06 -1.34289e+06 -1.34289e+06 -1.34289e+06 -1.34289e+06 -673264 -673264 -673264 -673264 -673264 -673264 -673264 -673264 -673264 -673264 -673264 -306093 -306093 -306093 -306093 -306093 -306093 -306093 -306093 -306093 -306093 -306093 -128187 -128187 -128187 -128187 -128187 -128187 -128187 -128187 -128187 -128187 -128187 -51434.8 -51434.8 -51434.8 -51434.8 -51434.8 -51434.8 -51434.8 -51434.8 -51434.8 -51434.8 -51434.8 -21271.3 -21271.3 -21271.3 -21271.3 -21271.3 -21271.3 -21271.3 -21271.3 -21271.3 -21271.3 -21271.3 -10061.5 -10061.5 -10061.5 -10061.5 -10061.5 -10061.5 -10061.5 -10061.5 -10061.5 -10061.5 -10061.5 -5978.29 -5978.29 -5978.29 -5978.29 -5978.29 -5978.29 -5978.29 -5978.29 -5978.29 -5978.29 -5978.29 -4518.53 -4518.53 -4518.53 -4518.53 -4518.53 -4518.53 -4518.53 -4518.53 -4518.53 -4518.53 -4518.53 -4033.92 -4033.92 -4033.92 -4033.92 -4033.92 -4033.92 -4033.92 -4033.92 -4033.92 -4033.92 -4033.92 -3897.81 -3897.81 -3897.81 -3897.81 -3897.81 -3897.81 -3897.81 -3897.81 -3897.81 -3897.81 -3897.81 -3868.37 -3868.37 -3868.37 -3868.37 -3868.37 -3868.37 -3868.37 -3868.37 -3868.37 -3868.37 -3868.37 -3862.91 -3862.91 -3862.91 -3862.91 -3862.91 -3862.91 -3862.91 -3862.91 -3862.91 -3862.91 -3862.91
-3.75885e-09 -3.74286e-09 -3.78049e-09 -3.76618e-09 -3.69145e-09 -3.72029e-09 -3.59345e-09 -3.63324e-09 -3.42668e-09 -3.4869e-09 -3.14983e-09 -3.25087e-09 -2.68048e-09 -2.87822e-09 -1.82391e-09 -2.31061e-09 -1.6e-17 -1.56319e-09 -1.6e-17 -1.3274e-09 -1.6e-17 -1.27143e-09 -3.85262e-09 -3.84171e-09 -3.80678e-09 -3.74096e-09 -3.63182e-09 -3.46064e-09 -3.20495e-09 -2.85416e-09 -2.46615e-09 -2.27894e-09 -2.22658e-09 -4.0604e-09 -4.05292e-09 -4.02903e-09 -3.98423e-09 -3.91066e-09 -3.79742e-09 -3.63385e-09 -3.42157e-09 -3.20266e-09 -3.08002e-09 -3.04304e-09 -4.68582e-09 -4.681e-09 -4.66566e-09 -4.63697e-09 -4.59015e-09 -4.51889e-09 -4.41795e-09 -4.29078e-09 -4.16369e-09 -4.08781e-09 -4.06407e-09 -6.4732e-09 -6.47011e-09 -6.46023e-09 -6.44181e-09 -6.41186e-09 -6.36659e-09 -6.30319e-09 -6.22464e-09 -6.14736e-09 -6.09977e-09 -6.08458e-09 -1.14043e-08 -1.14022e-08 -1.13954e-08 -1.13827e-08 -1.13622e-08 -1.13312e-08 -1.12883e-08 -1.12355e-08 -1.11841e-08 -1.11519e-08 -1.11415e-08 -2.48827e-08 -2.48811e-08 -2.48759e-08 -2.48664e-08 -2.48509e-08 -2.48276e-08 -2.47955e-08 -2.47562e-08 -2.47182e-08 -2.46941e-08 -2.46863e-08 -6.08606e-08 -6.08593e-08 -6.08551e-08 -6.08473e-08 -6.08346e-08 -6.08156e-08 -6.07895e-08 -6.07577e-08 -6.0727e-08 -6.07075e-08 -6.07011e-08 -1.51054e-07 -1.51053e-07 -1.51049e-07 -1.51042e-07 -1.51031e-07 -1.51015e-07 -1.50992e-07 -1.50965e-07 -1.50939e-07 -1.50922e-07 -1.50916e-07 -3.55986e-07 -3.55985e-07 -3.55982e-07 -3.55976e-07 -3.55966e-07 -3.55951e-07 -3.55931e-07 -3.55906e-07 -3.55883e-07 -3.55867e-07 -3.55862e-07 -7.6967e-07 -7.69669e-07 -7.69666e-07 -7.6966e-07 -7.69651e-07 -7.69638e-07 -7.69619e-07 -7.69596e-07 -7.69574e-07 -7.6956e-07 -7.69556e-07 -1.50762e-06 -1.50762e-06 -1.50762e-06 -1.50761e-06 -1.50761e-06 -1.50759e-06 -1.50757e-06 -1.50755e-06 -1.50753e-06 -1.50752e-06 -1.50752e-06 -2.67624e-06 -2.67624e-06 -2.67624e-06 -2.67623e-06 -2.67623e-06 -2.67621e-06 -2.6762e-06 -2.67618e-06 -2.67616e-06 -2.67614e-06 -2.67614e-06 -4.33583e-06 -4.33583e-06 -4.33583e-06 -4.33583e-06 -4.33582e-06 -4.33581e-06 -4.33579e-06 -4.33577e-06 -4.33575e-06 -4.33574e-06 -4.33573e-06 -6.47624e-06 -6.47624e-06 -6.47623e-06 -6.47623e-06 -6.47622e-06 -6.47621e-06 -6.47619e-06 -6.47617e-06 -6.47615e-06 -6.47614e-06 -6.47614e-06 -9.01646e-06 -9.01646e-06 -9.01646e-06 -9.01645e-06 -9.01645e-06 -9.01643e-06 -9.01642e-06 -9.0164e-06 -9.01638e-06 -9.01637e-06 -9.01636e-06 -1.18258e-05 -1.18258e-05 -1.18258e-05 -1.18258e-05 -1.18258e-05 -1.18258e-05 -1.18257e-05 -1.18257e-05 -1.18257e-05 -1.18257e-05 -1.18257e-05 -1.47544e-05 -1.47544e-05 -1.47544e-05 -1.47543e-05 -1.47543e-05 -1.47543e-05 -1.47543e-05 -1.47543e-05 -1.47543e-05 -1.47543e-05 -1.47543e-05 -1.76611e-05 -1.76611e-05 -1.76611e-05 -1.76611e-05 -1.76611e-05 -1.7661e-05 -1.7661e-05 -1.7661e-05 -1.7661e-05 -1.7661e-05 -1.7661e-05 -2.04319e-05 -2.04319e-05 -2.04319e-05 -2.04319e-05 -2.04318e-05 -2.04318e-05 -2.04318e-05 -2.04318e-05 -2.04318e-05 -2.04318e-05 -2.04318e-05 -2.29871e-05 -2.29871e-05 -2.29871e-05 -2.29871e-05 -2.29871e-05 -2.29871e-05 -2.29871e-05 -2.2987e-05 -2.2987e-05 -2.2987e-05 -2.2987e-05 -2.48984e-05 -2.48984e-05 -2.48984e-05 -2.48984e-05 -2.48984e-05 -2.48984e-05 -2.48983e-05 -2.48983e-05 -2.48983e-05 -2.48983e-05 -2.48983e-05 -2.74847e-05 -2.74847e-05 -2.74847e-05 -2.74847e-05 -2.74847e-05 -2.74847e-05 -2.74847e-05 -2.74847e-05 -2.74847e-05 -2.74846e-05 -2.74846e-05 -3.10636e-05 -3.10636e-05 -3.10636e-05 -3.10636e-05 -3.10636e-05 -3.10636e-05 -3.10636e-05 -3.10635e-05 -3.10635e-05 -3.10635e-05 -3.10635e-05 -3.61388e-05 -3.61388e-05 -3.61388e-05 -3.61388e-05 -3.61387e-05 -3.61387e-05 -3.61387e-05 -3.61387e-05 -3.61387e-05 -3.61387e-05 -3.61387e-05 -4.35545e-05 -4.35545e-05 -4.35545e-05 -4.35545e-05 -4.35545e-05 -4.35545e-05 -4.35545e-05 -4.35544e-05 -4.35544e-05 -4.35544e-05 -4.35544e-05 -5.47913e-05 -5.47913e-05 -5.47913e-05 -5.47913e-05 -5.47913e-05 -5.47913e-05 -5.47912e-05 -5.47912e-05 -5.47912e-05 -5.47912e-05 -5.47912e-05 -7.25795e-05 -7.25795e-05 -7.25795e-05 -7.25795e-05 -7.25795e-05 -7.25795e-05 -7.25795e-05 -7.25795e-05 -7.25794e-05 -7.25794e-05 -7.25794e-05 -0.000102245 -0.000102245 -0.000102245 -0.000102245 -0.000102245 -0.000102245 -0.000102245 -0.000102245 -0.000102245 -0.000102245 -0.000102245 -0.000154834 -0.000154834 -0.000154834 -0.000154834 -0.000154834 -0.000154834 -0.000154834 -0.000154834 -0.000154834 -0.000154834 -0.000154834 -0.00025482 -0.00025482 -0.00025482 -0.00025482 -0.00025482 -0.00025482 -0.00025482 -0.00025482 -0.00025482 -0.00025482 -0.00025482 -0.00046025 -0.00046025 -0.00046025 -0.00046025 -0.00046025 -0.00046025 -0.00046025 -0.00046025 -0.00046025 -0.00046025 -0.00046025 -0.000918015 -0.000918015 -0.000918015 -0.000918015 -0.000918015 -0.000918015 -0.000918015 -0.000918015 -0.000918015 -0.000918015 -0.000918015 -0.00201921 -0.00201921 -0.00201921 -0.00201921 -0.00201921 -0.00201921 -0.00201921 -0.00201921 -0.00201921 -0.00201921 -0.00201921 -0.0048216 -0.0048216 -0.0048216 -0.0048216 -0.0048216 -0.0048216 -0.0048216 -0.0048216 -0.0048216 -0.0048216 -0.0048216 -0.0120165 -0.0120165 -0.0120165 -0.0120165 -0.0120165 -0.0120165 -0.0120165 -0.0120165 -0.0120165 -0.0120165 -0.0120165 -0.0290563 -0.0290563 -0.0290563 -0.0290563 -0.0290563 -0.0290563 -0.0290563 -0.0290563 -0.0290563 -0.0290563 -0.0290563 -0.061429 -0.061429 -0.061429 -0.061429 -0.061429 -0.061429 -0.061429 -0.061429 -0.061429 -0.061429 -0.061429 -0.103385 -0.103385 -0.103385 -0.103385 -0.103385 -0.103385 -0.103385 -0.103385 -0.103385 -0.103385 -0.103385 -0.136785 -0.136785 -0.136785 -0.136785 -0.136785 -0.136785 -0.136785 -0.136785 -0.136785 -0.136785 -0.136785 -0.153217 -0.153217 -0.153217 -0.153217 -0.153217 -0.153217 -0.153217 -0.153217 -0.153217 -0.153217 -0.153217 -0.158568 -0.158568 -0.158568 -0.158568 -0.158568 -0.158568 -0.158568 -0.158568 -0.158568 -0.158568 -0.158568 -0.159774 -0.159774 -0.159774 -0.159774 -0.159774 -0.159774 -0.159774 -0.159774 -0.159774 -0.159774 -0.159774 -0.16 -0.16 -0.16 -0.16 -0.16 -0.16 -0.16 -0.16 -0.16 -0.16 -0.16
-1.6e-19 -1.6e-19 -1.6e-19 -1.6e-19 -1.6e-19 -1.6e-19 -1.6e-19 -1.6e-19 -1.6e-19 -1.6e-19 -1.6e-19 -1.6e-19 -1.6e-19 -1.6e-19 -1.6e-19 -1.6e-19 -1.6e-19 -1.6e-19 -1.6e-19 -1.6e-19 -1.6e-19 -1.6e-19 -1.6e-19 -1.6e-19 -1.6e-19 -1.6e-19 -1.6e-19 -1.6e-19 -1.6e-19 -1.6e-19 -1.6e-19 -1.6e-19 -1.6e-19 -1.6e-19 -1.6e-19 -1.6e-19 -1.6e-19 -1.6e-19 -1.6e-19 -1.6e-19 -1.6e-19 -1.6e-19 -1.6e-19 -1.6e-19 -1.6e-19 -1.6e-19 -1.6e-19 -1.6e-19 -1.6e-19 -1.6e-19 -1.6e-19 -1.6e-19 -1.6e-19 -1.6e-19 -1.6e-19 -1.6e-19 -1.6e-19 -1.6e-19 -1.6e-19 -1.6e-19 -1.6e-19 -1.6e-19 -1.6e-19 -1.6e-19 -1.6e-19 -1.6e-19 -1.6e-19 -1.6e-19 -1.6e-19 -1.6e-19 -1.6e-19 -1.6e-19 -1.6e-19 -1.6e-19 -1.6e-19 -1.6e-19 -1.6e-19 -1.6e-19 -1.6e-19 -1.6e-19 -1.6e-19 -1.6e-19 -1.6e-19 -1.6e-19 -1.6e-19 -1.6e-19 -1.6e-19 -1.6e-19 -1.6e-19 -1.6e-19 -1.6e-19 -1.6e-19 -1.6e-19 -1.6e-19 -1.6e-19 -1.6e-19 -1.6e-19 -1.6e-19 -1.6e-19 -1.6e-19 -1.6e-19 -1.6e-19 -1.6e-19 -1.6e-19 -1.6e-19 -1.6e-19 -1.6e-19 -1.6e-19 -1.6e-19 -1.6e-19 -1.6e-19 -1.6e-19 -1.6e-19 -1.6e-19 -1.6e-19 -1.6e-19 -1.6e-19 -1.6e-19 -1.6e-19 -1.6e-19 -1.6e-19 -1.6e-19 -1.6e-19 -1.6e-19 -1.6e-19 -1.6e-19 -1.6e-19 -1.6e-19 -1.6e-19 -1.6e-19 -1.6e-19 -1.6e-19 -1.6e-19 -1.6e-19 -1.6e-19 -1.6e-19 -1.6e-19 -1.6e-19 -1.6e-19 -1.6e-19 -1.6e-19 -1.6e-19 -1.6e-19 -1.6e-19 -1.6e-19 -1.6e-19 -1.6e-19 -1.6e-19 -1.6e-19 -1.6e-19 -1.6e-19 -1.6e-19 -1.6e-19 -1.6e-19 -1.6e-19 -1.6e-19 -1.6e-19 -1.6e-19 -1.6e-19 -1.6e-19 -1.6e-19 -1.6e-19 -1.6e-19 -1.6e-19 -1.6e-19 -1.6e-19 -1.6e-19 -1.6e-19 -1.6e-19 -1.6e-19 -1.6e-19 -1.6e-19 -1.6e-19 -1.6e-19 -1.6e-19 -1.6e-19 -1.6e-19 -1.6e-19 -1.6e-19 -1.6e-19 -1.6e-19 -1.6e-19 -1.6e-19 -1.6e-19 -1.6e-19 -1.6e-19 -1.6e-19 -1.6e-19 -1.6e-19 -1.6e-19 -1.6e-19 -1.6e-19 -1.6e-19 -1.6e-19 -1.6e-19 -1.6e-19 -1.6e-19 -1.6e-19 -1.6e-19 -1.6e-19 -1.6e-19 -1.6e-19 -1.6e-19 -1.6e-19 -1.6e-19 -1.6e-19 -1.6e-19 -1.6e-19 -1.6e-19 -1.6e-19 -1.6e-19 -1.6e-19 -1.6e-19 -1.6e-19 -1.6e-19 -1.6e-19 -1.6e-19 -1.6e-19 -1.6e-19 -1.6e-19 -1.6e-19 -1.6e-19 -1.6e-19 -1.6e-19 -1.6e-19 -1.6e-19 -1.6e-19 -1.6e-19 -1.6e-19 -1.6e-19 -1.6e-19 -1.6e-19 -1.6e-19 -1.6e-19 -1.6e-19 -1.6e-19 -1.6e-19 -1.6e-19 -1.6e-19 -1.6e-19 -1.6e-19 -1.6e-19 -1.6e-19 -1.6e-19 -1.6e-19 -1.6e-19 -1.6e-19 -1.6e-19 -1.6e-19 -1.6e-19 -1.6e-19 -1.6e-19 -1.6e-19 -1.6e-19 -1.6e-19 -1.6e-19 -1.6e-19 -1.6e-19 -1.6e-19 -1.6e-19 -1.6e-19 -1.6e-19 -1.6e-19 -1.6e-19 -1.6e-19 -1.6e-19 -1.6e-19 -1.6e-19 -1.6e-19 -1.6e-19 -1.6e-19 -1.6e-19 -1.6e-19 -1.6e-19 -1.6e-19 -1.6e-19 -1.6e-19 -1.6e-19 -1.6e-19 -1.6e-19 -1.6e-19 -1.6e-19 -1.6e-19 -1.6e-19 -1.6e-19 -1.6e-19 -1.6e-19 -1.6e-19 -1.6e-19 -1.6e-19 -1.6e-19 -1.6e-19 -1.6e-19 -1.6e-19 -1.6e-19 -1.6e-19 -1.6e-19 -1.6e-19 -1.6e-19 -1.6e-19 -1.6e-19 -1.6e-19 -1.6e-19 -1.6e-19 -1.6e-19 -1.6e-19 -1.6e-19 -1.6e-19 -1.6e-19 -1.6e-19 -1.6e-19 -1.6e-19 -1.6e-19 -1.6e-19 -1.6e-19 -1.6e-19 -1.6e-19 -1.6e-19 -1.6e-19 -1.6e-19 -1.6e-19 -1.6e-19 -1.6e-19 -1.6e-19 -1.6e-19 -1.6e-19 -1.6e-19 -1.6e-19 -1.6e-19 -1.6e-19 -1.6e-19 -1.6e-19 -1.6e-19 -1.6e-19 -1.6e-19 -1.6e-19 -1.6e-19 -1.6e-19 -1.6e-19 -1.6e-19 -1.6e-19 -1.6e-19 -1.6e-19 -1.6e-19 -1.6e-19 -1.6e-19 -1.6e-19 -1.6e-19 -1.6e-19 -1.6e-19 -1.6e-19 -1.6e-19 -1.6e-19 -1.6e-19 -1.6e-19 -1.6e-19 -1.6e-19 -1.6e-19 -1.6e-19 -1.6e-19 -1.6e-19 -1.6e-19 -1.6e-19 -1.6e-19 -1.6e-19 -1.6e-19 -1.6e-19 -1.6e-19 -1.6e-19 -1.6e-19 -1.6e-19 -1.6e-19 -1.6e-19 -1.6e-19 -1.6e-19 -1.6e-19 -1.6e-19 -1.6e-19 -1.6e-19 -1.6e-19 -1.6e-19 -1.6e-19 -1.6e-19 -1.6e-19 -1.6e-19 -1.6e-19 -1.6e-19 -1.6e-19 -1.6e-19 -1.6e-19 -1.6e-19 -1.6e-19 -1.6e-19 -1.6e-19 -1.6e-19 -1.6e-19 -1.6e-19 -1.6e-19 -1.6e-19 -1.6e-19 -1.6e-19 -1.6e-19 -1.6e-19 -1.6e-19 -1.6e-19 -1.6e-19 -1.6e-19 -1.6e-19 -1.6e-19 -1.6e-19 -1.6e-19 -1.6e-19 -1.6e-19 -1.6e-19 -1.6e-19 -1.6e-19 -1.6e-19 -1.6e-19 -1.6e-19 -1.6e-19 -1.6e-19 -1.6e-19 -1.6e-19 -1.6e-19 -1.6e-19 -1.6e-19 -1.6e-19 -1.6e-19 -1.6e-19 -1.6e-19 -1.6e-19 -1.6e-19 -1.6e-19 -1.6e-19 -1.6e-19 -1.6e-19 -1.6e-19 -1.6e-19 -1.6e-19 -1.6e-19 -1.6e-19 -1.6e-19 -1.6e-19 -1.6e-19 -1.6e-19 -1.6e-19 -1.6e-19 -1.6e-19 -1.6e-19 -1.6e-19 -1.6e-19 -1.6e-19 -1.6e-19 -1.6e-19 -1.6e-19 -1.6e-19 -1.6e-19 -1.6e-19 -1.6e-19 -1.6e-19 -1.6e-19 -1.6e-19 -1.6e-19 -1.6e-19 -1.6e-19 -1.6e-19 -1.6e-19 -1.6e-19 -1.6e-19 -1.6e-19 -1.6e-19 -1.6e-19 -1.6e-19 -1.6e-19 -1.6e-19 -1.6e-19 -1.6e-19 -1.6e-19 -1.6e-19 -1.6e-19 -1.6e-19 -1.6e-19 -1.6e-19 -1.6e-19 -1.6e-19 -1.6e-19 -1.6e-19 -1.6e-19 -1.6e-19 -1.6e-19 -1.6e-19 -1.6e-19 -1.6e-19 -1.6e-19 -1.6e-19
0 0 0 0 0 0 0 0 0 0 0 0 0 0 0 0 0 0 0 0 0 0 0 0 0 0 0 0 0 0 0 0 0 0 0 0 0 0 0 0 0 0 0 0 0 0 0 0 0 0 0 0 0 0 0 0 0 0 0 0 0 0 0 0 0 0 0 0 0 0 0 0 0 0 0 0 0 0 0 0 0 0 0 0 0 0 0 0 0 0 0 0 0 0 0 0 0 0 0 0 0 0 0 0 0 0 0 0 0 0 0 0 0 0 0 0 0 0 0 0 0 0 0 0 0 0 0 0 0 0 0 0 0 0 0 0 0 0 0 0 0 0 0 0 0 0 0 0 0 0 0 0 0 0 0 0 0 0 0 0 0 0 0 0 0 0 0 0 0 0 0 0 0 0 0 0 0 0 0 0 0 0 0 0 0 0 0 0 0 0 0 0 0 0 0 0 0 0 0 0 0 0 0 0 0 0 0 0 0 0 0 0 0 0 0 0 0 0 0 0 0 0 0 0 0 0 0 0 0 0 0 0 0 0 0 0 0 0 0 0 0 0 0 0 0 0 0 0 0 0 0 0 0 0 0 0 0 0 0 0 0 0 0 0 0 0 0 0 0 0 0 0 0 0 0 0 0 0 0 0 0 0 0 0 0 0 0 0 0 0 0 0 0 0 0 0 0 0 0 0 0 0 0 0 0 0 0 0 0 0 0 0 0 0 0 0 0 0 0 0 0 0 0 0 0 0 0 0 0 0 0 0 0 0 0 0 0 0 0 0 0 0 0 0 0 0 0 0 0 0 0 0 0 0 0 0 0 0 0 0 0 0 0 0 0 0 0 0 0 0 0 0 0 0 0 0 0 0 0 0 0 0 0 0 0 0 0 0 0 0 0 0 0 0 0 0 0 0 0 0 0 0 0 0 0 0 0 0 0 0 0 0 0 0 0 0 0 0 0 0 0 0 0 0 0 0 0 0 0 0 0 0 0 0 0 0 0 0 0 0 0 0 0 0 0 0 0 0 0 0 0 0 0 0 0 0 0 0 0 0 0 0 0 0 0 0 0 0 0 0 0 0 0 0 0 0 0 0 0 0 0 0 0 0 0 0 0 0 0 0 0 0 0 0 0
0 0 0 0 0 0 0 0 0 0 0 0 0 0 0 0 0 0 0 0 0 0 0 0 0 0 0 0 0 0 0 0 0 0 0 0 0 0 0 0 0 0 0 0 0 0 0 0 0 0 0 0 0 0 0 0 0 0 0 0 0 0 0 0 0 0 0 0 0 0 0 0 0 0 0 0 0 0 0 0 0 0 0 0 0 0 0 0 0 0 0 0 0 0 0 0 0 0 0 0 0 0 0 0 0 0 0 0 0 0 0 0 0 0 0 0 0 0 0 0 0 0 0 0 0 0 0 0 0 0 0 0 0 0 0 0 0 0 0 0 0 0 0 0 0 0 0 0 0 0 0 0 0 0 0 0 0 0 0 0 0 0 0 0 0 0 0 0 0 0 0 0 0 0 0 0 0 0 0 0 0 0 0 0 0 0 0 0 0 0 0 0 0 0 0 0 0 0 0 0 0 0 0 0 0 0 0 0 0 0 0 0 0 0 0 0 0 0 0 0 0 0 0 0 0 0 0 0 0 0 0 0 0 0 0 0 0 0 0 0 0 0 0 0 0 0 0 0 0 0 0 0 0 0 0 0 0 0 0 0 0 0 0 0 0 0 0 0 0 0 0 0 0 0 0 0 0 0 0 0 0 0 0 0 0 0 0 0 0 0 0 0 0 0 0 0 0 0 0 0 0 0 0 0 0 0 0 0 0 0 0 0 0 0 0 0 0 0 0 0 0 0 0 0 0 0 0 0 0 0 0 0 0 0 0 0 0 0 0 0 0 0 0 0 0 0 0 0 0 0 0 0 0 0 0 0 0 0 0 0 0 0 0 0 0 0 0 0 0 0 0 0 0 0 0 0 0 0 0 0 0 0 0 0 0 0 0 0 0 0 0 0 0 0 0 0 0 0 0 0 0 0 0 0 0 0 0 0 0 0 0 0 0 0 0 0 0 0 0 0 0 0 0 0 0 0 0 0 0 0 0 0 0 0 0 0 0 0 0 0 0 0 0 0 0 0 0 0 0 0 0 0 0 0 0 0 0 0 0 0 0 0 0 0 0 0 0 0 0 0 0 0 0 0 0 0 0 0 0 0 0 0 0 0 0 0 0 0 0 0 0 0 0 0 0
-1e+18 -1e+18 -1e+18 -1e+18 -1e+18 -1e+18 -1e+18 -1e+18 -1e+18 -1e+18 -1e+18 -1e+18 -1e+18 -1e+18 -1e+18 -1e+18 -1e+18 -1e+18 -1e+18 -1e+18 -1e+18 -1e+18 -1e+18 -1e+18 -1e+18 -1e+18 -1e+18 -1e+18 -1e+18 -1e+18 -1e+18 -1e+18 -1e+18 -1e+18 -1e+18 -1e+18 -1e+18 -1e+18 -1e+18 -1e+18 -1e+18 -1e+18 -1e+18 -1e+18 -1e+18 -1e+18 -1e+18 -1e+18 -1e+18 -1e+18 -1e+18 -1e+18 -1e+18 -1e+18 -1e+18 -1e+18 -1e+18 -1e+18 -1e+18 -1e+18 -1e+18 -1e+18 -1e+18 -1e+18 -1e+18 -1e+18 -1e+18 -1e+18 -1e+18 -1e+18 -1e+18 -1e+18 -1e+18 -1e+18 -1e+18 -1e+18 -1e+18 -1e+18 -1e+18 -1e+18 -1e+18 -1e+18 -1e+18 -1e+18 -1e+18 -1e+18 -1e+18 -1e+18 -1e+18 -1e+18 -1e+18 -1e+18 -1e+18 -1e+18 -1e+18 -1e+18 -1e+18 -1e+18 -1e+18 -1e+18 -1e+18 -1e+18 -1e+18 -1e+18 -1e+18 -1e+18 -1e+18 -1e+18 -1e+18 -1e+18 -1e+18 -1e+18 -1e+18 -1e+18 -1e+18 -1e+18 -1e+18 -1e+18 -1e+18 -1e+18 -1e+18 -1e+18 -1e+18 -1e+18 -1e+18 -1e+18 -1e+18 -1e+18 -1e+18 -1e+18 -1e+18 -1e+18 -1e+18 -1e+18 -1e+18 -1e+18 -1e+18 -1e+18 -1e+18 -1e+18 -1e+18 -1e+18 -1e+18 -1e+18 -1e+18 -1e+18 -1e+18 -1e+18 -1e+18 -1e+18 -1e+18 -1e+18 -1e+18 -1e+18 -1e+18 -1e+18 -1e+18 -1e+18 -1e+18 -1e+18 -1e+18 -1e+18 -1e+18 -1e+18 -1e+18 -1e+18 -1e+18 -1e+18 -1e+18 -1e+18 -1e+18 -1e+18 -1e+18 -1e+18 -1e+18 -1e+18 -1e+18 -1e+18 -1e+18 -1e+18 -1e+18 -1e+18 -1e+18 -1e+18 -1e+18 -1e+18 -1e+18 -1e+18 -1e+18 -1e+18 -1e+18 -1e+18 -1e+18 -1e+18 -1e+18 -1e+18 -1e+18 -1e+18 -1e+18 -1e+18 -1e+18 -1e+18 -1e+18 -1e+18 -1e+18 -1e+18 -1e+18 -1e+18 -1e+18 -1e+18 -1e+18 -1e+18 -1e+18 -1e+18 -1e+18 -1e+18 -1e+18 -1e+18 -1e+18 -1e+18 -1e+18 -1e+18 -1e+18 -1e+18 -1e+18 -1e+18 -1e+18 -1e+18 -1e+18 -1e+18 -1e+18 -1e+18 -1e+18 -1e+18 -1e+18 -1e+18 -1e+18 -1e+18 -1e+18 -1e+18 -1e+18 -1e+18 0 0 0 0 0 0 0 0 0 0 0 1e+18 1e+18 1e+18 1e+18 1e+18 1e+18 1e+18 1e+18 1e+18 1e+18 1e+18 1e+18 1e+18 1e+18 1e+18 1e+18 1e+18 1e+18 1e+18 1e+18 1e+18 1e+18 1e+18 1e+18 1e+18 1e+18 1e+18 1e+18 1e+18 1e+18 1e+18 1e+18 1e+18 1e+18 1e+18 1e+18 1e+18 1e+18 1e+18 1e+18 1e+18 1e+18 1e+18 1e+18 1e+18 1e+18 1e+18 1e+18 1e+18 1e+18 1e+18 1e+18 1e+18 1e+18 1e+18 1e+18 1e+18 1e+18 1e+18 1e+18 1e+18 1e+18 1e+18 1e+18 1e+18 1e+18 1e+18 1e+18 1e+18 1e+18 1e+18 1e+18 1e+18 1e+18 1e+18 1e+18 1e+18 1e+18 1e+18 1e+18 1e+18 1e+18 1e+18 1e+18 1e+18 1e+18 1e+18 1e+18 1e+18 1e+18 1e+18 1e+18 1e+18 1e+18 1e+18 1e+18 1e+18 1e+18 1e+18 1e+18 1e+18 1e+18 1e+18 1e+18 1e+18 1e+18 1e+18 1e+18 1e+18 1e+18 1e+18 1e+18 1e+18 1e+18 1e+18 1e+18 1e+18 1e+18 1e+18 1e+18 1e+18 1e+18 1e+18 1e+18 1e+18 1e+18 1e+18 1e+18 1e+18 1e+18 1e+18 1e+18 1e+18 1e+18 1e+18 1e+18 1e+18 1e+18 1e+18 1e+18 1e+18 1e+18 1e+18 1e+18 1e+18 1e+18 1e+18 1e+18 1e+18 1e+18 1e+18 1e+18 1e+18 1e+18 1e+18 1e+18 1e+18 1e+18 1e+18 1e+18 1e+18 1e+18 1e+18 1e+18 1e+18 1e+18 1e+18 1e+18 1e+18 1e+18 1e+18 1e+18 1e+18 1e+18 1e+18 1e+18 1e+18 1e+18 1e+18 1e+18 1e+18 1e+18 1e+18 1e+18 1e+18 1e+18 1e+18 1e+18 1e+18 1e+18 1e+18 1e+18 1e+18 1e+18 1e+18 1e+18 1e+18 1e+18 1e+18 1e+18 1e+18 1e+18 1e+18 1e+18 1e+18 1e+18 1e+18 1e+18 1e+18 1e+18 1e+18 1e+18 1e+18 1e+18 1e+18 1e+18 1e+18 1e+18 1e+18 1e+18 1e+18 1e+18 1e+18 1e+18 1e+18 1e+18 1e+18 1e+18 1e+18 1e+18 1e+18 1e+18 1e+18 1e+18 1e+18 1e+18 1e+18 1e+18 1e+18 1e+18 1e+18 1e+18
2.5e-13 5e-13 4.50401e-13 9.00802e-13 5e-13 9.00802e-13 5e-13 9.00802e-13 5e-13 9.00802e-13 5e-13 9.00802e-13 5e-13 9.00802e-13 5e-13 9.00802e-13 5e-13 9.00802e-13 5e-13 9.00802e-13 2.5e-13 4.50401e-13 3.61043e-13 7.22085e-13 7.22085e-13 7.22085e-13 7.22085e-13 7.22085e-13 7.22085e-13 7.22085e-13 7.22085e-13 7.22085e-13 3.61043e-13 2.89413e-13 5.78826e-13 5.78826e-13 5.78826e-13 5.78826e-13 5.78826e-13 5.78826e-13 5.78826e-13 5.78826e-13 5.78826e-13 2.89413e-13 2.31994e-13 4.63989e-13 4.63989e-13 4.63989e-13 4.63989e-13 4.63989e-13 4.63989e-13 4.63989e-13 4.63989e-13 4.63989e-13 2.31994e-13 1.85967e-13 3.71935e-13 3.71935e-13 3.71935e-13 3.71935e-13 3.71935e-13 3.71935e-13 3.71935e-13 3.71935e-13 3.71935e-13 1.85967e-13 1.49072e-13 2.98144e-13 2.98144e-13 2.98144e-13 2.98144e-13 2.98144e-13 2.98144e-13 2.98144e-13 2.98144e-13 2.98144e-13 1.49072e-13 1.19497e-13 2.38993e-13 2.38993e-13 2.38993e-13 2.38993e-13 2.38993e-13 2.38993e-13 2.38993e-13 2.38993e-13 2.38993e-13 1.19497e-13 9.57889e-14 1.91578e-13 1.91578e-13 1.91578e-13 1.91578e-13 1.91578e-13 1.91578e-13 1.91578e-13 1.91578e-13 1.91578e-13 9.57889e-14 7.67847e-14 1.53569e-13 1.53569e-13 1.53569e-13 1.53569e-13 1.53569e-13 1.53569e-13 1.53569e-13 1.53569e-13 1.53569e-13 7.67847e-14 6.15509e-14 1.23102e-13 1.23102e-13 1.23102e-13 1.23102e-13 1.23102e-13 1.23102e-13 1.23102e-13 1.23102e-13 1.23102e-13 6.15509e-14 4.93394e-14 9.86787e-14 9.86787e-14 9.86787e-14 9.86787e-14 9.86787e-14 9.86787e-14 9.86787e-14 9.86787e-14 9.86787e-14 4.93394e-14 3.95506e-14 7.91012e-14 7.91012e-14 7.91012e-14 7.91012e-14 7.91012e-14 7.91012e-14 7.91012e-14 7.91012e-14 7.91012e-14 3.95506e-14 3.17039e-14 6.34078e-14 6.34078e-14 6.34078e-14 6.34078e-14 6.34078e-14 6.34078e-14 6.34078e-14 6.34078e-14 6.34078e-14 3.17039e-14 2.54139e-14 5.08279e-14 5.08279e-14 5.08279e-14 5.08279e-14 5.08279e-14 5.08279e-14 5.08279e-14 5.08279e-14 5.08279e-14 2.54139e-14 2.03719e-14 4.07438e-14 4.07438e-14 4.07438e-14 4.07438e-14 4.07438e-14 4.07438e-14 4.07438e-14 4.07438e-14 4.07438e-14 2.03719e-14 1.63302e-14 3.26604e-14 3.26604e-14 3.26604e-14 3.26604e-14 3.26604e-14 3.26604e-14 3.26604e-14 3.26604e-14 3.26604e-14 1.63302e-14 1.30903e-14 2.61806e-14 2.61806e-14 2.61806e-14 2.61806e-14 2.61806e-14 2.61806e-14 2.61806e-14 2.61806e-14 2.61806e-14 1.30903e-14 1.04932e-14 2.09865e-14 2.09865e-14 2.09865e-14 2.09865e-14 2.09865e-14 2.09865e-14 2.09865e-14 2.09865e-14 2.09865e-14 1.04932e-14 8.41142e-15 1.68228e-14 1.68228e-14 1.68228e-14 1.68228e-14 1.68228e-14 1.68228e-14 1.68228e-14 1.68228e-14 1.68228e-14 8.41142e-15 6.74262e-15 1.34852e-14 1.34852e-14 1.34852e-14 1.34852e-14 1.34852e-14 1.34852e-14 1.34852e-14 1.34852e-14 1.34852e-14 6.74262e-15 5.02047e-15 1.00409e-14 1.00409e-14 1.00409e-14 1.00409e-14 1.00409e-14 1.00409e-14 1.00409e-14 1.00409e-14 1.00409e-14 5.02047e-15 4.52042e-15 9.04083e-15 9.04083e-15 9.04083e-15 9.04083e-15 9.04083e-15 9.04083e-15 9.04083e-15 9.04083e-15 9.04083e-15 4.52042e-15 5.61875e-15 1.12375e-14 1.12375e-14 1.12375e-14 1.12375e-14 1.12375e-14 1.12375e-14 1.12375e-14 1.12375e-14 1.12375e-14 5.61875e-15 7.00939e-15 1.40188e-14 1.40188e-14 1.40188e-14 1.40188e-14 1.40188e-14 1.40188e-14 1.40188e-14 1.40188e-14 1.40188e-14 7.00939e-15 8.74421e-15 1.74884e-14 1.74884e-14 1.74884e-14 1.74884e-14 1.74884e-14 1.74884e-14 1.74884e-14 1.74884e-14 1.74884e-14 8.74421e-15 1.09084e-14 2.18168e-14 2.18168e-14 2.18168e-14 2.18168e-14 2.18168e-14 2.18168e-14 2.18168e-14 2.18168e-14 2.18168e-14 1.09084e-14 1.36082e-14 2.72165e-14 2.72165e-14 2.72165e-14 2.72165e-14 2.72165e-14 2.72165e-14 2.72165e-14 2.72165e-14 2.72165e-14 1.36082e-14 1.69763e-14 3.39526e-14 3.39526e-14 3.39526e-14 3.39526e-14 3.39526e-14 3.39526e-14 3.39526e-14 3.39526e-14 3.39526e-14 1.69763e-14 2.11779e-14 4.23558e-14 4.23558e-14 4.23558e-14 4.23558e-14 4.23558e-14 4.23558e-14 4.23558e-14 4.23558e-14 4.23558e-14 2.11779e-14 2.64194e-14 5.28389e-14 5.28389e-14 5.28389e-14 5.28389e-14 5.28389e-14 5.28389e-14 5.28389e-14 5.28389e-14 5.28389e-14 2.64194e-14 3.29582e-14 6.59165e-14 6.59165e-14 6.59165e-14 6.59165e-14 6.59165e-14 6.59165e-14 6.59165e-14 6.59165e-14 6.59165e-14 3.29582e-14 4.11154e-14 8.22308e-14 8.22308e-14 8.22308e-14 8.22308e-14 8.22308e-14 8.22308e-14 8.22308e-14 8.22308e-14 8.22308e-14 4.11154e-14 5.12915e-14 1.02583e-13 1.02583e-13 1.02583e-13 1.02583e-13 1.02583e-13 1.02583e-13 1.02583e-13 1.02583e-13 1.02583e-13 5.12915e-14 6.39861e-14 1.27972e-13 1.27972e-13 1.27972e-13 1.27972e-13 1.27972e-13 1.27972e-13 1.27972e-13 1.27972e-13 1.27972e-13 6.39861e-14 7.98227e-14 1.59645e-13 1.59645e-13 1.59645e-13 1.59645e-13 1.59645e-13 1.59645e-13 1.59645e-13 1.59645e-13 1.59645e-13 7.98227e-14 9.95788e-14 1.99158e-13 1.99158e-13 1.99158e-13 1.99158e-13 1.99158e-13 1.99158e-13 1.99158e-13 1.99158e-13 1.99158e-13 9.95788e-14 1.24225e-13 2.48449e-13 2.48449e-13 2.48449e-13 2.48449e-13 2.48449e-13 2.48449e-13 2.48449e-13 2.48449e-13 2.48449e-13 1.24225e-13 1.5497e-13 3.0994e-13 3.0994e-13 3.0994e-13 3.0994e-13 3.0994e-13 3.0994e-13 3.0994e-13 3.0994e-13 3.0994e-13 1.5497e-13 1.93325e-13 3.8665e-13 3.8665e-13 3.8665e-13 3.8665e-13 3.8665e-13 3.8665e-13 3.8665e-13 3.8665e-13 3.8665e-13 1.93325e-13 2.41173e-13 4.82346e-13 4.82346e-13 4.82346e-13 4.82346e-13 4.82346e-13 4.82346e-13 4.82346e-13 4.82346e-13 4.82346e-13 2.41173e-13 3.00864e-13 6.01727e-13 6.01727e-13 6.01727e-13 6.01727e-13 6.01727e-13 6.01727e-13 6.01727e-13 6.01727e-13 6.01727e-13 3.00864e-13 3.75327e-13 7.50655e-13 7.50655e-13 7.50655e-13 7.50655e-13 7.50655e-13 7.50655e-13 7.50655e-13 7.50655e-13 7.50655e-13 3.75327e-13 4.18365e-13 8.3673e-13 8.3673e-13 8.3673e-13 8.3673e-13 8.3673e-13 8.3673e-13 8.3673e-13 8.3673e-13 8.3673e-13 4.18365e-13 2.10035e-13 4.20071e-13 4.20071e-13 4.20071e-13 4.20071e-13 4.20071e-13 4.20071e-13 4.20071e-13 4.20071e-13 4.20071e-13 2.10035e-13
0.159924 0.159924 0.159686 0.159686 0.159924 0.159686 0.159924 0.159686 0.159924 0.159686 0.159924 0.159686 0.159925 0.159686 0.159932 0.159688 0.16 0.159695 0.16 0.159696 0.16 0.159696 0.158079 0.158079 0.158079 0.158079 0.158079 0.158079 0.158079 0.158079 0.15808 0.15808 0.15808 0.1514 0.1514 0.1514 0.1514 0.1514 0.1514 0.1514 0.1514 0.151401 0.151401 0.151401 0.132225 0.132225 0.132225 0.132225 0.132225 0.132225 0.132225 0.132225 0.132225 0.132225 0.132225 0.096226 0.096226 0.096226 0.096226 0.096226 0.096226 0.096226 0.096226 0.096226 0.096226 0.096226 0.054775 0.054775 0.054775 0.054775 0.054775 0.054775 0.054775 0.054775 0.054775 0.054775 0.054775 0.0251348 0.0251348 0.0251348 0.0251348 0.0251348 0.0251348 0.0251348 0.0251348 0.0251348 0.0251348 0.0251348 0.0102807 0.0102807 0.0102807 0.0102807 0.0102807 0.0102807 0.0102807 0.0102807 0.0102807 0.0102807 0.0102807 0.00414272 0.00414272 0.00414272 0.00414272 0.00414272 0.00414272 0.00414272 0.00414272 0.00414273 0.00414273 0.00414273 0.00175794 0.00175794 0.00175794 0.00175794 0.00175794 0.00175794 0.00175794 0.00175795 0.00175795 0.00175795 0.00175795 0.000813094 0.000813094 0.000813094 0.000813094 0.000813094 0.000813094 0.000813094 0.000813094 0.000813094 0.000813094 0.000813094 0.000415102 0.000415102 0.000415102 0.000415102 0.000415102 0.000415102 0.000415102 0.000415102 0.000415102 0.000415102 0.000415102 0.000233843 0.000233843 0.000233843 0.000233843 0.000233843 0.000233843 0.000233843 0.000233843 0.000233843 0.000233843 0.000233843 0.000144337 0.000144337 0.000144337 0.000144337 0.000144337 0.000144337 0.000144337 0.000144337 0.000144337 0.000144337 0.000144337 9.66333e-05 9.66333e-05 9.66333e-05 9.66333e-05 9.66333e-05 9.66333e-05 9.66333e-05 9.66334e-05 9.66334e-05 9.66334e-05 9.66334e-05 6.94086e-05 6.94086e-05 6.94086e-05 6.94086e-05 6.94086e-05 6.94086e-05 6.94086e-05 6.94086e-05 6.94086e-05 6.94086e-05 6.94086e-05 5.29199e-05 5.29199e-05 5.29199e-05 5.29199e-05 5.29199e-05 5.29199e-05 5.29199e-05 5.292e-05 5.292e-05 5.292e-05 5.292e-05 4.24159e-05 4.24159e-05 4.24159e-05 4.24159e-05 4.24159e-05 4.24159e-05 4.24159e-05 4.24159e-05 4.24159e-05 4.24159e-05 4.24159e-05 3.5435e-05 3.5435e-05 3.5435e-05 3.5435e-05 3.5435e-05 3.5435e-05 3.5435e-05 3.5435e-05 3.5435e-05 3.5435e-05 3.5435e-05 3.06296e-05 3.06296e-05 3.06296e-05 3.06296e-05 3.06296e-05 3.06296e-05 3.06296e-05 3.06296e-05 3.06296e-05 3.06296e-05 3.06296e-05 2.72248e-05 2.72248e-05 2.72248e-05 2.72248e-05 2.72248e-05 2.72248e-05 2.72248e-05 2.72248e-05 2.72248e-05 2.72248e-05 2.72248e-05 2.51349e-05 2.51349e-05 2.51349e-05 2.51349e-05 2.51349e-05 2.51349e-05 2.51349e-05 2.51349e-05 2.51349e-05 2.51349e-05 2.51349e-05 2.27697e-05 2.27697e-05 2.27697e-05 2.27697e-05 2.27697e-05 2.27697e-05 2.27697e-05 2.27697e-05 2.27697e-05 2.27697e-05 2.27697e-05 2.01463e-05 2.01463e-05 2.01463e-05 2.01463e-05 2.01463e-05 2.01463e-05 2.01463e-05 2.01463e-05 2.01463e-05 2.01463e-05 2.01463e-05 1.73171e-05 1.73171e-05 1.73171e-05 1.73171e-05 1.73171e-05 1.73171e-05 1.73171e-05 1.73171e-05 1.73171e-05 1.73171e-05 1.73171e-05 1.43686e-05 1.43686e-05 1.43686e-05 1.43686e-05 1.43686e-05 1.43686e-05 1.43686e-05 1.43686e-05 1.43686e-05 1.43686e-05 1.43686e-05 1.14218e-05 1.14218e-05 1.14218e-05 1.14218e-05 1.14218e-05 1.14218e-05 1.14218e-05 1.14218e-05 1.14218e-05 1.14218e-05 1.14218e-05 8.62244e-06 8.62244e-06 8.62244e-06 8.62244e-06 8.62244e-06 8.62244e-06 8.62244e-06 8.62245e-06 8.62245e-06 8.62245e-06 8.62245e-06 6.12069e-06 6.12069e-06 6.12069e-06 6.12069e-06 6.12069e-06 6.12069e-06 6.12069e-06 6.12069e-06 6.12069e-06 6.12069e-06 6.12069e-06 4.04177e-06 4.04177e-06 4.04177e-06 4.04177e-06 4.04177e-06 4.04177e-06 4.04177e-06 4.04177e-06 4.04177e-06 4.04177e-06 4.04177e-06 2.45581e-06 2.45581e-06 2.45581e-06 2.45581e-06 2.45581e-06 2.45581e-06 2.45581e-06 2.45581e-06 2.45581e-06 2.45581e-06 2.45581e-06 1.35961e-06 1.35961e-06 1.35961e-06 1.35961e-06 1.35961e-06 1.35961e-06 1.35961e-06 1.35961e-06 1.35961e-06 1.35961e-06 1.35961e-06 6.81568e-07 6.81568e-07 6.81568e-07 6.81568e-07 6.81568e-07 6.81568e-07 6.81568e-07 6.81568e-07 6.81568e-07 6.81568e-07 6.81568e-07 3.09778e-07 3.09778e-07 3.09778e-07 3.09778e-07 3.09778e-07 3.09778e-07 3.09778e-07 3.09778e-07 3.09778e-07 3.09778e-07 3.09778e-07 1.29621e-07 1.29621e-07 1.29621e-07 1.29621e-07 1.29621e-07 1.29621e-07 1.29621e-07 1.29621e-07 1.29621e-07 1.29621e-07 1.29621e-07 5.18771e-08 5.18771e-08 5.18771e-08 5.18771e-08 5.18771e-08 5.18771e-08 5.18771e-08 5.18771e-08 5.18771e-08 5.18771e-08 5.18771e-08 2.12859e-08 2.12859e-08 2.12859e-08 2.12859e-08 2.12859e-08 2.12859e-08 2.12859e-08 2.12859e-08 2.12859e-08 2.12859e-08 2.12859e-08 9.84575e-09 9.84575e-09 9.84575e-09 9.84575e-09 9.84575e-09 9.84575e-09 9.84575e-09 9.84575e-09 9.84575e-09 9.84575e-09 9.84575e-09 5.5426e-09 5.5426e-09 5.5426e-09 5.5426e-09 5.5426e-09 5.5426e-09 5.5426e-09 5.5426e-09 5.5426e-09 5.5426e-09 5.5426e-09 3.76002e-09 3.76002e-09 3.76002e-09 3.76002e-09 3.76002e-09 3.76002e-09 3.76002e-09 3.76002e-09 3.76002e-09 3.76002e-09 3.76002e-09 2.77644e-09 2.77644e-09 2.77644e-09 2.77644e-09 2.77644e-09 2.77644e-09 2.77644e-09 2.77644e-09 2.77644e-09 2.77644e-09 2.77644e-09 1.92999e-09 1.92999e-09 1.92999e-09 1.92999e-09 1.92999e-09 1.92999e-09 1.92999e-09 1.92999e-09 1.92999e-09 1.92999e-09 1.92999e-09 9.63755e-10 9.63755e-10 9.63755e-10 9.63755e-10 9.63755e-10 9.63755e-10 9.63755e-10 9.63755e-10 9.63755e-10 9.63755e-10 9.63755e-10 1.6e-17 1.6e-17 1.6e-17 1.6e-17 1.6e-17 1.6e-17 1.6e-17 1.6e-17 1.6e-17 1.6e-17 1.6e-17
1.6e-19 1.6e-19 1.6e-19 1.6e-19 1.6e-19 1.6e-19 1.6e-19 1.6e-19 1.6e-19 1.6e-19 1.6e-19 1.6e-19 1.6e-19 1.6e-19 1.6e-19 1.6e-19 1.6e-19 1.6e-19 1.6e-19 1.6e-19 1.6e-19 1.6e-19 1.6e-19 1.6e-19 1.6e-19 1.6e-19 1.6e-19 1.6e-19 1.6e-19 1.6e-19 1.6e-19 1.6e-19 1.6e-19 1.6e-19 1.6e-19 1.6e-19 1.6e-19 1.6e-19 1.6e-19 1.6e-19 1.6e-19 1.6e-19 1.6e-19 1.6e-19 1.6e-19 1.6e-19 1.6e-19 1.6e-19 1.6e-19 1.6e-19 1.6e-19 1.6e-19 1.6e-19 1.6e-19 1.6e-19 1.6e-19 1.6e-19 1.6e-19 1.6e-19 1.6e-19 1.6e-19 1.6e-19 1.6e-19 1.6e-19 1.6e-19 1.6e-19 1.6e-19 1.6e-19 1.6e-19 1.6e-19 1.6e-19 1.6e-19 1.6e-19 1.6e-19 1.6e-19 1.6e-19 1.6e-19 1.6e-19 1.6e-19 1.6e-19 1.6e-19 1.6e-19 1.6e-19 1.6e-19 1.6e-19 1.6e-19 1.6e-19 1.6e-19 1.6e-19 1.6e-19 1.6e-19 1.6e-19 1.6e-19 1.6e-19 1.6e-19 1.6e-19 1.6e-19 1.6e-19 1.6e-19 1.6e-19 1.6e-19 1.6e-19 1.6e-19 1.6e-19 1.6e-19 1.6e-19 1.6e-19 1.6e-19 1.6e-19 1.6e-19 1.6e-19 1.6e-19 1.6e-19 1.6e-19 1.6e-19 1.6e-19 1.6e-19 1.6e-19 1.6e-19 1.6e-19 1.6e-19 1.6e-19 1.6e-19 1.6e-19 1.6e-19 1.6e-19 1.6e-19 1.6e-19 1.6e-19 1.6e-19 1.6e-19 1.6e-19 1.6e-19 1.6e-19 1.6e-19 1.6e-19 1.6e-19 1.6e-19 1.6e-19 1.6e-19 1.6e-19 1.6e-19 1.6e-19 1.6e-19 1.6e-19 1.6e-19 1.6e-19 1.6e-19 1.6e-19 1.6e-19 1.6e-19 1.6e-19 1.6e-19 1.6e-19 1.6e-19 1.6e-19 1.6e-19 1.6e-19 1.6e-19 1.6e-19 1.6e-19 1.6e-19 1.6e-19 1.6e-19 1.6e-19 1.6e-19 1.6e-19 1.6e-19 1.6e-19 1.6e-19 1.6e-19 1.6e-19 1.6e-19 1.6e-19 1.6e-19 1.6e-19 1.6e-19 1.6e-19 1.6e-19 1.6e-19 1.6e-19 1.6e-19 1.6e-19 1.6e-19 1.6e-19 1.6e-19 1.6e-19 1.6e-19 1.6e-19 1.6e-19 1.6e-19 1.6e-19 1.6e-19 1.6e-19 1.6e-19 1.6e-19 1.6e-19 1.6e-19 1.6e-19 1.6e-19 1.6e-19 1.6e-19 1.6e-19 1.6e-19 1.6e-19 1.6e-19 1.6e-19 1.6e-19 1.6e-19 1.6e-19 1.6e-19 1.6e-19 1.6e-19 1.6e-19 1.6e-19 1.6e-19 1.6e-19 1.6e-19 1.6e-19 1.6e-19 1.6e-19 1.6e-19 1.6e-19 1.6e-19 1.6e-19 1.6e-19 1.6e-19 1.6e-19 1.6e-19 1.6e-19 1.6e-19 1.6e-19 1.6e-19 1.6e-19 1.6e-19 1.6e-19 1.6e-19 1.6e-19 1.6e-19 1.6e-19 1.6e-19 1.6e-19 1.6e-19 1.6e-19 1.6e-19 1.6e-19 1.6e-19 1.6e-19 1.6e-19 1.6e-19 1.6e-19 1.6e-19 1.6e-19 1.6e-19 1.6e-19 1.6e-19 1.6e-19 1.6e-19 1.6e-19 1.6e-19 1.6e-19 1.6e-19 1.6e-19 1.6e-19 1.6e-19 1.6e-19 1.6e-19 1.6e-19 1.6e-19 1.6e-19 1.6e-19 1.6e-19 1.6e-19 1.6e-19 1.6e-19 1.6e-19 1.6e-19 1.6e-19 1.6e-19 1.6e-19 1.6e-19 1.6e-19 1.6e-19 1.6e-19 1.6e-19 1.6e-19 1.6e-19 1.6e-19 1.6e-19 1.6e-19 1.6e-19 1.6e-19 1.6e-19 1.6e-19 1.6e-19 1.6e-19 1.6e-19 1.6e-19 1.6e-19 1.6e-19 1.6e-19 1.6e-19 1.6e-19 1.6e-19 1.6e-19 1.6e-19 1.6e-19 1.6e-19 1.6e-19 1.6e-19 1.6e-19 1.6e-19 1.6e-19 1.6e-19 1.6e-19 1.6e-19 1.6e-19 1.6e-19 1.6e-19 1.6e-19 1.6e-19 1.6e-19 1.6e-19 1.6e-19 1.6e-19 1.6e-19 1.6e-19 1.6e-19 1.6e-19 1.6e-19 1.6e-19 1.6e-19 1.6e-19 1.6e-19 1.6e-19 1.6e-19 1.6e-19 1.6e-19 1.6e-19 1.6e-19 1.6e-19 1.6e-19 1.6e-19 1.6e-19 1.6e-19 1.6e-19 1.6e-19 1.6e-19 1.6e-19 1.6e-19 1.6e-19 1.6e-19 1.6e-19 1.6e-19 1.6e-19 1.6e-19 1.6e-19 1.6e-19 1.6e-19 1.6e-19 1.6e-19 1.6e-19 1.6e-19 1.6e-19 1.6e-19 1.6e-19 1.6e-19 1.6e-19 1.6e-19 1.6e-19 1.6e-19 1.6e-19 1.6e-19 1.6e-19 1.6e-19 1.6e-19 1.6e-19 1.6e-19 1.6e-19 1.6e-19 1.6e-19 1.6e-19 1.6e-19 1.6e-19 1.6e-19 1.6e-19 1.6e-19 1.6e-19 1.6e-19 1.6e-19 1.6e-19 1.6e-19 1.6e-19 1.6e-19 1.6e-19 1.6e-19 1.6e-19 1.6e-19 1.6e-19 1.6e-19 1.6e-19 1.6e-19 1.6e-19 1.6e-19 1.6e-19 1.6e-19 1.6e-19 1.6e-19 1.6e-19 1.6e-19 1.6e-19 1.6e-19 1.6e-19 1.6e-19 1.6e-19 1.6e-19 1.6e-19 1.6e-19 1.6e-19 1.6e-19 1.6e-19 1.6e-19 1.6e-19 1.6e-19 1.6e-19 1.6e-19 1.6e-19 1.6e-19 1.6e-19 1.6e-19 1.6e-19 1.6e-19 1.6e-19 1.6e-19 1.6e-19 1.6e-19 1.6e-19 1.6e-19 1.6e-19 1.6e-19 1.6e-19 1.6e-19 1.6e-19 1.6e-19 1.6e-19 1.6e-19 1.6e-19 1.6e-19 1.6e-19 1.6e-19 1.6e-19 1.6e-19 1.6e-19 1.6e-19 1.6e-19 1.6e-19 1.6e-19 1.6e-19 1.6e-19 1.6e-19 1.6e-19 1.6e-19 1.6e-19 1.6e-19 1.6e-19 1.6e-19 1.6e-19 1.6e-19 1.6e-19 1.6e-19 1.6e-19 1.6e-19 1.6e-19 1.6e-19 1.6e-19 1.6e-19 1.6e-19 1.6e-19 1.6e-19 1.6e-19 1.6e-19 1.6e-19 1.6e-19 1.6e-19 1.6e-19 1.6e-19 1.6e-19 1.6e-19 1.6e-19 1.6e-19 1.6e-19 1.6e-19 1.6e-19 1.6e-19 1.6e-19
0.0231526 0.0231526 0.0231912 0.0231912 0.0231526 0.0231912 0.0231526 0.0231912 0.0231526 0.0231912 0.0231525 0.0231912 0.0231524 0.0231911 0.0231513 0.0231909 0.0231403 0.0231897 0.0231403 0.0231896 0.0231403 0.0231896 0.023453 0.023453 0.023453 0.023453 0.023453 0.023453 0.023453 0.023453 0.0234528 0.0234527 0.0234527 0.0245705 0.0245705 0.0245705 0.0245705 0.0245705 0.0245705 0.0245705 0.0245704 0.0245704 0.0245704 0.0245704 0.0280762 0.0280762 0.0280762 0.0280762 0.0280762 0.0280762 0.0280762 0.0280762 0.0280762 0.0280762 0.0280762 0.0363033 0.0363033 0.0363033 0.0363033 0.0363033 0.0363033 0.0363033 0.0363033 0.0363032 0.0363032 0.0363032 0.0508898 0.0508898 0.0508898 0.0508898 0.0508898 0.0508898 0.0508898 0.0508898 0.0508898 0.0508898 0.0508898 0.0710554 0.0710554 0.0710554 0.0710554 0.0710554 0.0710554 0.0710554 0.0710554 0.0710554 0.0710554 0.0710554 0.0941983 0.0941983 0.0941983 0.0941983 0.0941983 0.0941983 0.0941983 0.0941983 0.0941983 0.0941983 0.0941983 0.117727 0.117727 0.117727 0.117727 0.117727 0.117727 0.117727 0.117727 0.117727 0.117727 0.117727 0.139918 0.139918 0.139918 0.139918 0.139918 0.139918 0.139918 0.139918 0.139918 0.139918 0.139918 0.159879 0.159879 0.159879 0.159879 0.159879 0.159879 0.159879 0.159879 0.159879 0.159879 0.159879 0.177283 0.177283 0.177283 0.177283 0.177283 0.177283 0.177283 0.177283 0.177283 0.177283 0.177283 0.192139 0.192139 0.192139 0.192139 0.192139 0.192139 0.192139 0.192139 0.192139 0.192139 0.192139 0.20463 0.20463 0.20463 0.20463 0.20463 0.20463 0.20463 0.20463 0.20463 0.20463 0.20463 0.215016 0.215016 0.215016 0.215016 0.215016 0.215016 0.215016 0.215016 0.215016 0.215016 0.215016 0.223583 0.223583 0.223583 0.223583 0.223583 0.223583 0.223583 0.223583 0.223583 0.223583 0.223583 0.230604 0.230604 0.230604 0.230604 0.230604 0.230604 0.230604 0.230604 0.230604 0.230604 0.230604 0.236332 0.236332 0.236332 0.236332 0.236332 0.236332 0.236332 0.236332 0.236332 0.236332 0.236332 0.240987 0.240987 0.240987 0.240987 0.240987 0.240987 0.240987 0.240987 0.240987 0.240987 0.240987 0.244759 0.244759 0.244759 0.244759 0.244759 0.244759 0.244759 0.244759 0.244759 0.244759 0.244759 0.24781 0.24781 0.24781 0.24781 0.24781 0.24781 0.24781 0.24781 0.24781 0.24781 0.24781 0.249878 0.249878 0.249878 0.249878 0.249878 0.249878 0.249878 0.249878 0.249878 0.249878 0.249878 0.252436 0.252436 0.252436 0.252436 0.252436 0.252436 0.252436 0.252436 0.252436 0.252436 0.252436 0.255605 0.255605 0.255605 0.255605 0.255605 0.255605 0.255605 0.255605 0.255605 0.255605 0.255605 0.259522 0.259522 0.259522 0.259522 0.259522 0.259522 0.259522 0.259522 0.259522 0.259522 0.259522 0.264354 0.264354 0.264354 0.264354 0.264354 0.264354 0.264354 0.264354 0.264354 0.264354 0.264354 0.270296 0.270296 0.270296 0.270296 0.270296 0.270296 0.270296 0.270296 0.270296 0.270296 0.270296 0.277574 0.277574 0.277574 0.277574 0.277574 0.277574 0.277574 0.277574 0.277574 0.277574 0.277574 0.286445 0.286445 0.286445 0.286445 0.286445 0.286445 0.286445 0.286445 0.286445 0.286445 0.286445 0.297188 0.297188 0.297188 0.297188 0.297188 0.297188 0.297188 0.297188 0.297188 0.297188 0.297188 0.310085 0.310085 0.310085 0.310085 0.310085 0.310085 0.310085 0.310085 0.310085 0.310085 0.310085 0.32539 0.32539 0.32539 0.32539 0.32539 0.32539 0.32539 0.32539 0.32539 0.32539 0.32539 0.343263 0.343263 0.343263 0.343263 0.343263 0.343263 0.343263 0.343263 0.343263 0.343263 0.343263 0.363669 0.363669 0.363669 0.363669 0.363669 0.363669 0.363669 0.363669 0.363669 0.363669 0.363669 0.386201 0.386201 0.386201 0.386201 0.386201 0.386201 0.386201 0.386201 0.386201 0.386201 0.386201 0.409841 0.409841 0.409841 0.409841 0.409841 0.409841 0.409841 0.409841 0.409841 0.409841 0.409841 0.432698 0.432698 0.432698 0.432698 0.432698 0.432698 0.432698 0.432698 0.432698 0.432698 0.432698 0.452078 0.452078 0.452078 0.452078 0.452078 0.452078 0.452078 0.452078 0.452078 0.452078 0.452078 0.465554 0.465554 0.465554 0.465554 0.465554 0.465554 0.465554 0.465554 0.465554 0.465554 0.465554 0.472801 0.472801 0.472801 0.472801 0.472801 0.472801 0.472801 0.472801 0.472801 0.472801 0.472801 0.475738 0.475738 0.475738 0.475738 0.475738 0.475738 0.475738 0.475738 0.475738 0.475738 0.475738 0.476627 0.476627 0.476627 0.476627 0.476627 0.476627 0.476627 0.476627 0.476627 0.476627 0.476627 0.476823 0.476823 0.476823 0.476823 0.476823 0.476823 0.476823 0.476823 0.476823 0.476823 0.476823 0.47686 0.47686 0.47686 0.47686 0.47686 0.47686 0.47686 0.47686 0.47686 0.47686 0.47686
0.16 0.16 0.16 0.16 0.16 0.16 0.16 0.16 0.16 0.16 0.16 0.16 0.16 0.16 0.16 0.16 0.16 0.16 0.16 0.16 0.16 0.16 0.16 0.16 0.16 0.16 0.16 0.16 0.16 0.16 0.16 0.16 0.16 0.16 0.16 0.16 0.16 0.16 0.16 0.16 0.16 0.16 0.16 0.16 0.16 0.16 0.16 0.16 0.16 0.16 0.16 0.16 0.16 0.16 0.16 0.16 0.16 0.16 0.16 0.16 0.16 0.16 0.16 0.16 0.16 0.16 0.16 0.16 0.16 0.16 0.16 0.16 0.16 0.16 0.16 0.16 0.16 0.16 0.16 0.16 0.16 0.16 0.16 0.16 0.16 0.16 0.16 0.16 0.16 0.16 0.16 0.16 0.16 0.16 0.16 0.16 0.16 0.16 0.16 0.16 0.16 0.16 0.16 0.16 0.16 0.16 0.16 0.16 0.16 0.16 0.16 0.16 0.16 0.16 0.16 0.16 0.16 0.16 0.16 0.16 0.16 0.160001 0.160001 0.160001 0.160001 0.160001 0.160001 0.160001 0.160001 0.160001 0.160001 0.160001 0.160002 0.160002 0.160002 0.160002 0.160002 0.160002 0.160002 0.160002 0.160002 0.160002 0.160002 0.160003 0.160003 0.160003 0.160003 0.160003 0.160003 0.160003 0.160003 0.160003 0.160003 0.160003 0.160004 0.160004 0.160004 0.160004 0.160004 0.160004 0.160004 0.160004 0.160004 0.160004 0.160004 0.160006 0.160006 0.160006 0.160006 0.160006 0.160006 0.160006 0.160006 0.160006 0.160006 0.160006 0.160009 0.160009 0.160009 0.160009 0.160009 0.160009 0.160009 0.160009 0.160009 0.160009 0.160009 0.160012 0.160012 0.160012 0.160012 0.160012 0.160012 0.160012 0.160012 0.160012 0.160012 0.160012 0.160015 0.160015 0.160015 0.160015 0.160015 0.160015 0.160015 0.160015 0.160015 0.160015 0.160015 0.160018 0.160018 0.160018 0.160018 0.160018 0.160018 0.160018 0.160018 0.160018 0.160018 0.160018 0.16002 0.16002 0.16002 0.16002 0.16002 0.16002 0.16002 0.16002 0.16002 0.16002 0.16002 0.160023 0.160023 0.160023 0.160023 0.160023 0.160023 0.160023 0.160023 0.160023 0.160023 0.160023 2.48984e-05 2.48984e-05 2.48984e-05 2.48984e-05 2.48984e-05 2.48984e-05 2.48984e-05 2.48984e-05 2.48984e-05 2.48984e-05 2.48984e-05 -0.159973 -0.159973 -0.159973 -0.159973 -0.159973 -0.159973 -0.159973 -0.159973 -0.159973 -0.159973 -0.159973 -0.159969 -0.159969 -0.159969 -0.159969 -0.159969 -0.159969 -0.159969 -0.159969 -0.159969 -0.159969 -0.159969 -0.159964 -0.159964 -0.159964 -0.159964 -0.159964 -0.159964 -0.159964 -0.159964 -0.159964 -0.159964 -0.159964 -0.159956 -0.159956 -0.159956 -0.159956 -0.159956 -0.159956 -0.159956 -0.159956 -0.159956 -0.159956 -0.159956 -0.159945 -0.159945 -0.159945 -0.159945 -0.159945 -0.159945 -0.159945 -0.159945 -0.159945 -0.159945 -0.159945 -0.159927 -0.159927 -0.159927 -0.159927 -0.159927 -0.159927 -0.159927 -0.159927 -0.159927 -0.159927 -0.159927 -0.159898 -0.159898 -0.159898 -0.159898 -0.159898 -0.159898 -0.159898 -0.159898 -0.159898 -0.159898 -0.159898 -0.159845 -0.159845 -0.159845 -0.159845 -0.159845 -0.159845 -0.159845 -0.159845 -0.159845 -0.159845 -0.159845 -0.159745 -0.159745 -0.159745 -0.159745 -0.159745 -0.159745 -0.159745 -0.159745 -0.159745 -0.159745 -0.159745 -0.15954 -0.15954 -0.15954 -0.15954 -0.15954 -0.15954 -0.15954 -0.15954 -0.15954 -0.15954 -0.15954 -0.159082 -0.159082 -0.159082 -0.159082 -0.159082 -0.159082 -0.159082 -0.159082 -0.159082 -0.159082 -0.159082 -0.157981 -0.157981 -0.157981 -0.157981 -0.157981 -0.157981 -0.157981 -0.157981 -0.157981 -0.157981 -0.157981 -0.155178 -0.155178 -0.155178 -0.155178 -0.155178 -0.155178 -0.155178 -0.155178 -0.155178 -0.155178 -0.155178 -0.147984 -0.147984 -0.147984 -0.147984 -0.147984 -0.147984 -0.147984 -0.147984 -0.147984 -0.147984 -0.147984 -0.130944 -0.130944 -0.130944 -0.130944 -0.130944 -0.130944 -0.130944 -0.130944 -0.130944 -0.130944 -0.130944 -0.098571 -0.098571 -0.098571 -0.098571 -0.098571 -0.098571 -0.098571 -0.098571 -0.098571 -0.098571 -0.098571 -0.0566148 -0.0566148 -0.0566148 -0.0566148 -0.0566148 -0.0566148 -0.0566148 -0.0566148 -0.0566148 -0.0566148 -0.0566148 -0.0232153 -0.0232153 -0.0232153 -0.0232153 -0.0232153 -0.0232153 -0.0232153 -0.0232153 -0.0232153 -0.0232153 -0.0232153 -0.00678263 -0.00678263 -0.00678263 -0.00678263 -0.00678263 -0.00678263 -0.00678263 -0.00678263 -0.00678263 -0.00678263 -0.00678263 -0.00143245 -0.00143245 -0.00143245 -0.00143245 -0.00143245 -0.00143245 -0.00143245 -0.00143245 -0.00143245 -0.00143245 -0.00143245 -0.000225523 -0.000225523 -0.000225523 -0.000225522 -0.000225522 -0.000225522 -0.000225522 -0.000225522 -0.000225522 -0.000225522 -0.000225522 8.2368e-16 8.2368e-16 8.2368e-16 8.2368e-16 8.2368e-16 8.2368e-16 8.2368e-16 8.2368e-16 8.2368e-16 8.2368e-16 8.2368e-16
1.76436e-07 1.76436e-07 1.76624e-07 1.76624e-07 1.76436e-07 1.76624e-07 1.76436e-07 1.76624e-07 1.76436e-07 1.76624e-07 1.76436e-07 1.76624e-07 1.76435e-07 1.76624e-07 1.7643e-07 1.76623e-07 1.76376e-07 1.76617e-07 1.76376e-07 1.76616e-07 1.76376e-07 1.76616e-07 1.77909e-07 1.77909e-07 1.77909e-07 1.77909e-07 1.77909e-07 1.77909e-07 1.77909e-07 1.77909e-07 1.77908e-07 1.77908e-07 1.77908e-07 1.836e-07 1.836e-07 1.836e-07 1.836e-07 1.836e-07 1.836e-07 1.836e-07 1.836e-07 1.83599e-07 1.83599e-07 1.83599e-07 2.03726e-07 2.03726e-07 2.03726e-07 2.03726e-07 2.03726e-07 2.03726e-07 2.03726e-07 2.03726e-07 2.03726e-07 2.03726e-07 2.03726e-07 2.66437e-07 2.66437e-07 2.66437e-07 2.66437e-07 2.66437e-07 2.66437e-07 2.66437e-07 2.66437e-07 2.66437e-07 2.66437e-07 2.66437e-07 4.50006e-07 4.50006e-07 4.50006e-07 4.50006e-07 4.50006e-07 4.50006e-07 4.50006e-07 4.50006e-07 4.50006e-07 4.50006e-07 4.50006e-07 9.65784e-07 9.65784e-07 9.65784e-07 9.65784e-07 9.65784e-07 9.65784e-07 9.65784e-07 9.65784e-07 9.65784e-07 9.65784e-07 9.65784e-07 2.35312e-06 2.35312e-06 2.35312e-06 2.35312e-06 2.35312e-06 2.35312e-06 2.35312e-06 2.35312e-06 2.35312e-06 2.35312e-06 2.35312e-06 5.83618e-06 5.83618e-06 5.83618e-06 5.83618e-06 5.83618e-06 5.83618e-06 5.83618e-06 5.83618e-06 5.83618e-06 5.83618e-06 5.83618e-06 1.37521e-05 1.37521e-05 1.37521e-05 1.37521e-05 1.37521e-05 1.37521e-05 1.37521e-05 1.37521e-05 1.37521e-05 1.37521e-05 1.37521e-05 2.97322e-05 2.97322e-05 2.97322e-05 2.97322e-05 2.97322e-05 2.97322e-05 2.97322e-05 2.97322e-05 2.97322e-05 2.97322e-05 2.97322e-05 5.82386e-05 5.82386e-05 5.82386e-05 5.82386e-05 5.82386e-05 5.82386e-05 5.82386e-05 5.82386e-05 5.82386e-05 5.82386e-05 5.82386e-05 0.000103381 0.000103381 0.000103381 0.000103381 0.000103381 0.000103381 0.000103381 0.000103381 0.000103381 0.000103381 0.000103381 0.00016749 0.00016749 0.00016749 0.00016749 0.00016749 0.00016749 0.00016749 0.00016749 0.00016749 0.00016749 0.00016749 0.000250172 0.000250172 0.000250172 0.000250172 0.000250172 0.000250172 0.000250172 0.000250172 0.000250172 0.000250172 0.000250172 0.000348299 0.000348299 0.000348299 0.000348299 0.000348299 0.000348299 0.000348299 0.000348299 0.000348299 0.000348299 0.000348299 0.00045682 0.00045682 0.00045682 0.00045682 0.00045682 0.00045682 0.00045682 0.00045682 0.00045682 0.00045682 0.00045682 0.000569949 0.000569949 0.000569949 0.000569949 0.000569949 0.000569949 0.000569948 0.000569948 0.000569948 0.000569948 0.000569948 0.000682233 0.000682233 0.000682233 0.000682233 0.000682233 0.000682233 0.000682233 0.000682233 0.000682233 0.000682233 0.000682233 0.000789266 0.000789266 0.000789266 0.000789266 0.000789266 0.000789266 0.000789266 0.000789266 0.000789266 0.000789266 0.000789266 0.000887973 0.000887973 0.000887973 0.000887973 0.000887973 0.000887973 0.000887973 0.000887973 0.000887973 0.000887972 0.000887972 0.000961804 0.000961804 0.000961804 0.000961804 0.000961804 0.000961804 0.000961804 0.000961804 0.000961804 0.000961804 0.000961804 0.00106171 0.00106171 0.00106171 0.00106171 0.00106171 0.00106171 0.00106171 0.00106171 0.00106171 0.00106171 0.00106171 0.00119996 0.00119996 0.00119996 0.00119996 0.00119996 0.00119996 0.00119996 0.00119996 0.00119996 0.00119996 0.00119996 0.00139601 0.00139601 0.00139601 0.00139601 0.00139601 0.00139601 0.00139601 0.00139601 0.00139601 0.00139601 0.00139601 0.00168247 0.00168247 0.00168247 0.00168247 0.00168247 0.00168247 0.00168247 0.00168247 0.00168247 0.00168247 0.00168247 0.00211654 0.00211654 0.00211654 0.00211654 0.00211654 0.00211654 0.00211654 0.00211654 0.00211654 0.00211654 0.00211654 0.00280369 0.00280369 0.00280369 0.00280369 0.00280369 0.00280369 0.00280369 0.00280369 0.00280369 0.00280369 0.00280369 0.00394963 0.00394963 0.00394963 0.00394963 0.00394963 0.00394963 0.00394963 0.00394963 0.00394963 0.00394963 0.00394963 0.00598109 0.00598109 0.00598109 0.00598109 0.00598109 0.00598109 0.00598109 0.00598109 0.00598109 0.00598109 0.00598109 0.00984348 0.00984348 0.00984348 0.00984348 0.00984348 0.00984348 0.00984348 0.00984348 0.00984348 0.00984348 0.00984348 0.0177791 0.0177791 0.0177791 0.0177791 0.0177791 0.0177791 0.0177791 0.0177791 0.0177791 0.0177791 0.0177791 0.0354621 0.0354621 0.0354621 0.0354621 0.0354621 0.0354621 0.0354621 0.0354621 0.0354621 0.0354621 0.0354621 0.0780005 0.0780005 0.0780005 0.0780005 0.0780005 0.0780005 0.0780005 0.0780005 0.0780005 0.0780005 0.0780005 0.186254 0.186254 0.186254 0.186254 0.186254 0.186254 0.186254 0.186254 0.186254 0.186254 0.186254 0.464187 0.464187 0.464187 0.464187 0.464187 0.464187 0.464187 0.464187 0.464187 0.464187 0.464187 1.12242 1.12242 1.12242 1.12242 1.12242 1.12242 1.12242 1.12242 1.12242 1.12242 1.12242 2.37295 2.37295 2.37295 2.37295 2.37295 2.37295 2.37295 2.37295 2.37295 2.37295 2.37295 3.99368 3.99368 3.99368 3.99368 3.99368 3.99368 3.99368 3.99368 3.99368 3.99368 3.99368 5.28387 5.28387 5.28387 5.28387 5.28387 5.28387 5.28387 5.28387 5.28387 5.28387 5.28387 5.91866 5.91866 5.91866 5.91866 5.91866 5.91866 5.91866 5.91866 5.91866 5.91866 5.91866 6.12533 6.12533 6.12533 6.12533 6.12533 6.12533 6.12533 6.12533 6.12533 6.12533 6.12533 6.17195 6.17195 6.17195 6.17195 6.17195 6.17195 6.17195 6.17195 6.17195 6.17195 6.17195 6.18066 6.18066 6.18066 6.18066 6.18066 6.18066 6.18066 6.18066 6.18066 6.18066 6.18066
7.58471e-05 7.58471e-05 0.00031416 0.00031416 7.5847e-05 0.00031416 7.58461e-05 0.00031416 7.58377e-05 0.000314156 7.57603e-05 0.000314126 7.50323e-05 0.000313904 6.80635e-05 0.000312443 -4.48e-18 0.000305094 -4.48e-18 0.000304379 -4.48e-18 0.000304316 0.00192138 0.00192138 0.00192138 0.00192138 0.00192138 0.00192137 0.00192131 0.00192099 0.00191986 0.00191966 0.00191963 0.00859977 0.00859977 0.00859977 0.00859977 0.00859977 0.00859976 0.00859974 0.00859966 0.00859942 0.00859936 0.00859935 0.0277754 0.0277754 0.0277754 0.0277754 0.0277754 0.0277754 0.0277754 0.0277754 0.0277753 0.0277753 0.0277753 0.063774 0.063774 0.063774 0.063774 0.063774 0.063774 0.063774 0.063774 0.063774 0.063774 0.063774 0.105225 0.105225 0.105225 0.105225 0.105225 0.105225 0.105225 0.105225 0.105225 0.105225 0.105225 0.134865 0.134865 0.134865 0.134865 0.134865 0.134865 0.134865 0.134865 0.134865 0.134865 0.134865 0.149719 0.149719 0.149719 0.149719 0.149719 0.149719 0.149719 0.149719 0.149719 0.149719 0.149719 0.155857 0.155857 0.155857 0.155857 0.155857 0.155857 0.155857 0.155857 0.155857 0.155857 0.155857 0.158242 0.158242 0.158242 0.158242 0.158242 0.158242 0.158242 0.158242 0.158242 0.158242 0.158242 0.159188 0.159188 0.159188 0.159188 0.159188 0.159188 0.159188 0.159188 0.159188 0.159188 0.159188 0.159586 0.159586 0.159586 0.159586 0.159586 0.159586 0.159586 0.159586 0.159586 0.159586 0.159586 0.159769 0.159769 0.159769 0.159769 0.159769 0.159769 0.159769 0.159769 0.159769 0.159769 0.159769 0.15986 0.15986 0.15986 0.15986 0.15986 0.15986 0.15986 0.15986 0.15986 0.15986 0.15986 0.15991 0.15991 0.15991 0.15991 0.15991 0.15991 0.15991 0.15991 0.15991 0.15991 0.15991 0.15994 0.15994 0.15994 0.15994 0.15994 0.15994 0.15994 0.15994 0.15994 0.15994 0.15994 0.159959 0.159959 0.159959 0.159959 0.159959 0.159959 0.159959 0.159959 0.159959 0.159959 0.159959 0.159972 0.159972 0.159972 0.159972 0.159972 0.159972 0.159972 0.159972 0.159972 0.159972 0.159972 0.159982 0.159982 0.159982 0.159982 0.159982 0.159982 0.159982 0.159982 0.159982 0.159982 0.159982 0.15999 0.15999 0.15999 0.15999 0.15999 0.15999 0.15999 0.15999 0.15999 0.15999 0.15999 0.159996 0.159996 0.159996 0.159996 0.159996 0.159996 0.159996 0.159996 0.159996 0.159996 0.159996 -2.36524e-07 -2.36525e-07 -2.36527e-07 -2.36532e-07 -2.36541e-07 -2.36553e-07 -2.36571e-07 -2.36592e-07 -2.36613e-07 -2.36627e-07 -2.36632e-07 -0.159995 -0.159995 -0.159995 -0.159995 -0.159995 -0.159995 -0.159995 -0.159995 -0.159995 -0.159995 -0.159995 -0.159989 -0.159989 -0.159989 -0.159989 -0.159989 -0.159989 -0.159989 -0.159989 -0.159989 -0.159989 -0.159989 -0.159981 -0.159981 -0.159981 -0.159981 -0.159981 -0.159981 -0.159981 -0.159981 -0.159981 -0.159981 -0.159981 -0.159971 -0.159971 -0.159971 -0.159971 -0.159971 -0.159971 -0.159971 -0.159971 -0.159971 -0.159971 -0.159971 -0.159957 -0.159957 -0.159957 -0.159957 -0.159957 -0.159957 -0.159957 -0.159957 -0.159957 -0.159957 -0.159957 -0.159936 -0.159936 -0.159936 -0.159936 -0.159936 -0.159936 -0.159936 -0.159936 -0.159936 -0.159936 -0.159936 -0.159904 -0.159904 -0.159904 -0.159904 -0.159904 -0.159904 -0.159904 -0.159904 -0.159904 -0.159904 -0.159904 -0.159849 -0.159849 -0.159849 -0.159849 -0.159849 -0.159849 -0.159849 -0.159849 -0.159849 -0.159849 -0.159849 -0.159748 -0.159748 -0.159748 -0.159748 -0.159748 -0.159748 -0.159748 -0.159748 -0.159748 -0.159748 -0.159748 -0.159541 -0.159541 -0.159541 -0.159541 -0.159541 -0.159541 -0.159541 -0.159541 -0.159541 -0.159541 -0.159541 -0.159083 -0.159083 -0.159083 -0.159083 -0.159083 -0.159083 -0.159083 -0.159083 -0.159083 -0.159083 -0.159083 -0.157981 -0.157981 -0.157981 -0.157981 -0.157981 -0.157981 -0.157981 -0.157981 -0.157981 -0.157981 -0.157981 -0.155179 -0.155179 -0.155179 -0.155179 -0.155179 -0.155179 -0.155179 -0.155179 -0.155179 -0.155179 -0.155179 -0.147984 -0.147984 -0.147984 -0.147984 -0.147984 -0.147984 -0.147984 -0.147984 -0.147984 -0.147984 -0.147984 -0.130944 -0.130944 -0.130944 -0.130944 -0.130944 -0.130944 -0.130944 -0.130944 -0.130944 -0.130944 -0.130944 -0.098571 -0.098571 -0.098571 -0.098571 -0.098571 -0.098571 -0.098571 -0.098571 -0.098571 -0.098571 -0.098571 -0.0566148 -0.0566148 -0.0566148 -0.0566148 -0.0566148 -0.0566148 -0.0566148 -0.0566148 -0.0566148 -0.0566148 -0.0566148 -0.0232153 -0.0232153 -0.0232153 -0.0232153 -0.0232153 -0.0232153 -0.0232153 -0.0232153 -0.0232153 -0.0232153 -0.0232153 -0.00678263 -0.00678263 -0.00678263 -0.00678263 -0.00678263 -0.00678263 -0.00678263 -0.00678263 -0.00678263 -0.00678263 -0.00678263 -0.00143245 -0.00143245 -0.00143245 -0.00143245 -0.00143245 -0.00143245 -0.00143245 -0.00143245 -0.00143245 -0.00143245 -0.00143245 -0.000225524 -0.000225524 -0.000225524 -0.000225524 -0.000225524 -0.000225524 -0.000225524 -0.000225524 -0.000225524 -0.000225524 -0.000225524 4.48e-18 4.48e-18 4.48e-18 4.48e-18 4.48e-18 4.48e-18 4.48e-18 4.48e-18 4.48e-18 4.48e-18 4.48e-18
1.6e-19 1.6e-19 1.6e-19 1.6e-19 1.6e-19 1.6e-19 1.6e-19 1.6e-19 1.6e-19 1.6e-19 1.6e-19 1.6e-19 1.6e-19 1.6e-19 1.6e-19 1.6e-19 1.6e-19 1.6e-19 1.6e-19 1.6e-19 1.6e-19 1.6e-19 1.6e-19 1.6e-19 1.6e-19 1.6e-19 1.6e-19 1.6e-19 1.6e-19 1.6e-19 1.6e-19 1.6e-19 1.6e-19 1.6e-19 1.6e-19 1.6e-19 1.6e-19 1.6e-19 1.6e-19 1.6e-19 1.6e-19 1.6e-19 1.6e-19 1.6e-19 1.6e-19 1.6e-19 1.6e-19 1.6e-19 1.6e-19 1.6e-19 1.6e-19 1.6e-19 1.6e-19 1.6e-19 1.6e-19 1.6e-19 1.6e-19 1.6e-19 1.6e-19 1.6e-19 1.6e-19 1.6e-19 1.6e-19 1.6e-19 1.6e-19 1.6e-19 1.6e-19 1.6e-19 1.6e-19 1.6e-19 1.6e-19 1.6e-19 1.6e-19 1.6e-19 1.6e-19 1.6e-19 1.6e-19 1.6e-19 1.6e-19 1.6e-19 1.6e-19 1.6e-19 1.6e-19 1.6e-19 1.6e-19 1.6e-19 1.6e-19 1.6e-19 1.6e-19 1.6e-19 1.6e-19 1.6e-19 1.6e-19 1.6e-19 1.6e-19 1.6e-19 1.6e-19 1.6e-19 1.6e-19 1.6e-19 1.6e-19 1.6e-19 1.6e-19 1.6e-19 1.6e-19 1.6e-19 1.6e-19 1.6e-19 1.6e-19 1.6e-19 1.6e-19 1.6e-19 1.6e-19 1.6e-19 1.6e-19 1.6e-19 1.6e-19 1.6e-19 1.6e-19 1.6e-19 1.6e-19 1.6e-19 1.6e-19 1.6e-19 1.6e-19 1.6e-19 1.6e-19 1.6e-19 1.6e-19 1.6e-19 1.6e-19 1.6e-19 1.6e-19 1.6e-19 1.6e-19 1.6e-19 1.6e-19 1.6e-19 1.6e-19 1.6e-19 1.6e-19 1.6e-19 1.6e-19 1.6e-19 1.6e-19 1.6e-19 1.6e-19 1.6e-19 1.6e-19 1.6e-19 1.6e-19 1.6e-19 1.6e-19 1.6e-19 1.6e-19 1.6e-19 1.6e-19 1.6e-19 1.6e-19 1.6e-19 1.6e-19 1.6e-19 1.6e-19 1.6e-19 1.6e-19 1.6e-19 1.6e-19 1.6e-19 1.6e-19 1.6e-19 1.6e-19 1.6e-19 1.6e-19 1.6e-19 1.6e-19 1.6e-19 1.6e-19 1.6e-19 1.6e-19 1.6e-19 1.6e-19 1.6e-19 1.6e-19 1.6e-19 1.6e-19 1.6e-19 1.6e-19 1.6e-19 1.6e-19 1.6e-19 1.6e-19 1.6e-19 1.6e-19 1.6e-19 1.6e-19 1.6e-19 1.6e-19 1.6e-19 1.6e-19 1.6e-19 1.6e-19 1.6e-19 1.6e-19 1.6e-19 1.6e-19 1.6e-19 1.6e-19 1.6e-19 1.6e-19 1.6e-19 1.6e-19 1.6e-19 1.6e-19 1.6e-19 1.6e-19 1.6e-19 1.6e-19 1.6e-19 1.6e-19 1.6e-19 1.6e-19 1.6e-19 1.6e-19 1.6e-19 1.6e-19 1.6e-19 1.6e-19 1.6e-19 1.6e-19 1.6e-19 1.6e-19 1.6e-19 1.6e-19 1.6e-19 1.6e-19 1.6e-19 1.6e-19 1.6e-19 1.6e-19 1.6e-19 1.6e-19 1.6e-19 1.6e-19 1.6e-19 1.6e-19 1.6e-19 1.6e-19 1.6e-19 1.6e-19 1.6e-19 1.6e-19 1.6e-19 1.6e-19 1.6e-19 1.6e-19 1.6e-19 1.6e-19 1.6e-19 1.6e-19 1.6e-19 1.6e-19 1.6e-19 1.6e-19 1.6e-19 1.6e-19 1.6e-19 1.6e-19 1.6e-19 1.6e-19 1.6e-19 1.6e-19 1.6e-19 1.6e-19 1.6e-19 1.6e-19 1.6e-19 1.6e-19 1.6e-19 1.6e-19 1.6e-19 1.6e-19 1.6e-19 1.6e-19 1.6e-19 1.6e-19 1.6e-19 1.6e-19 1.6e-19 1.6e-19 1.6e-19 1.6e-19 1.6e-19 1.6e-19 1.6e-19 1.6e-19 1.6e-19 1.6e-19 1.6e-19 1.6e-19 1.6e-19 1.6e-19 1.6e-19 1.6e-19 1.6e-19 1.6e-19 1.6e-19 1.6e-19 1.6e-19 1.6e-19 1.6e-19 1.6e-19 1.6e-19 1.6e-19 1.6e-19 1.6e-19 1.6e-19 1.6e-19 1.6e-19 1.6e-19 1.6e-19 1.6e-19 1.6e-19 1.6e-19 1.6e-19 1.6e-19 1.6e-19 1.6e-19 1.6e-19 1.6e-19 1.6e-19 1.6e-19 1.6e-19 1.6e-19 1.6e-19 1.6e-19 1.6e-19 1.6e-19 1.6e-19 1.6e-19 1.6e-19 1.6e-19 1.6e-19 1.6e-19 1.6e-19 1.6e-19 1.6e-19 1.6e-19 1.6e-19 1.6e-19 1.6e-19 1.6e-19 1.6e-19 1.6e-19 1.6e-19 1.6e-19 1.6e-19 1.6e-19 1.6e-19 1.6e-19 1.6e-19 1.6e-19 1.6e-19 1.6e-19 1.6e-19 1.6e-19 1.6e-19 1.6e-19 1.6e-19 1.6e-19 1.6e-19 1.6e-19 1.6e-19 1.6e-19 1.6e-19 1.6e-19 1.6e-19 1.6e-19 1.6e-19 1.6e-19 1.6e-19 1.6e-19 1.6e-19 1.6e-19 1.6e-19 1.6e-19 1.6e-19 1.6e-19 1.6e-19 1.6e-19 1.6e-19 1.6e-19 1.6e-19 1.6e-19 1.6e-19 1.6e-19 1.6e-19 1.6e-19 1.6e-19 1.6e-19 1.6e-19 1.6e-19 1.6e-19 1.6e-19 1.6e-19 1.6e-19 1.6e-19 1.6e-19 1.6e-19 1.6e-19 1.6e-19 1.6e-19 1.6e-19 1.6e-19 1.6e-19 1.6e-19 1.6e-19 1.6e-19 1.6e-19 1.6e-19 1.6e-19 1.6e-19 1.6e-19 1.6e-19 1.6e-19 1.6e-19 1.6e-19 1.6e-19 1.6e-19 1.6e-19 1.6e-19 1.6e-19 1.6e-19 1.6e-19 1.6e-19 1.6e-19 1.6e-19 1.6e-19 1.6e-19 1.6e-19 1.6e-19 1.6e-19 1.6e-19 1.6e-19 1.6e-19 1.6e-19 1.6e-19 1.6e-19 1.6e-19 1.6e-19 1.6e-19 1.6e-19 1.6e-19 1.6e-19 1.6e-19 1.6e-19 1.6e-19 1.6e-19 1.6e-19 1.6e-19 1.6e-19 1.6e-19 1.6e-19 1.6e-19 1.6e-19 1.6e-19 1.6e-19 1.6e-19 1.6e-19 1.6e-19 1.6e-19 1.6e-19 1.6e-19 1.6e-19 1.6e-19 1.6e-19 1.6e-19 1.6e-19 1.6e-19 1.6e-19 1.6e-19 1.6e-19 1.6e-19 1.6e-19 1.6e-19 1.6e-19 1.6e-19 1.6e-19 1.6e-19 1.6e-19 1.6e-19 1.6e-19 1.6e-19 1.6e-19 1.6e-19 1.6e-19
-1.6e-19 -1.6e-19 -1.6e-19 -1.6e-19 -1.6e-19 -1.6e-19 -1.6e-19 -1.6e-19 -1.6e-19 -1.6e-19 -1.6e-19 -1.6e-19 -1.6e-19 -1.6e-19 -1.6e-19 -1.6e-19 -1.6e-19 -1.6e-19 -1.6e-19 -1.6e-19 -1.6e-19 -1.6e-19 -1.6e-19 -1.6e-19 -1.6e-19 -1.6e-19 -1.6e-19 -1.6e-19 -1.6e-19 -1.6e-19 -1.6e-19 -1.6e-19 -1.6e-19 -1.6e-19 -1.6e-19 -1.6e-19 -1.6e-19 -1.6e-19 -1.6e-19 -1.6e-19 -1.6e-19 -1.6e-19 -1.6e-19 -1.6e-19 -1.6e-19 -1.6e-19 -1.6e-19 -1.6e-19 -1.6e-19 -1.6e-19 -1.6e-19 -1.6e-19 -1.6e-19 -1.6e-19 -1.6e-19 -1.6e-19 -1.6e-19 -1.6e-19 -1.6e-19 -1.6e-19 -1.6e-19 -1.6e-19 -1.6e-19 -1.6e-19 -1.6e-19 -1.6e-19 -1.6e-19 -1.6e-19 -1.6e-19 -1.6e-19 -1.6e-19 -1.6e-19 -1.6e-19 -1.6e-19 -1.6e-19 -1.6e-19 -1.6e-19 -1.6e-19 -1.6e-19 -1.6e-19 -1.6e-19 -1.6e-19 -1.6e-19 -1.6e-19 -1.6e-19 -1.6e-19 -1.6e-19 -1.6e-19 -1.6e-19 -1.6e-19 -1.6e-19 -1.6e-19 -1.6e-19 -1.6e-19 -1.6e-19 -1.6e-19 -1.6e-19 -1.6e-19 -1.6e-19 -1.6e-19 -1.6e-19 -1.6e-19 -1.6e-19 -1.6e-19 -1.6e-19 -1.6e-19 -1.6e-19 -1.6e-19 -1.6e-19 -1.6e-19 -1.6e-19 -1.6e-19 -1.6e-19 -1.6e-19 -1.6e-19 -1.6e-19 -1.6e-19 -1.6e-19 -1.6e-19 -1.6e-19 -1.6e-19 -1.6e-19 -1.6e-19 -1.6e-19 -1.6e-19 -1.6e-19 -1.6e-19 -1.6e-19 -1.6e-19 -1.6e-19 -1.6e-19 -1.6e-19 -1.6e-19 -1.6e-19 -1.6e-19 -1.6e-19 -1.6e-19 -1.6e-19 -1.6e-19 -1.6e-19 -1.6e-19 -1.6e-19 -1.6e-19 -1.6e-19 -1.6e-19 -1.6e-19 -1.6e-19 -1.6e-19 -1.6e-19 -1.6e-19 -1.6e-19 -1.6e-19 -1.6e-19 -1.6e-19 -1.6e-19 -1.6e-19 -1.6e-19 -1.6e-19 -1.6e-19 -1.6e-19 -1.6e-19 -1.6e-19 -1.6e-19 -1.6e-19 -1.6e-19 -1.6e-19 -1.6e-19 -1.6e-19 -1.6e-19 -1.6e-19 -1.6e-19 -1.6e-19 -1.6e-19 -1.6e-19 -1.6e-19 -1.6e-19 -1.6e-19 -1.6e-19 -1.6e-19 -1.6e-19 -1.6e-19 -1.6e-19 -1.6e-19 -1.6e-19 -1.6e-19 -1.6e-19 -1.6e-19 -1.6e-19 -1.6e-19 -1.6e-19 -1.6e-19 -1.6e-19 -1.6e-19 -1.6e-19 -1.6e-19 -1.6e-19 -1.6e-19 -1.6e-19 -1.6e-19 -1.6e-19 -1.6e-19 -1.6e-19 -1.6e-19 -1.6e-19 -1.6e-19 -1.6e-19 -1.6e-19 -1.6e-19 -1.6e-19 -1.6e-19 -1.6e-19 -1.6e-19 -1.6e-19 -1.6e-19 -1.6e-19 -1.6e-19 -1.6e-19 -1.6e-19 -1.6e-19 -1.6e-19 -1.6e-19 -1.6e-19 -1.6e-19 -1.6e-19 -1.6e-19 -1.6e-19 -1.6e-19 -1.6e-19 -1.6e-19 -1.6e-19 -1.6e-19 -1.6e-19 -1.6e-19 -1.6e-19 -1.6e-19 -1.6e-19 -1.6e-19 -1.6e-19 -1.6e-19 -1.6e-19 -1.6e-19 -1.6e-19 -1.6e-19 -1.6e-19 -1.6e-19 -1.6e-19 -1.6e-19 -1.6e-19 -1.6e-19 -1.6e-19 -1.6e-19 -1.6e-19 -1.6e-19 -1.6e-19 -1.6e-19 -1.6e-19 -1.6e-19 -1.6e-19 -1.6e-19 -1.6e-19 -1.6e-19 -1.6e-19 -1.6e-19 -1.6e-19 -1.6e-19 -1.6e-19 -1.6e-19 -1.6e-19 -1.6e-19 -1.6e-19 -1.6e-19 -1.6e-19 -1.6e-19 -1.6e-19 -1.6e-19 -1.6e-19 -1.6e-19 -1.6e-19 -1.6e-19 -1.6e-19 -1.6e-19 -1.6e-19 -1.6e-19 -1.6e-19 -1.6e-19 -1.6e-19 -1.6e-19 -1.6e-19 -1.6e-19 -1.6e-19 -1.6e-19 -1.6e-19 -1.6e-19 -1.6e-19 -1.6e-19 -1.6e-19 -1.6e-19 -1.6e-19 -1.6e-19 -1.6e-19 -1.6e-19 -1.6e-19 -1.6e-19 -1.6e-19 -1.6e-19 -1.6e-19 -1.6e-19 -1.6e-19 -1.6e-19 -1.6e-19 -1.6e-19 -1.6e-19 -1.6e-19 -1.6e-19 -1.6e-19 -1.6e-19 -1.6e-19 -1.6e-19 -1.6e-19 -1.6e-19 -1.6e-19 -1.6e-19 -1.6e-19 -1.6e-19 -1.6e-19 -1.6e-19 -1.6e-19 -1.6e-19 -1.6e-19 -1.6e-19 -1.6e-19 -1.6e-19 -1.6e-19 -1.6e-19 -1.6e-19 -1.6e-19 -1.6e-19 -1.6e-19 -1.6e-19 -1.6e-19 -1.6e-19 -1.6e-19 -1.6e-19 -1.6e-19 -1.6e-19 -1.6e-19 -1.6e-19 -1.6e-19 -1.6e-19 -1.6e-19 -1.6e-19 -1.6e-19 -1.6e-19 -1.6e-19 -1.6e-19 -1.6e-19 -1.6e-19 -1.6e-19 -1.6e-19 -1.6e-19 -1.6e-19 -1.6e-19 -1.6e-19 -1.6e-19 -1.6e-19 -1.6e-19 -1.6e-19 -1.6e-19 -1.6e-19 -1.6e-19 -1.6e-19 -1.6e-19 -1.6e-19 -1.6e-19 -1.6e-19 -1.6e-19 -1.6e-19 -1.6e-19 -1.6e-19 -1.6e-19 -1.6e-19 -1.6e-19 -1.6e-19 -1.6e-19 -1.6e-19 -1.6e-19 -1.6e-19 -1.6e-19 -1.6e-19 -1.6e-19 -1.6e-19 -1.6e-19 -1.6e-19 -1.6e-19 -1.6e-19 -1.6e-19 -1.6e-19 -1.6e-19 -1.6e-19 -1.6e-19 -1.6e-19 -1.6e-19 -1.6e-19 -1.6e-19 -1.6e-19 -1.6e-19 -1.6e-19 -1.6e-19 -1.6e-19 -1.6e-19 -1.6e-19 -1.6e-19 -1.6e-19 -1.6e-19 -1.6e-19 -1.6e-19 -1.6e-19 -1.6e-19 -1.6e-19 -1.6e-19 -1.6e-19 -1.6e-19 -1.6e-19 -1.6e-19 -1.6e-19 -1.6e-19 -1.6e-19 -1.6e-19 -1.6e-19 -1.6e-19 -1.6e-19 -1.6e-19 -1.6e-19 -1.6e-19 -1.6e-19 -1.6e-19 -1.6e-19 -1.6e-19 -1.6e-19 -1.6e-19 -1.6e-19 -1.6e-19 -1.6e-19 -1.6e-19 -1.6e-19 -1.6e-19 -1.6e-19 -1.6e-19 -1.6e-19 -1.6e-19 -1.6e-19 -1.6e-19 -1.6e-19 -1.6e-19 -1.6e-19 -1.6e-19 -1.6e-19 -1.6e-19 -1.6e-19 -1.6e-19 -1.6e-19 -1.6e-19 -1.6e-19 -1.6e-19 -1.6e-19 -1.6e-19 -1.6e-19 -1.6e-19 -1.6e-19 -1.6e-19 -1.6e-19 -1.6e-19 -1.6e-19 -1.6e-19 -1.6e-19 -1.6e-19 -1.6e-19 -1.6e-19 -1.6e-19 -1.6e-19 -1.6e-19 -1.6e-19 -1.6e-19 -1.6e-19 -1.6e-19 -1.6e-19 -1.6e-19 -1.6e-19 -1.6e-19 -1.6e-19 -1.6e-19 -1.6e-19 -1.6e-19 -1.6e-19 -1.6e-19
-0.0768405 -0.0768405 -0.07678 -0.07678 -0.0768405 -0.07678 -0.0768405 -0.07678 -0.0768405 -0.07678 -0.0768405 -0.07678 -0.0768407 -0.07678 -0.0768425 -0.0767804 -0.0768597 -0.0767823 -0.0768597 -0.0767824 -0.0768597 -0.0767825 -0.0763696 -0.0763696 -0.0763696 -0.0763696 -0.0763696 -0.0763696 -0.0763697 -0.0763697 -0.07637 -0.0763701 -0.0763701 -0.0746235 -0.0746235 -0.0746235 -0.0746235 -0.0746235 -0.0746235 -0.0746235 -0.0746236 -0.0746236 -0.0746236 -0.0746236 -0.0692052 -0.0692052 -0.0692052 -0.0692052 -0.0692052 -0.0692052 -0.0692052 -0.0692052 -0.0692052 -0.0692052 -0.0692052 -0.0568744 -0.0568744 -0.0568744 -0.0568744 -0.0568744 -0.0568744 -0.0568744 -0.0568744 -0.0568744 -0.0568744 -0.0568744 -0.0362047 -0.0362047 -0.0362047 -0.0362047 -0.0362047 -0.0362047 -0.0362047 -0.0362047 -0.0362047 -0.0362047 -0.0362047 -0.00943125 -0.00943125 -0.00943125 -0.00943125 -0.00943125 -0.00943125 -0.00943125 -0.00943126 -0.00943126 -0.00943127 -0.00943127 0.019697 0.019697 0.019697 0.019697 0.019697 0.019697 0.019697 0.019697 0.019697 0.019697 0.019697 0.0482382 0.0482382 0.0482382 0.0482382 0.0482382 0.0482382 0.0482382 0.0482382 0.0482382 0.0482382 0.0482382 0.0745078 0.0745078 0.0745078 0.0745078 0.0745078 0.0745078 0.0745078 0.0745078 0.0745078 0.0745078 0.0745078 0.0977557 0.0977557 0.0977557 0.0977557 0.0977557 0.0977557 0.0977557 0.0977557 0.0977557 0.0977557 0.0977557 0.117801 0.117801 0.117801 0.117801 0.117801 0.117801 0.117801 0.117801 0.117801 0.117801 0.117801 0.134776 0.134776 0.134776 0.134776 0.134776 0.134776 0.134776 0.134776 0.134776 0.134776 0.134776 0.148965 0.148965 0.148965 0.148965 0.148965 0.148965 0.148965 0.148965 0.148965 0.148965 0.148965 0.160714 0.160714 0.160714 0.160714 0.160714 0.160714 0.160714 0.160714 0.160714 0.160714 0.160714 0.170373 0.170373 0.170373 0.170373 0.170373 0.170373 0.170373 0.170373 0.170373 0.170373 0.170373 0.178269 0.178269 0.178269 0.178269 0.178269 0.178269 0.178269 0.178269 0.178269 0.178269 0.178269 0.184699 0.184699 0.184699 0.184699 0.184699 0.184699 0.184699 0.184699 0.184699 0.184699 0.184699 0.189917 0.189917 0.189917 0.189917 0.189917 0.189917 0.189917 0.189917 0.189917 0.189917 0.189917 0.19414 0.19414 0.19414 0.19414 0.19414 0.19414 0.19414 0.19414 0.19414 0.19414 0.19414 0.197552 0.197552 0.197552 0.197552 0.197552 0.197552 0.197552 0.197552 0.197552 0.197552 0.197552 0.199863 0.199863 0.199863 0.199863 0.199863 0.199863 0.199863 0.199863 0.199863 0.199863 0.199863 0.202723 0.202723 0.202723 0.202723 0.202723 0.202723 0.202723 0.202723 0.202723 0.202723 0.202723 0.206267 0.206267 0.206267 0.206267 0.206267 0.206267 0.206267 0.206267 0.206267 0.206267 0.206267 0.210654 0.210654 0.210654 0.210654 0.210654 0.210654 0.210654 0.210654 0.210654 0.210654 0.210654 0.21607 0.21607 0.21607 0.21607 0.21607 0.21607 0.21607 0.21607 0.21607 0.21607 0.21607 0.222741 0.222741 0.222741 0.222741 0.222741 0.222741 0.222741 0.222741 0.222741 0.222741 0.222741 0.23093 0.23093 0.23093 0.23093 0.23093 0.23093 0.23093 0.23093 0.23093 0.23093 0.23093 0.240936 0.240936 0.240936 0.240936 0.240936 0.240936 0.240936 0.240936 0.240936 0.240936 0.240936 0.253095 0.253095 0.253095 0.253095 0.253095 0.253095 0.253095 0.253095 0.253095 0.253095 0.253095 0.267758 0.267758 0.267758 0.267758 0.267758 0.267758 0.267758 0.267758 0.267758 0.267758 0.267758 0.285265 0.285265 0.285265 0.285265 0.285265 0.285265 0.285265 0.285265 0.285265 0.285265 0.285265 0.305884 0.305884 0.305884 0.305884 0.305884 0.305884 0.305884 0.305884 0.305884 0.305884 0.305884 0.329705 0.329705 0.329705 0.329705 0.329705 0.329705 0.329705 0.329705 0.329705 0.329705 0.329705 0.356471 0.356471 0.356471 0.356471 0.356471 0.356471 0.356471 0.356471 0.356471 0.356471 0.356471 0.385297 0.385297 0.385297 0.385297 0.385297 0.385297 0.385297 0.385297 0.385297 0.385297 0.385297 0.414294 0.414294 0.414294 0.414294 0.414294 0.414294 0.414294 0.414294 0.414294 0.414294 0.414294 0.440303 0.440303 0.440303 0.440303 0.440303 0.440303 0.440303 0.440303 0.440303 0.440303 0.440303 0.459612 0.459612 0.459612 0.459612 0.459612 0.459612 0.459612 0.459612 0.459612 0.459612 0.459612 0.470553 0.470553 0.470553 0.470553 0.470553 0.470553 0.470553 0.470553 0.470553 0.470553 0.470553 0.475105 0.475105 0.475105 0.475105 0.475105 0.475105 0.475105 0.475105 0.475105 0.475105 0.475105 0.476495 0.476495 0.476495 0.476495 0.476495 0.476495 0.476495 0.476495 0.476495 0.476495 0.476495 0.476802 0.476802 0.476802 0.476802 0.476802 0.476802 0.476802 0.476802 0.476802 0.476802 0.476802 0.47686 0.47686 0.47686 0.47686 0.47686 0.47686 0.47686 0.47686 0.47686 0.47686 0.47686
0 0 0 0 0 0 0 0 0 0 0 0 0 0 0 0 0 0 0 0 0 0 0 0 0 0 0 0 0 0 0 0 0 0 0 0 0 0 0 0 0 0 0 0 0 0 0 0 0 0 0 0 0 0 0 0 0 0 0 0 0 0 0 0 0 0 0 0 0 0 0 0 0 0 0 0 0 0 0 0 0 0 0 0 0 0 0 0 0 0 0 0 0 0 0 0 0 0 0 0 0 0 0 0 0 0 0 0 0 0 0 0 0 0 0 0 0 0 0 0 0 0 0 0 0 0 0 0 0 0 0 0 0 0 0 0 0 0 0 0 0 0 0 0 0 0 0 0 0 0 0 0 0 0 0 0 0 0 0 0 0 0 0 0 0 0 0 0 0 0 0 0 0 0 0 0 0 0 0 0 0 0 0 0 0 0 0 0 0 0 0 0 0 0 0 0 0 0 0 0 0 0 0 0 0 0 0 0 0 0 0 0 0 0 0 0 0 0 0 0 0 0 0 0 0 0 0 0 0 0 0 0 0 0 0 0 0 0 0 0 0 0 0 0 0 0 0 0 0 0 0 0 0 0 0 0 0 0 0 0 0 0 0 0 0 0 0 0 0 0 0 0 0 0 0 0 0 0 0 0 0 0 0 0 0 0 0 0 0 0 0 0 0 0 0 0 0 0 0 0 0 0 0 0 0 0 0 0 0 0 0 0 0 0 0 0 0 0 0 0 0 0 0 0 0 0 0 0 0 0 0 0 0 0 0 0 0 0 0 0 0 0 0 0 0 0 0 0 0 0 0 0 0 0 0 0 0 0 0 0 0 0 0 0 0 0 0 0 0 0 0 0 0 0 0 0 0 0 0 0 0 0 0 0 0 0 0 0 0 0 0 0 0 0 0 0 0 0 0 0 0 0 0 0 0 0 0 0 0 0 0 0 0 0 0 0 0 0 0 0 0 0 0 0 0 0 0 0 0 0 0 0 0 0 0 0 0 0 0 0 0 0 0 0 0 0 0 0 0 0 0 0 0 0 0 0 0 0 0 0 0 0 0 0 0 0 0 0 0 0 0 0 0 0 0 0 0 0 0 0 0 0 0 0 0 0 0 0 0 0 0 0 0 0 0
2.34928e+18 2.33929e+18 2.36281e+18 2.35386e+18 2.30715e+18 2.32518e+18 2.24591e+18 2.27078e+18 2.14168e+18 2.17931e+18 1.96865e+18 2.03179e+18 1.6753e+18 1.79889e+18 1.13995e+18 1.44413e+18 0 9.76995e+17 0 8.29628e+17 0 7.94642e+17 2.40789e+18 2.40107e+18 2.37924e+18 2.3381e+18 2.26989e+18 2.1629e+18 2.00309e+18 1.78385e+18 1.54134e+18 1.42434e+18 1.39161e+18 2.53775e+18 2.53307e+18 2.51814e+18 2.49014e+18 2.44417e+18 2.37339e+18 2.27116e+18 2.13848e+18 2.00166e+18 1.92501e+18 1.9019e+18 2.92863e+18 2.92563e+18 2.91604e+18 2.89811e+18 2.86884e+18 2.8243e+18 2.76122e+18 2.68174e+18 2.6023e+18 2.55488e+18 2.54004e+18 4.04575e+18 4.04382e+18 4.03764e+18 4.02613e+18 4.00741e+18 3.97912e+18 3.93949e+18 3.8904e+18 3.8421e+18 3.81236e+18 3.80287e+18 7.12768e+18 7.12635e+18 7.1221e+18 7.11419e+18 7.10135e+18 7.08202e+18 7.05516e+18 7.0222e+18 6.99005e+18 6.96992e+18 6.96342e+18 1.55517e+19 1.55506e+19 1.55474e+19 1.55415e+19 1.55318e+19 1.55172e+19 1.54971e+19 1.54726e+19 1.54489e+19 1.54338e+19 1.54289e+19 3.80377e+19 3.80368e+19 3.80342e+19 3.80293e+19 3.80214e+19 3.80095e+19 3.79932e+19 3.79733e+19 3.79541e+19 3.79419e+19 3.79379e+19 9.44052e+19 9.44045e+19 9.44022e+19 9.43979e+19 9.43911e+19 9.43808e+19 9.43667e+19 9.43497e+19 9.43332e+19 9.43227e+19 9.43192e+19 2.22446e+20 2.22445e+20 2.22443e+20 2.22439e+20 2.22433e+20 2.22424e+20 2.22411e+20 2.22396e+20 2.22381e+20 2.22372e+20 2.22369e+20 4.80587e+20 4.80586e+20 4.80584e+20 4.80581e+20 4.80575e+20 4.80567e+20 4.80555e+20 4.80541e+20 4.80527e+20 4.80519e+20 4.80516e+20 9.38847e+20 9.38847e+20 9.38845e+20 9.38842e+20 9.38836e+20 9.38828e+20 9.38817e+20 9.38804e+20 9.38791e+20 9.38783e+20 9.3878e+20 1.6537e+21 1.6537e+21 1.6537e+21 1.6537e+21 1.65369e+21 1.65368e+21 1.65367e+21 1.65366e+21 1.65365e+21 1.65364e+21 1.65364e+21 2.63081e+21 2.63081e+21 2.63081e+21 2.6308e+21 2.6308e+21 2.63079e+21 2.63078e+21 2.63077e+21 2.63076e+21 2.63075e+21 2.63075e+21 3.7933e+21 3.7933e+21 3.7933e+21 3.7933e+21 3.79329e+21 3.79328e+21 3.79328e+21 3.79326e+21 3.79325e+21 3.79325e+21 3.79325e+21 4.9872e+21 4.9872e+21 4.9872e+21 4.9872e+21 4.98719e+21 4.98719e+21 4.98718e+21 4.98717e+21 4.98716e+21 4.98715e+21 4.98715e+21 6.04083e+21 6.04083e+21 6.04083e+21 6.04083e+21 6.04083e+21 6.04082e+21 6.04081e+21 6.04081e+21 6.0408e+21 6.04079e+21 6.04079e+21 6.84124e+21 6.84124e+21 6.84124e+21 6.84123e+21 6.84123e+21 6.84123e+21 6.84122e+21 6.84121e+21 6.84121e+21 6.8412e+21 6.8412e+21 7.36615e+21 7.36615e+21 7.36615e+21 7.36615e+21 7.36615e+21 7.36615e+21 7.36614e+21 7.36614e+21 7.36613e+21 7.36613e+21 7.36613e+21 7.65965e+21 7.65965e+21 7.65964e+21 7.65964e+21 7.65964e+21 7.65964e+21 7.65964e+21 7.65963e+21 7.65963e+21 7.65962e+21 7.65962e+21 7.78923e+21 7.78923e+21 7.78923e+21 7.78923e+21 7.78923e+21 7.78922e+21 7.78922e+21 7.78922e+21 7.78921e+21 7.78921e+21 7.78921e+21 7.81703e+21 7.81703e+21 7.81703e+21 7.81703e+21 7.81703e+21 7.81702e+21 7.81702e+21 7.81702e+21 7.81701e+21 7.81701e+21 7.81701e+21 7.78263e+21 7.78263e+21 7.78263e+21 7.78263e+21 7.78263e+21 7.78263e+21 7.78263e+21 7.78262e+21 7.78262e+21 7.78262e+21 7.78262e+21 7.63742e+21 7.63742e+21 7.63742e+21 7.63742e+21 7.63742e+21 7.63742e+21 7.63741e+21 7.63741e+21 7.63741e+21 7.63741e+21 7.63741e+21 7.31655e+21 7.31655e+21 7.31655e+21 7.31655e+21 7.31655e+21 7.31655e+21 7.31655e+21 7.31655e+21 7.31655e+21 7.31655e+21 7.31655e+21 6.75229e+21 6.75229e+21 6.75229e+21 6.75229e+21 6.75229e+21 6.75229e+21 6.75229e+21 6.75229e+21 6.75229e+21 6.75229e+21 6.75229e+21 5.90692e+21 5.90692e+21 5.90692e+21 5.90692e+21 5.90692e+21 5.90692e+21 5.90692e+21 5.90692e+21 5.90692e+21 5.90692e+21 5.90692e+21 4.8166e+21 4.8166e+21 4.8166e+21 4.8166e+21 4.8166e+21 4.8166e+21 4.8166e+21 4.8166e+21 4.8166e+21 4.8166e+21 4.8166e+21 3.60926e+21 3.60926e+21 3.60926e+21 3.60926e+21 3.60926e+21 3.60926e+21 3.60926e+21 3.60926e+21 3.60926e+21 3.60926e+21 3.60926e+21 2.46179e+21 2.46179e+21 2.46179e+21 2.46179e+21 2.46179e+21 2.46179e+21 2.46179e+21 2.46179e+21 2.46179e+21 2.46179e+21 2.46179e+21 1.52021e+21 1.52021e+21 1.52021e+21 1.52021e+21 1.52021e+21 1.52021e+21 1.52021e+21 1.52021e+21 1.52021e+21 1.52021e+21 1.52021e+21 8.47246e+20 8.47246e+20 8.47246e+20 8.47246e+20 8.47246e+20 8.47246e+20 8.47246e+20 8.47246e+20 8.47246e+20 8.47246e+20 8.47246e+20 4.25663e+20 4.25663e+20 4.25663e+20 4.25663e+20 4.25663e+20 4.25663e+20 4.25663e+20 4.25663e+20 4.25663e+20 4.25663e+20 4.25663e+20 1.93581e+20 1.93581e+20 1.93581e+20 1.93581e+20 1.93581e+20 1.93581e+20 1.93581e+20 1.93581e+20 1.93581e+20 1.93581e+20 1.93581e+20 8.10111e+19 8.10111e+19 8.10111e+19 8.10111e+19 8.10111e+19 8.10111e+19 8.10111e+19 8.10111e+19 8.10111e+19 8.10111e+19 8.10111e+19 3.24231e+19 3.24231e+19 3.24231e+19 3.24231e+19 3.24231e+19 3.24231e+19 3.24231e+19 3.24231e+19 3.24231e+19 3.24231e+19 3.24231e+19 1.33037e+19 1.33037e+19 1.33037e+19 1.33037e+19 1.33037e+19 1.33037e+19 1.33037e+19 1.33037e+19 1.33037e+19 1.33037e+19 1.33037e+19 6.15359e+18 6.15359e+18 6.15359e+18 6.15359e+18 6.15359e+18 6.15359e+18 6.15359e+18 6.15359e+18 6.15359e+18 6.15359e+18 6.15359e+18 3.46412e+18 3.46412e+18 3.46412e+18 3.46412e+18 3.46412e+18 3.46412e+18 3.46412e+18 3.46412e+18 3.46412e+18 3.46412e+18 3.46412e+18 2.35001e+18 2.35001e+18 2.35001e+18 2.35001e+18 2.35001e+18 2.35001e+18 2.35001e+18 2.35001e+18 2.35001e+18 2.35001e+18 2.35001e+18 1.73528e+18 1.73528e+18 1.73528e+18 1.73528e+18 1.73528e+18 1.73528e+18 1.73528e+18 1.73528e+18 1.73528e+18 1.73528e+18 1.73528e+18 1.20624e+18 1.20624e+18 1.20624e+18 1.20624e+18 1.20624e+18 1.20624e+18 1.20624e+18 1.20624e+18 1.20624e+18 1.20624e+18 1.20624e+18 6.02347e+17 6.02347e+17 6.02347e+17 6.02347e+17 6.02347e+17 6.02347e+17 6.02347e+17 6.02347e+17 6.02347e+17 6.02347e+17 6.02347e+17 0 0 0 0 0 0 0 0 0 0 0
1e+08 1e+08 1e+08 1e+08 1e+08 1e+08 1e+08 1e+08 1e+08 1e+08 1e+08 1e+08 1e+08 1e+08 1e+08 1e+08 1e+08 1e+08 1e+08 1e+08 1e+08 1e+08 1e+08 1e+08 1e+08 1e+08 1e+08 1e+08 1e+08 1e+08 1e+08 1e+08 1e+08 1e+08 1e+08 1e+08 1e+08 1e+08 1e+08 1e+08 1e+08 1e+08 1e+08 1e+08 1e+08 1e+08 1e+08 1e+08 1e+08 1e+08 1e+08 1e+08 1e+08 1e+08 1e+08 1e+08 1e+08 1e+08 1e+08 1e+08 1e+08 1e+08 1e+08 1e+08 1e+08 1e+08 1e+08 1e+08 1e+08 1e+08 1e+08 1e+08 1e+08 1e+08 1e+08 1e+08 1e+08 9.99998e+07 9.99998e+07 9.99998e+07 9.99998e+07 9.99998e+07 9.99998e+07 9.99998e+07 9.99998e+07 9.99998e+07 9.99998e+07 9.99998e+07 9.99988e+07 9.99988e+07 9.99988e+07 9.99988e+07 9.99988e+07 9.99988e+07 9.99988e+07 9.99988e+07 9.99988e+07 9.99988e+07 9.99988e+07 9.99926e+07 9.99926e+07 9.99926e+07 9.99926e+07 9.99926e+07 9.99926e+07 9.99926e+07 9.99926e+07 9.99926e+07 9.99926e+07 9.99926e+07 9.99593e+07 9.99593e+07 9.99593e+07 9.99593e+07 9.99593e+07 9.99593e+07 9.99593e+07 9.99593e+07 9.99593e+07 9.99593e+07 9.99593e+07 9.98106e+07 9.98106e+07 9.98106e+07 9.98106e+07 9.98106e+07 9.98106e+07 9.98106e+07 9.98106e+07 9.98106e+07 9.98106e+07 9.98106e+07 9.92768e+07 9.92768e+07 9.92768e+07 9.92768e+07 9.92768e+07 9.92768e+07 9.92768e+07 9.92768e+07 9.92768e+07 9.92768e+07 9.92768e+07 9.77485e+07 9.77485e+07 9.77485e+07 9.77485e+07 9.77485e+07 9.77485e+07 9.77485e+07 9.77485e+07 9.77485e+07 9.77486e+07 9.77486e+07 9.42504e+07 9.42504e+07 9.42504e+07 9.42504e+07 9.42504e+07 9.42504e+07 9.42504e+07 9.42504e+07 9.42505e+07 9.42505e+07 9.42505e+07 8.78301e+07 8.78301e+07 8.78301e+07 8.78301e+07 8.78301e+07 8.78302e+07 8.78302e+07 8.78302e+07 8.78302e+07 8.78303e+07 8.78303e+07 7.83252e+07 7.83252e+07 7.83252e+07 7.83252e+07 7.83252e+07 7.83252e+07 7.83253e+07 7.83253e+07 7.83254e+07 7.83254e+07 7.83254e+07 6.68036e+07 6.68036e+07 6.68036e+07 6.68036e+07 6.68036e+07 6.68036e+07 6.68037e+07 6.68037e+07 6.68038e+07 6.68038e+07 6.68038e+07 5.50429e+07 5.50429e+07 5.50429e+07 5.50429e+07 5.50429e+07 5.5043e+07 5.5043e+07 5.5043e+07 5.50431e+07 5.50431e+07 5.50431e+07 4.45376e+07 4.45376e+07 4.45376e+07 4.45376e+07 4.45376e+07 4.45376e+07 4.45376e+07 4.45377e+07 4.45377e+07 4.45377e+07 4.45377e+07 3.59821e+07 3.59821e+07 3.59821e+07 3.59821e+07 3.59821e+07 3.59822e+07 3.59822e+07 3.59822e+07 3.59822e+07 3.59823e+07 3.59823e+07 2.93976e+07 2.93976e+07 2.93976e+07 2.93976e+07 2.93976e+07 2.93976e+07 2.93976e+07 2.93976e+07 2.93977e+07 2.93977e+07 2.93977e+07 2.52369e+07 2.52369e+07 2.52369e+07 2.52369e+07 2.52369e+07 2.52369e+07 2.5237e+07 2.5237e+07 2.5237e+07 2.5237e+07 2.5237e+07 2.05291e+07 2.05291e+07 2.05291e+07 2.05291e+07 2.05291e+07 2.05292e+07 2.05292e+07 2.05292e+07 2.05292e+07 2.05292e+07 2.05292e+07 1.54774e+07 1.54774e+07 1.54774e+07 1.54774e+07 1.54774e+07 1.54774e+07 1.54774e+07 1.54774e+07 1.54775e+07 1.54775e+07 1.54775e+07 1.04951e+07 1.04951e+07 1.04951e+07 1.04951e+07 1.04951e+07 1.04951e+07 1.04951e+07 1.04951e+07 1.04951e+07 1.04951e+07 1.04951e+07 6.15422e+06 6.15422e+06 6.15422e+06 6.15423e+06 6.15423e+06 6.15423e+06 6.15423e+06 6.15424e+06 6.15424e+06 6.15425e+06 6.15425e+06 2.97619e+06 2.97619e+06 2.97619e+06 2.97619e+06 2.97619e+06 2.9762e+06 2.9762e+06 2.9762e+06 2.9762e+06 2.9762e+06 2.9762e+06 1.12786e+06 1.12786e+06 1.12786e+06 1.12786e+06 1.12786e+06 1.12786e+06 1.12786e+06 1.12786e+06 1.12786e+06 1.12786e+06 1.12786e+06 319168 319168 319168 319168 319168 319168 319168 319168 319168 319168 319168 64767.3 64767.3 64767.3 64767.3 64767.3 64767.3 64767.3 64767.4 64767.4 64767.4 64767.4 9123.15 9123.15 9123.15 9123.15 9123.15 9123.15 9123.15 9123.15 9123.16 9123.16 9123.16 869.546 869.546 869.546 869.546 869.546 869.546 869.547 869.547 869.547 869.547 869.547 55.2979 55.2979 55.2979 55.2979 55.2979 55.2979 55.2979 55.2979 55.2979 55.2979 55.2979 2.37726 2.37726 2.37726 2.37726 2.37726 2.37726 2.37726 2.37726 2.37726 2.37726 2.37726 0.0740631 0.0740631 0.0740631 0.0740631 0.0740631 0.0740631 0.0740631 0.0740631 0.0740631 0.0740631 0.0740631 0.00198051 0.00198051 0.00198051 0.00198051 0.00198051 0.00198051 0.00198051 0.00198051 0.00198051 0.00198051 0.00198051 6.20373e-05 6.20373e-05 6.20373e-05 6.20373e-05 6.20373e-05 6.20373e-05 6.20373e-05 6.20373e-05 6.20373e-05 6.20373e-05 6.20373e-05 3.4717e-06 3.4717e-06 3.4717e-06 3.4717e-06 3.4717e-06 3.4717e-06 3.4717e-06 3.4717e-06 3.4717e-06 3.4717e-06 3.4717e-06 4.77305e-07 4.77305e-07 4.77305e-07 4.77305e-07 4.77305e-07 4.77305e-07 4.77305e-07 4.77305e-07 4.77305e-07 4.77305e-07 4.77305e-07 1.53553e-07 1.53553e-07 1.53553e-07 1.53553e-07 1.53553e-07 1.53553e-07 1.53553e-07 1.53553e-07 1.53553e-07 1.53553e-07 1.53553e-07 8.15879e-08 8.15879e-08 8.15879e-08 8.15879e-08 8.15879e-08 8.15879e-08 8.15879e-08 8.15879e-08 8.15879e-08 8.15879e-08 8.15879e-08 4.95585e-08 4.95585e-08 4.95585e-08 4.95585e-08 4.95585e-08 4.95585e-08 4.95585e-08 4.95585e-08 4.95585e-08 4.95585e-08 4.95585e-08 2.57477e-08 2.57477e-08 2.57477e-08 2.57477e-08 2.57477e-08 2.57477e-08 2.57477e-08 2.57477e-08 2.57477e-08 2.57477e-08 2.57477e-08 1e-08 1e-08 1e-08 1e-08 1e-08 1e-08 1e-08 1e-08 1e-08 1e-08 1e-08
1.12283e-07 1.11614e-07 1.1353e-07 1.12927e-07 1.09476e-07 1.11004e-07 1.05459e-07 1.07401e-07 9.8795e-08 1.01478e-07 8.82121e-08 9.22796e-08 7.16396e-08 7.86459e-08 4.58327e-08 5.99718e-08 1e-08 3.92346e-08 1e-08 3.36031e-08 1e-08 3.23303e-08 1.18977e-07 1.18502e-07 1.16985e-07 1.14154e-07 1.09536e-07 1.02486e-07 9.23911e-08 7.93933e-08 6.61625e-08 6.02103e-08 5.85957e-08 1.39778e-07 1.39409e-07 1.38234e-07 1.36042e-07 1.32481e-07 1.27092e-07 1.19506e-07 1.10008e-07 1.00626e-07 9.55519e-08 9.40478e-08 2.25995e-07 2.25649e-07 2.24548e-07 2.22496e-07 2.19168e-07 2.14151e-07 2.07144e-07 1.98482e-07 1.9001e-07 1.8504e-07 1.83498e-07 7.03894e-07 7.03353e-07 7.01633e-07 6.9843e-07 6.93237e-07 6.85425e-07 6.74559e-07 6.61217e-07 6.48219e-07 6.40281e-07 6.37758e-07 5.63649e-06 5.63464e-06 5.62875e-06 5.61779e-06 5.60002e-06 5.57334e-06 5.53635e-06 5.49113e-06 5.44721e-06 5.41979e-06 5.41096e-06 0.000111012 0.000110999 0.000110956 0.000110876 0.000110746 0.000110551 0.000110282 0.000109955 0.000109638 0.000109437 0.000109372 0.00369118 0.00369102 0.00369053 0.0036896 0.0036881 0.00368586 0.00368277 0.00367903 0.0036754 0.0036731 0.00367234 0.135772 0.13577 0.135764 0.135752 0.135732 0.135703 0.135663 0.135614 0.135568 0.135538 0.135528 4.13593 4.1359 4.13583 4.13569 4.13546 4.13512 4.13465 4.13408 4.13353 4.13318 4.13307 89.8062 89.806 89.8053 89.8039 89.8018 89.7986 89.7942 89.789 89.7839 89.7806 89.7796 1312.32 1312.32 1312.32 1312.31 1312.29 1312.27 1312.24 1312.2 1312.17 1312.14 1312.14 12818.2 12818.2 12818.2 12818.1 12818 12817.9 12817.7 12817.5 12817.4 12817.2 12817.2 85111 85110.9 85110.8 85110.6 85110.3 85109.9 85109.2 85108.5 85107.7 85107.2 85107.1 394671 394671 394670 394670 394669 394667 394666 394663 394661 394660 394659 1.32215e+06 1.32215e+06 1.32215e+06 1.32215e+06 1.32215e+06 1.32214e+06 1.32214e+06 1.32213e+06 1.32213e+06 1.32213e+06 1.32212e+06 3.33666e+06 3.33666e+06 3.33666e+06 3.33666e+06 3.33666e+06 3.33665e+06 3.33664e+06 3.33663e+06 3.33662e+06 3.33662e+06 3.33662e+06 6.66109e+06 6.66109e+06 6.66109e+06 6.66108e+06 6.66108e+06 6.66107e+06 6.66106e+06 6.66105e+06 6.66103e+06 6.66102e+06 6.66102e+06 1.10646e+07 1.10646e+07 1.10646e+07 1.10646e+07 1.10646e+07 1.10646e+07 1.10646e+07 1.10646e+07 1.10645e+07 1.10645e+07 1.10645e+07 1.60119e+07 1.60119e+07 1.60119e+07 1.60119e+07 1.60119e+07 1.60119e+07 1.60119e+07 1.60119e+07 1.60118e+07 1.60118e+07 1.60118e+07 2.09585e+07 2.09585e+07 2.09585e+07 2.09585e+07 2.09585e+07 2.09585e+07 2.09585e+07 2.09585e+07 2.09584e+07 2.09584e+07 2.09584e+07 2.47642e+07 2.47642e+07 2.47642e+07 2.47642e+07 2.47642e+07 2.47642e+07 2.47642e+07 2.47641e+07 2.47641e+07 2.47641e+07 2.47641e+07 2.9911e+07 2.9911e+07 2.9911e+07 2.99109e+07 2.99109e+07 2.99109e+07 2.99109e+07 2.99109e+07 2.99109e+07 2.99109e+07 2.99108e+07 3.67947e+07 3.67947e+07 3.67947e+07 3.67947e+07 3.67947e+07 3.67947e+07 3.67947e+07 3.67947e+07 3.67947e+07 3.67946e+07 3.67946e+07 4.57028e+07 4.57028e+07 4.57028e+07 4.57028e+07 4.57028e+07 4.57028e+07 4.57028e+07 4.57028e+07 4.57027e+07 4.57027e+07 4.57027e+07 5.65388e+07 5.65388e+07 5.65388e+07 5.65388e+07 5.65388e+07 5.65388e+07 5.65388e+07 5.65388e+07 5.65387e+07 5.65387e+07 5.65387e+07 6.84729e+07 6.84729e+07 6.84729e+07 6.84729e+07 6.84729e+07 6.84729e+07 6.84729e+07 6.84729e+07 6.84729e+07 6.84729e+07 6.84729e+07 7.98877e+07 7.98877e+07 7.98877e+07 7.98877e+07 7.98877e+07 7.98877e+07 7.98877e+07 7.98877e+07 7.98877e+07 7.98877e+07 7.98877e+07 8.90202e+07 8.90202e+07 8.90202e+07 8.90202e+07 8.90202e+07 8.90202e+07 8.90202e+07 8.90202e+07 8.90202e+07 8.90202e+07 8.90202e+07 9.49749e+07 9.49749e+07 9.49749e+07 9.49749e+07 9.49749e+07 9.49749e+07 9.49749e+07 9.49749e+07 9.49749e+07 9.49749e+07 9.49749e+07 9.80988e+07 9.80988e+07 9.80988e+07 9.80988e+07 9.80988e+07 9.80988e+07 9.80988e+07 9.80988e+07 9.80988e+07 9.80988e+07 9.80988e+07 9.94111e+07 9.94111e+07 9.94111e+07 9.94111e+07 9.94111e+07 9.94111e+07 9.94111e+07 9.94111e+07 9.94111e+07 9.94111e+07 9.94111e+07 9.98513e+07 9.98513e+07 9.98513e+07 9.98513e+07 9.98513e+07 9.98513e+07 9.98513e+07 9.98513e+07 9.98513e+07 9.98513e+07 9.98513e+07 9.99692e+07 9.99692e+07 9.99692e+07 9.99692e+07 9.99692e+07 9.99692e+07 9.99692e+07 9.99692e+07 9.99692e+07 9.99692e+07 9.99692e+07 9.99946e+07 9.99946e+07 9.99946e+07 9.99946e+07 9.99946e+07 9.99946e+07 9.99946e+07 9.99946e+07 9.99946e+07 9.99946e+07 9.99946e+07 9.99991e+07 9.99991e+07 9.99991e+07 9.99991e+07 9.99991e+07 9.99991e+07 9.99991e+07 9.99991e+07 9.99991e+07 9.99991e+07 9.99991e+07 9.99998e+07 9.99998e+07 9.99998e+07 9.99998e+07 9.99998e+07 9.99998e+07 9.99998e+07 9.99998e+07 9.99998e+07 9.99998e+07 9.99998e+07 1e+08 1e+08 1e+08 1e+08 1e+08 1e+08 1e+08 1e+08 1e+08 1e+08 1e+08 1e+08 1e+08 1e+08 1e+08 1e+08 1e+08 1e+08 1e+08 1e+08 1e+08 1e+08 1e+08 1e+08 1e+08 1e+08 1e+08 1e+08 1e+08 1e+08 1e+08 1e+08 1e+08 1e+08 1e+08 1e+08 1e+08 1e+08 1e+08 1e+08 1e+08 1e+08 1e+08 1e+08 1e+08 1e+08 1e+08 1e+08 1e+08 1e+08 1e+08 1e+08 1e+08 1e+08 1e+08 1e+08 1e+08 1e+08 1e+08 1e+08 1e+08 1e+08 1e+08 1e+08 1e+08 1e+08 1e+08 1e+08 1e+08 1e+08 1e+08 1e+08 1e+08 1e+08 1e+08 1e+08 1e+08
0 0 0 0 0 0 0 0 0 0 0 0 0 0 0 0 0 0 0 0 0 0 0 0 0 0 0 0 0 0 0 0 0 0 0 0 0 0 0 0 0 0 0 0 0 0 0 0 0 0 0 0 0 0 0 0 0 0 0 0 0 0 0 0 0 0 0 0 0 0 0 0 0 0 0 0 0 0 0 0 0 0 0 0 0 0 0 0 0 0 0 0 0 0 0 0 0 0 0 0 0 0 0 0 0 0 0 0 0 0 0 0 0 0 0 0 0 0 0 0 0 0 0 0 0 0 0 0 0 0 0 0 0 0 0 0 0 0 0 0 0 0 0 0 0 0 0 0 0 0 0 0 0 0 0 0 0 0 0 0 0 0 0 0 0 0 0 0 0 0 0 0 0 0 0 0 0 0 0 0 0 0 0 0 0 0 0 0 0 0 0 0 0 0 0 0 0 0 0 0 0 0 0 0 0 0 0 0 0 0 0 0 0 0 0 0 0 0 0 0 0 0 0 0 0 0 0 0 0 0 0 0 0 0 0 0 0 0 0 0 0 0 0 0 0 0 0 0 0 0 0 0 0 0 0 0 0 0 0 0 0 0 0 0 0 0 0 0 0 0 0 0 0 0 0 0 0 0 0 0 0 0 0 0 0 0 0 0 0 0 0 0 0 0 0 0 0 0 0 0 0 0 0 0 0 0 0 0 0 0 0 0 0 0 0 0 0 0 0 0 0 0 0 0 0 0 0 0 0 0 0 0 0 0 0 0 0 0 0 0 0 0 0 0 0 0 0 0 0 0 0 0 0 0 0 0 0 0 0 0 0 0 0 0 0 0 0 0 0 0 0 0 0 0 0 0 0 0 0 0 0 0 0 0 0 0 0 0 0 0 0 0 0 0 0 0 0 0 0 0 0 0 0 0 0 0 0 0 0 0 0 0 0 0 0 0 0 0 0 0 0 0 0 0 0 0 0 0 0 0 0 0 0 0 0 0 0 0 0 0 0 0 0 0 0 0 0 0 0 0 0 0 0 0 0 0 0 0 0 0 0 0 0 0 0 0 0 0 0 0 0 0 0 0 0 0 0 0 0 0 0 0 0 0 0 0 0 0 0 0 0 0 0 0 0
0 0 0 0 0 0 0 0 0 0 0 0 0 0 0 0 0 0 0 0 0 0 0 0 0 0 0 0 0 0 0 0 0 0 0 0 0 0 0 0 0 0 0 0 0 0 0 0 0 0 0 0 0 0 0 0 0 0 0 0 0 0 0 0 0 0 0 0 0 0 0 0 0 0 0 0 0 0 0 0 0 0 0 0 0 0 0 0 0 0 0 0 0 0 0 0 0 0 0 0 0 0 0 0 0 0 0 0 0 0 0 0 0 0 0 0 0 0 0 0 0 0 0 0 0 0 0 0 0 0 0 0 0 0 0 0 0 0 0 0 0 0 0 0 0 0 0 0 0 0 0 0 0 0 0 0 0 0 0 0 0 0 0 0 0 0 0 0 0 0 0 0 0 0 0 0 0 0 0 0 0 0 0 0 0 0 0 0 0 0 0 0 0 0 0 0 0 0 0 0 0 0 0 0 0 0 0 0 0 0 0 0 0 0 0 0 0 0 0 0 0 0 0 0 0 0 0 0 0 0 0 0 0 0 0 0 0 0 0 0 0 0 0 0 0 0 0 0 0 0 0 0 0 0 0 0 0 0 0 0 0 0 0 0 0 0 0 0 0 0 0 0 0 0 0 0 0 0 0 0 0 0 0 0 0 0 0 0 0 0 0 0 0 0 0 0 0 0 0 0 0 0 0 0 0 0 0 0 0 0 0 0 0 0 0 0 0 0 0 0 0 0 0 0 0 0 0 0 0 0 0 0 0 0 0 0 0 0 0 0 0 0 0 0 0 0 0 0 0 0 0 0 0 0 0 0 0 0 0 0 0 0 0 0 0 0 0 0 0 0 0 0 0 0 0 0 0 0 0 0 0 0 0 0 0 0 0 0 0 0 0 0 0 0 0 0 0 0 0 0 0 0 0 0 0 0 0 0 0 0 0 0 0 0 0 0 0 0 0 0 0 0 0 0 0 0 0 0 0 0 0 0 0 0 0 0 0 0 0 0 0 0 0 0 0 0 0 0 0 0 0 0 0 0 0 0 0 0 0 0 0 0 0 0 0 0 0 0 0 0 0 0 0 0 0 0 0 0 0 0 0 0 0 0 1 1 1 1 1 1 1 1 1 1 1
0 0 0 0 0 0 0 0 0 0 0 0 0 0 0 0 0 0 0 0 0 0 0 0 0 0 0 0 0 0 0 0 0 0 0 0 0 0 0 0 0 0 0 0 0 0 0 0 0 0 0 0 0 0 0 0 0 0 0 0 0 0 0 0 0 0 0 0 0 0 0 0 0 0 0 0 0 0 0 0 0 0 0 0 0 0 0 0 0 0 0 0 0 0 0 0 0 0 0 0 0 0 0 0 0 0 0 0 0 0 0 0 0 0 0 0 0 0 0 0 0 0 0 0 0 0 0 0 0 0 0 0 0 0 0 0 0 0 0 0 0 0 0 0 0 0 0 0 0 0 0 0 0 0 0 0 0 0 0 0 0 0 0 0 0 0 0 0 0 0 0 0 0 0 0 0 0 0 0 0 0 0 0 0 0 0 0 0 0 0 0 0 0 0 0 0 0 0 0 0 0 0 0 0 0 0 0 0 0 0 0 0 0 0 0 0 0 0 0 0 0 0 0 0 0 0 0 0 0 0 0 0 0 0 0 0 0 0 0 0 0 0 0 0 0 0 0 0 0 0 0 0 0 0 0 0 0 0 0 0 0 0 0 0 0 0 0 0 0 0 0 0 0 0 0 0 0 0 0 0 0 0 0 0 0 0 0 0 0 0 0 0 0 0 0 0 0 0 0 0 0 0 0 0 0 0 0 0 0 0 0 0 0 0 0 0 0 0 0 0 0 0 0 0 0 0 0 0 0 0 0 0 0 0 0 0 0 0 0 0 0 0 0 0 0 0 0 0 0 0 0 0 0 0 0 0 0 0 0 0 0 0 0 0 0 0 0 0 0 0 0 0 0 0 0 0 0 0 0 0 0 0 0 0 0 0 0 0 0 0 0 0 0 0 0 0 0 0 0 0 0 0 0 0 0 0 0 0 0 0 0 0 0 0 0 0 0 0 0 0 0 0 0 0 0 0 0 0 0 0 0 0 0 0 0 0 0 0 0 0 0 0 0 0 0 0 0 0 0 0 0 0 0 0 0 0 0 0 0 0 0 0 0 0 0 0 0 0 0 0 0 0 0 0 0 0 0 0 0 0 0 0 0 0 0 0 0 0 0 0 0 0 0 0 0
0 0 0 0 0 0 0 0 0 0 0 0 0 0 0 0 0 0 0 0 0 0 0 0 0 0 0 0 0 0 0 0 0 0 0 0 0 0 0 0 0 0 0 0 0 0 0 0 0 0 0 0 0 0 0 0 0 0 0 0 0 0 0 0 0 0 0 0 0 0 0 0 0 0 0 0 0 0 0 0 0 0 0 0 0 0 0 0 0 0 0 0 0 0 0 0 0 0 0 0 0 0 0 0 0 0 0 0 0 0 0 0 0 0 0 0 0 0 0 0 0 0 0 0 0 0 0 0 0 0 0 0 0 0 0 0 0 0 0 0 0 0 0 0 0 0 0 0 0 0 0 0 0 0 0 0 0 0 0 0 0 0 0 0 0 0 0 0 0 0 0 0 0 0 0 0 0 0 0 0 0 0 0 0 0 0 0 0 0 0 0 0 0 0 0 0 0 0 0 0 0 0 0 0 0 0 0 0 0 0 0 0 0 0 0 0 0 0 0 0 0 0 0 0 0 0 0 0 0 0 0 0 0 0 0 0 0 0 0 0 0 0 0 0 0 0 0 0 0 0 0 0 0 0 0 0 0 0 0 0 0 0 0 0 0 0 0 0 0 0 0 0 0 0 0 0 0 0 0 0 0 0 0 0 0 0 0 0 0 0 0 0 0 0 0 0 0 0 0 0 0 0 0 0 0 0 0 0 0 0 0 0 0 0 0 0 0 0 0 0 0 0 0 0 0 0 0 0 0 0 0 0 0 0 0 0 0 0 0 0 0 0 0 0 0 0 0 0 0 0 0 0 0 0 0 0 0 0 0 0 0 0 0 0 0 0 0 0 0 0 0 0 0 0 0 0 0 0 0 0 0 0 0 0 0 0 0 0 0 0 0 0 0 0 0 0 0 0 0 0 0 0 0 0 0 0 0 0 0 0 0 0 0 0 0 0 0 0 0 0 0 0 0 0 0 0 0 0 0 0 0 0 0 0 0 0 0 0 0 0 0 0 0 0 0 0 0 0 0 0 0 0 0 0 0 0 0 0 0 0 0 0 0 0 0 0 0 0 0 0 0 0 0 0 0 0 0 0 0 0 0 0 0 0 1 1 1 1 1 1 1 1 1 1 1
0 0 0 0 0 0 0 0 0 0 0 0 0 0 0 0 0 0 0 0 0 0 0 0 0 0 0 0 0 0 0 0 0 0 0 0 0 0 0 0 0 0 0 0 0 0 0 0 0 0 0 0 0 0 0 0 0 0 0 0 0 0 0 0 0 0 0 0 0 0 0 0 0 0 0 0 0 0 0 0 0 0 0 0 0 0 0 0 0 0 0 0 0 0 0 0 0 0 0 0 0 0 0 0 0 0 0 0 0 0 0 0 0 0 0 0 0 0 0 0 0 0 0 0 0 0 0 0 0 0 0 0 0 0 0 0 0 0 0 0 0 0 0 0 0 0 0 0 0 0 0 0 0 0 0 0 0 0 0 0 0 0 0 0 0 0 0 0 0 0 0 0 0 0 0 0 0 0 0 0 0 0 0 0 0 0 0 0 0 0 0 0 0 0 0 0 0 0 0 0 0 0 0 0 0 0 0 0 0 0 0 0 0 0 0 0 0 0 0 0 0 0 0 0 0 0 0 0 0 0 0 0 0 0 0 0 0 0 0 0 0 0 0 0 0 0 0 0 0 0 0 0 0 0 0 0 0 0 0 0 0 0 0 0 0 0 0 0 0 0 0 0 0 0 0 0 0 0 0 0 0 0 0 0 0 0 0 0 0 0 0 0 0 0 0 0 0 0 0 0 0 0 0 0 0 0 0 0 0 0 0 0 0 0 0 0 0 0 0 0 0 0 0 0 0 0 0 0 0 0 0 0 0 0 0 0 0 0 0 0 0 0 0 0 0 0 0 0 0 0 0 0 0 0 0 0 0 0 0 0 0 0 0 0 0 0 0 0 0 0 0 0 0 0 0 0 0 0 0 0 0 0 0 0 0 0 0 0 0 0 0 0 0 0 0 0 0 0 0 0 0 0 0 0 0 0 0 0 0 0 0 0 0 0 0 0 0 0 0 0 0 0 0 0 0 0 0 0 0 0 0 0 0 0 0 0 0 0 0 0 0 0 0 0 0 0 0 0 0 0 0 0 0 0 0 0 0 0 0 0 0 0 0 0 0 0 0 0 0 0 0 0 0 0 0 0 0 0 0 0 0 0 0 0 0 0 0 0 0 0 0 0 0 0 0
0 0 0 0 0 0 0 0 0 0 0 0 0 0 0 0 0 0 0 0 0 0 0 0 0 0 0 0 0 0 0 0 0 0 0 0 0 0 0 0 0 0 0 0 0 0 0 0 0 0 0 0 0 0 0 0 0 0 0 0 0 0 0 0 0 0 0 0 0 0 0 0 0 0 0 0 0 0 0 0 0 0 0 0 0 0 0 0 0 0 0 0 0 0 0 0 0 0 0 0 0 0 0 0 0 0 0 0 0 0 0 0 0 0 0 0 0 0 0 0 0 0 0 0 0 0 0 0 0 0 0 0 0 0 0 0 0 0 0 0 0 0 0 0 0 0 0 0 0 0 0 0 0 0 0 0 0 0 0 0 0 0 0 0 0 0 0 0 0 0 0 0 0 0 0 0 0 0 0 0 0 0 0 0 0 0 0 0 0 0 0 0 0 0 0 0 0 0 0 0 0 0 0 0 0 0 0 0 0 0 0 0 0 0 0 0 0 0 0 0 0 0 0 0 0 0 0 0 0 0 0 0 0 0 0 0 0 0 0 0 0 0 0 0 0 0 0 0 0 0 0 0 0 0 0 0 0 0 0 0 0 0 0 0 0 0 0 0 0 0 0 0 0 0 0 0 0 0 0 0 0 0 0 0 0 0 0 0 0 0 0 0 0 0 0 0 0 0 0 0 0 0 0 0 0 0 0 0 0 0 0 0 0 0 0 0 0 0 0 0 0 0 0 0 0 0 0 0 0 0 0 0 0 0 0 0 0 0 0 0 0 0 0 0 0 0 0 0 0 0 0 0 0 0 0 0 0 0 0 0 0 0 0 0 0 0 0 0 0 0 0 0 0 0 0 0 0 0 0 0 0 0 0 0 0 0 0 0 0 0 0 0 0 0 0 0 0 0 0 0 0 0 0 0 0 0 0 0 0 0 0 0 0 0 0 0 0 0 0 0 0 0 0 0 0 0 0 0 0 0 0 0 0 0 0 0 0 0 0 0 0 0 0 0 0 0 0 0 0 0 0 0 0 0 0 0 0 0 0 0 0 0 0 0 0 0 0 0 0 0 0 0 0 0 0 0 0 0 0 0 0 0 0 0 1 1 1 1 1 1 1 1 1 1 1
11 12 22 23 13 24 14 25 15 26 16 27 17 28 18 29 19 30 20 31 21 32 33 34 35 36 37 38 39 40 41 42 43 44 45 46 47 48 49 50 51 52 53 54 55 56 57 58 59 60 61 62 63 64 65 66 67 68 69 70 71 72 73 74 75 76 77 78 79 80 81 82 83 84 85 86 87 88 89 90 91 92 93 94 95 96 97 98 99 100 101 102 103 104 105 106 107 108 109 110 111 112 113 114 115 116 117 118 119 120 121 122 123 124 125 126 127 128 129 130 131 132 133 134 135 136 137 138 139 140 141 142 143 144 145 146 147 148 149 150 151 152 153 154 155 156 157 158 159 160 161 162 163 164 165 166 167 168 169 170 171 172 173 174 175 176 177 178 179 180 181 182 183 184 185 186 187 188 189 190 191 192 193 194 195 196 197 198 199 200 201 202 203 204 205 206 207 208 209 210 211 212 213 214 215 216 217 218 219 220 221 222 223 224 225 226 227 228 229 230 231 232 233 234 235 236 237 238 239 240 241 242 243 244 245 246 247 248 249 250 251 252 253 254 255 256 257 258 259 260 261 262 263 264 265 266 267 268 269 270 271 272 273 274 275 276 277 278 279 280 281 282 283 284 285 286 287 288 289 290 291 292 293 294 295 296 297 298 299 300 301 302 303 304 305 306 307 308 309 310 311 312 313 314 315 316 317 318 319 320 321 322 323 324 325 326 327 328 329 330 331 332 333 334 335 336 337 338 339 340 341 342 343 344 345 346 347 348 349 350 351 352 353 354 355 356 357 358 359 360 361 362 363 364 365 366 367 368 369 370 371 372 373 374 375 376 377 378 379 380 381 382 383 384 385 386 387 388 389 390 391 392 393 394 395 396 397 398 399 400 401 402 403 404 405 406 407 408 409 410 411 412 413 414 415 416 417 418 419 420 421 422 423 424 425 426 427 428 429 430 431 432 433 434 435 436 437 438 439 440 441 442 443 444 445 446 447 448 449 450 451 452 453 454 455 456 457 458 459 460 461 462 463 464 465 466 467 468 469 470 471 472 473 474 475 476 477 478 479 480 481 482 483 484 485 486 487 488 489 490 491 492 493 494 495 496 497 498 499 500 501 502 503 504 505
0 1 2 3 4 5 6 7 8 9 10 11 12 13 14 15 16 17 18 19 20 21 22 23 24 25 26 27 28 29 30 31 32 33 34 35 36 37 38 39 40 41 42 43 44 45 46 47 48 49 50 51 52 53 54 55 56 57 58 59 60 61 62 63 64 65 66 67 68 69 70 71 72 73 74 75 76 77 78 79 80 81 82 83 84 85 86 87 88 89 90 91 92 93 94 95 96 97 98 99 100 101 102 103 104 105 106 107 108 109 110 111 112 113 114 115 116 117 118 119 120 121 122 123 124 125 126 127 128 129 130 131 132 133 134 135 136 137 138 139 140 141 142 143 144 145 146 147 148 149 150 151 152 153 154 155 156 157 158 159 160 161 162 163 164 165 166 167 168 169 170 171 172 173 174 175 176 177 178 179 180 181 182 183 184 185 186 187 188 189 190 191 192 193 194 195 196 197 198 199 200 201 202 203 204 205 206 207 208 209 210 211 212 213 214 215 216 217 218 219 220 221 222 223 224 225 226 227 228 229 230 231 232 233 234 235 236 237 238 239 240 241 242 243 244 245 246 247 248 249 250 251 252 253 254 255 256 257 258 259 260 261 262 263 264 265 266 267 268 269 270 271 272 273 274 275 276 277 278 279 280 281 282 283 284 285 286 287 288 289 290 291 292 293 294 295 296 297 298 299 300 301 302 303 304 305 306 307 308 309 310 311 312 313 314 315 316 317 318 319 320 321 322 323 324 325 326 327 328 329 330 331 332 333 334 335 336 337 338 339 340 341 342 343 344 345 346 347 348 349 350 351 352 353 354 355 356 357 358 359 360 361 362 363 364 365 366 367 368 369 370 371 372 373 374 375 376 377 378 379 380 381 382 383 384 385 386 387 388 389 390 391 392 393 394 395 396 397 398 399 400 401 402 403 404 405 406 407 408 409 410 411 412 413 414 415 416 417 418 419 420 421 422 423 424 425 426 427 428 429 430 431 432 433 434 435 436 437 438 439 440 441 442 443 444 445 446 447 448 449 450 451 452 453 454 455 456 457 458 459 460 461 462 463 464 465 466 467 468 469 470 471 472 473 474 475 476 477 478 479 480 481 482 483 484 485 486 487 488 489 490 491 492 493 494
0 0 0 0 0 0 0 0 0 0 0 0 0 0 0 0 0 0 0 0 0 0 0 0 0 0 0 0 0 0 0 0 0 0 0 0 0 0 0 0 0 0 0 0 0 0 0 0 0 0 0 0 0 0 0 0 0 0 0 0 0 0 0 0 0 0 0 0 0 0 0 0 0 0 0 0 0 0 0 0 0 0 0 0 0 0 0 0 0 0 0 0 0 0 0 0 0 0 0 0 0 0 0 0 0 0 0 0 0 0 0 0 0 0 0 0 0 0 0 0 0 0 0 0 0 0 0 0 0 0 0 0 0 0 0 0 0 0 0 0 0 0 0 0 0 0 0 0 0 0 0 0 0 0 0 0 0 0 0 0 0 0 0 0 0 0 0 0 0 0 0 0 0 0 0 0 0 0 0 0 0 0 0 0 0 0 0 0 0 0 0 0 0 0 0 0 0 0 0 0 0 0 0 0 0 0 0 0 0 0 0 0 0 0 0 0 0 0 0 0 0 0 0 0 0 0 0 0 0 0 0 0 0 0 0 0 0 0 0 0 0 0 0 0 0 0 0 0 0 0 0 0 0 0 0 0 0 0 0 0 0 0 0 0 0 0 0 0 0 0 0 0 0 0 0 0 0 0 0 0 0 0 0 0 0 0 0 0 0 0 0 0 0 0 0 0 0 0 0 0 0 0 0 0 0 0 0 0 0 0 0 0 0 0 0 0 0 0 0 0 0 0 0 0 0 0 0 0 0 0 0 0 0 0 0 0 0 0 0 0 0 0 0 0 0 0 0 0 0 0 0 0 0 0 0 0 0 0 0 0 0 0 0 0 0 0 0 0 0 0 0 0 0 0 0 0 0 0 0 0 0 0 0 0 0 0 0 0 0 0 0 0 0 0 0 0 0 0 0 0 0 0 0 0 0 0 0 0 0 0 0 0 0 0 0 0 0 0 0 0 0 0 0 0 0 0 0 0 0 0 0 0 0 0 0 0 0 0 0 0 0 0 0 0 0 0 0 0 0 0 0 0 0 0 0 0 0 0 0 0 0 0 0 0 0 0 0 0 0 0 0 0 0 0 0 0 0 0 0 0 0 0 0 0 0 0 0 0 0 0 0 0 0 0 0
0 0 0 0 0 0 0 0 0 0 0 0 0 0 0 0 1 0 1 0 1 0 0 0 0 0 0 0 0 0 0 0 0 0 0 0 0 0 0 0 0 0 0 0 0 0 0 0 0 0 0 0 0 0 0 0 0 0 0 0 0 0 0 0 0 0 0 0 0 0 0 0 0 0 0 0 0 0 0 0 0 0 0 0 0 0 0 0 0 0 0 0 0 0 0 0 0 0 0 0 0 0 0 0 0 0 0 0 0 0 0 0 0 0 0 0 0 0 0 0 0 0 0 0 0 0 0 0 0 0 0 0 0 0 0 0 0 0 0 0 0 0 0 0 0 0 0 0 0 0 0 0 0 0 0 0 0 0 0 0 0 0 0 0 0 0 0 0 0 0 0 0 0 0 0 0 0 0 0 0 0 0 0 0 0 0 0 0 0 0 0 0 0 0 0 0 0 0 0 0 0 0 0 0 0 0 0 0 0 0 0 0 0 0 0 0 0 0 0 0 0 0 0 0 0 0 0 0 0 0 0 0 0 0 0 0 0 0 0 0 0 0 0 0 0 0 0 0 0 0 0 0 0 0 0 0 0 0 0 0 0 0 0 0 0 0 0 0 0 0 0 0 0 0 0 0 0 0 0 0 0 0 0 0 0 0 0 0 0 0 0 0 0 0 0 0 0 0 0 0 0 0 0 0 0 0 0 0 0 0 0 0 0 0 0 0 0 0 0 0 0 0 0 0 0 0 0 0 0 0 0 0 0 0 0 0 0 0 0 0 0 0 0 0 0 0 0 0 0 0 0 0 0 0 0 0 0 0 0 0 0 0 0 0 0 0 0 0 0 0 0 0 0 0 0 0 0 0 0 0 0 0 0 0 0 0 0 0 0 0 0 0 0 0 0 0 0 0 0 0 0 0 0 0 0 0 0 0 0 0 0 0 0 0 0 0 0 0 0 0 0 0 0 0 0 0 0 0 0 0 0 0 0 0 0 0 0 0 0 0 0 0 0 0 0 0 0 0 0 0 0 0 0 0 0 0 0 0 0 0 0 0 0 0 0 0 0 0 0 0 0 0 0 0 0 0 0 0 0 0 0 0 0 0 0 0 0 0 0 0 0 0 0 0 0
0 0 0 0 0 0 0 0 0 0 0 0 0 0 0 0 0 0 0 0 0 0 0 0 0 0 0 0 0 0 0 0 0 0 0 0 0 0 0 0 0 0 0 0 0 0 0 0 0 0 0 0 0 0 0 0 0 0 0 0 0 0 0 0 0 0 0 0 0 0 0 0 0 0 0 0 0 0 0 0 0 0 0 0 0 0 0 0 0 0 0 0 0 0 0 0 0 0 0 0 0 0 0 0 0 0 0 0 0 0 0 0 0 0 0 0 0 0 0 0 0 0 0 0 0 0 0 0 0 0 0 0 0 0 0 0 0 0 0 0 0 0 0 0 0 0 0 0 0 0 0 0 0 0 0 0 0 0 0 0 0 0 0 0 0 0 0 0 0 0 0 0 0 0 0 0 0 0 0 0 0 0 0 0 0 0 0 0 0 0 0 0 0 0 0 0 0 0 0 0 0 0 0 0 0 0 0 0 0 0 0 0 0 0 0 0 0 0 0 0 0 0 0 0 0 0 0 0 0 0 0 0 0 0 0 0 0 0 0 0 0 0 0 0 0 0 0 0 0 0 0 0 0 0 0 0 0 0 0 0 0 0 0 0 0 0 0 0 0 0 0 0 0 0 0 0 0 0 0 0 0 0 0 0 0 0 0 0 0 0 0 0 0 0 0 0 0 0 0 0 0 0 0 0 0 0 0 0 0 0 0 0 0 0 0 0 0 0 0 0 0 0 0 0 0 0 0 0 0 0 0 0 0 0 0 0 0 0 0 0 0 0 0 0 0 0 0 0 0 0 0 0 0 0 0 0 0 0 0 0 0 0 0 0 0 0 0 0 0 0 0 0 0 0 0 0 0 0 0 0 0 0 0 0 0 0 0 0 0 0 0 0 0 0 0 0 0 0 0 0 0 0 0 0 0 0 0 0 0 0 0 0 0 0 0 0 0 0 0 0 0 0 0 0 0 0 0 0 0 0 0 0 0 0 0 0 0 0 0 0 0 0 0 0 0 0 0 0 0 0 0 0 0 0 0 0 0 0 0 0 0 0 0 0 0 0 0 0 0 0 0 0 0 0 0 0 0 0 0 0 0 0 0 0 0 0 0 0 0 0 0 0 0 0 0
0 0 0 0 0 0 0 0 0 0 0 0 0 0 0 0 1 0 1 0 1 0 0 0 0 0 0 0 0 0 0 0 0 0 0 0 0 0 0 0 0 0 0 0 0 0 0 0 0 0 0 0 0 0 0 0 0 0 0 0 0 0 0 0 0 0 0 0 0 0 0 0 0 0 0 0 0 0 0 0 0 0 0 0 0 0 0 0 0 0 0 0 0 0 0 0 0 0 0 0 0 0 0 0 0 0 0 0 0 0 0 0 0 0 0 0 0 0 0 0 0 0 0 0 0 0 0 0 0 0 0 0 0 0 0 0 0 0 0 0 0 0 0 0 0 0 0 0 0 0 0 0 0 0 0 0 0 0 0 0 0 0 0 0 0 0 0 0 0 0 0 0 0 0 0 0 0 0 0 0 0 0 0 0 0 0 0 0 0 0 0 0 0 0 0 0 0 0 0 0 0 0 0 0 0 0 0 0 0 0 0 0 0 0 0 0 0 0 0 0 0 0 0 0 0 0 0 0 0 0 0 0 0 0 0 0 0 0 0 0 0 0 0 0 0 0 0 0 0 0 0 0 0 0 0 0 0 0 0 0 0 0 0 0 0 0 0 0 0 0 0 0 0 0 0 0 0 0 0 0 0 0 0 0 0 0 0 0 0 0 0 0 0 0 0 0 0 0 0 0 0 0 0 0 0 0 0 0 0 0 0 0 0 0 0 0 0 0 0 0 0 0 0 0 0 0 0 0 0 0 0 0 0 0 0 0 0 0 0 0 0 0 0 0 0 0 0 0 0 0 0 0 0 0 0 0 0 0 0 0 0 0 0 0 0 0 0 0 0 0 0 0 0 0 0 0 0 0 0 0 0 0 0 0 0 0 0 0 0 0 0 0 0 0 0 0 0 0 0 0 0 0 0 0 0 0 0 0 0 0 0 0 0 0 0 0 0 0 0 0 0 0 0 0 0 0 0 0 0 0 0 0 0 0 0 0 0 0 0 0 0 0 0 0 0 0 0 0 0 0 0 0 0 0 0 0 0 0 0 0 0 0 0 0 0 0 0 0 0 0 0 0 0 0 0 0 0 0 0 0 0 0 0 0 0 0 0 0 0 0 0 0 0 0 0
0 0 0 0 0 0 0 0 0 0 0 0 0 0 0 0 0 0 0 0 0 0 0 0 0 0 0 0 0 0 0 0 0 0 0 0 0 0 0 0 0 0 0 0 0 0 0 0 0 0 0 0 0 0 0 0 0 0 0 0 0 0 0 0 0 0 0 0 0 0 0 0 0 0 0 0 0 0 0 0 0 0 0 0 0 0 0 0 0 0 0 0 0 0 0 0 0 0 0 0 0 0 0 0 0 0 0 0 0 0 0 0 0 0 0 0 0 0 0 0 0 0 0 0 0 0 0 0 0 0 0 0 0 0 0 0 0 0 0 0 0 0 0 0 0 0 0 0 0 0 0 0 0 0 0 0 0 0 0 0 0 0 0 0 0 0 0 0 0 0 0 0 0 0 0 0 0 0 0 0 0 0 0 0 0 0 0 0 0 0 0 0 0 0 0 0 0 0 0 0 0 0 0 0 0 0 0 0 0 0 0 0 0 0 0 0 0 0 0 0 0 0 0 0 0 0 0 0 0 0 0 0 0 0 0 0 0 0 0 0 0 0 0 0 0 0 0 0 0 0 0 0 0 0 0 0 0 0 0 0 0 0 0 0 0 0 0 0 0 0 0 0 0 0 0 0 0 0 0 0 0 0 0 0 0 0 0 0 0 0 0 0 0 0 0 0 0 0 0 0 0 0 0 0 0 0 0 0 0 0 0 0 0 0 0 0 0 0 0 0 0 0 0 0 0 0 0 0 0 0 0 0 0 0 0 0 0 0 0 0 0 0 0 0 0 0 0 0 0 0 0 0 0 0 0 0 0 0 0 0 0 0 0 0 0 0 0 0 0 0 0 0 0 0 0 0 0 0 0 0 0 0 0 0 0 0 0 0 0 0 0 0 0 0 0 0 0 0 0 0 0 0 0 0 0 0 0 0 0 0 0 0 0 0 0 0 0 0 0 0 0 0 0 0 0 0 0 0 0 0 0 0 0 0 0 0 0 0 0 0 0 0 0 0 0 0 0 0 0 0 0 0 0 0 0 0 0 0 0 0 0 0 0 0 0 0 0 0 0 0 0 0 0 0 0 0 0 0 0 0 0 0 0 0 0 0 0 0 0 0 0 0 0 0 0
0 0 0 0 0 0 0 0 0 0 0 0 0 0 0 0 1 0 1 0 1 0 0 0 0 0 0 0 0 0 0 0 0 0 0 0 0 0 0 0 0 0 0 0 0 0 0 0 0 0 0 0 0 0 0 0 0 0 0 0 0 0 0 0 0 0 0 0 0 0 0 0 0 0 0 0 0 0 0 0 0 0 0 0 0 0 0 0 0 0 0 0 0 0 0 0 0 0 0 0 0 0 0 0 0 0 0 0 0 0 0 0 0 0 0 0 0 0 0 0 0 0 0 0 0 0 0 0 0 0 0 0 0 0 0 0 0 0 0 0 0 0 0 0 0 0 0 0 0 0 0 0 0 0 0 0 0 0 0 0 0 0 0 0 0 0 0 0 0 0 0 0 0 0 0 0 0 0 0 0 0 0 0 0 0 0 0 0 0 0 0 0 0 0 0 0 0 0 0 0 0 0 0 0 0 0 0 0 0 0 0 0 0 0 0 0 0 0 0 0 0 0 0 0 0 0 0 0 0 0 0 0 0 0 0 0 0 0 0 0 0 0 0 0 0 0 0 0 0 0 0 0 0 0 0 0 0 0 0 0 0 0 0 0 0 0 0 0 0 0 0 0 0 0 0 0 0 0 0 0 0 0 0 0 0 0 0 0 0 0 0 0 0 0 0 0 0 0 0 0 0 0 0 0 0 0 0 0 0 0 0 0 0 0 0 0 0 0 0 0 0 0 0 0 0 0 0 0 0 0 0 0 0 0 0 0 0 0 0 0 0 0 0 0 0 0 0 0 0 0 0 0 0 0 0 0 0 0 0 0 0 0 0 0 0 0 0 0 0 0 0 0 0 0 0 0 0 0 0 0 0 0 0 0 0 0 0 0 0 0 0 0 0 0 0 0 0 0 0 0 0 0 0 0 0 0 0 0 0 0 0 0 0 0 0 0 0 0 0 0 0 0 0 0 0 0 0 0 0 0 0 0 0 0 0 0 0 0 0 0 0 0 0 0 0 0 0 0 0 0 0 0 0 0 0 0 0 0 0 0 0 0 0 0 0 0 0 0 0 0 0 0 0 0 0 0 0 0 0 0 0 0 0 0 0 0 0 0 0 0 0 0 0 0 0
1.00037 1.00037 1.00164 1.00169 1 1.00169 1 1.00169 1 1.00169 0.999999 1.00169 0.999994 1.00168 0.99994 1.00165 0.999941 1.00169 1 1.0017 1 1.00278 1.00797 1.00893 1.00893 1.00893 1.00893 1.00893 1.00894 1.00894 1.00894 1.00894 1.01214 1.02818 1.03033 1.03033 1.03033 1.03033 1.03033 1.03033 1.03033 1.03033 1.03033 1.04006 1.07645 1.07885 1.07885 1.07885 1.07885 1.07885 1.07885 1.07885 1.07885 1.07885 1.10096 1.16066 1.15845 1.15845 1.15845 1.15845 1.15845 1.15845 1.15845 1.15845 1.15845 1.19585 1.26391 1.2492 1.2492 1.2492 1.2492 1.2492 1.2492 1.2492 1.2492 1.2492 1.29679 1.34796 1.31743 1.31743 1.31743 1.31743 1.31743 1.31743 1.31743 1.31743 1.31743 1.36625 1.38696 1.34503 1.34503 1.34503 1.34503 1.34503 1.34503 1.34503 1.34503 1.34503 1.38937 1.38346 1.33716 1.33716 1.33716 1.33716 1.33716 1.33716 1.33716 1.33716 1.33716 1.37514 1.3532 1.3079 1.3079 1.3079 1.3079 1.3079 1.3079 1.3079 1.3079 1.3079 1.33957 1.31068 1.26938 1.26938 1.26938 1.26938 1.26938 1.26938 1.26938 1.26938 1.26938 1.29542 1.26533 1.22926 1.22926 1.22926 1.22926 1.22926 1.22926 1.22926 1.22926 1.22926 1.2505 1.22226 1.1916 1.1916 1.1916 1.1916 1.1916 1.1916 1.1916 1.1916 1.1916 1.20885 1.18379 1.15819 1.15819 1.15819 1.15819 1.15819 1.15819 1.15819 1.15819 1.15819 1.17214 1.15064 1.12952 1.12952 1.12952 1.12952 1.12952 1.12952 1.12952 1.12952 1.12952 1.14078 1.12272 1.10543 1.10543 1.10543 1.10543 1.10543 1.10543 1.10543 1.10543 1.10543 1.11451 1.09955 1.08548 1.08548 1.08548 1.08548 1.08548 1.08548 1.08548 1.08548 1.08548 1.09279 1.0805 1.0691 1.0691 1.0691 1.0691 1.0691 1.0691 1.0691 1.0691 1.0691 1.07498 1.06496 1.05575 1.05575 1.05575 1.05575 1.05575 1.05575 1.05575 1.05575 1.05575 1.06047 1.05234 1.0449 1.0449 1.0449 1.0449 1.0449 1.0449 1.0449 1.0449 1.0449 1.0487 1.04015 1.03351 1.03351 1.03351 1.03351 1.03351 1.03351 1.03351 1.03351 1.03351 1.03525 1.03279 1.03023 1.03023 1.03023 1.03023 1.03023 1.03023 1.03023 1.03023 1.03023 1.03523 1.04073 1.03756 1.03756 1.03756 1.03756 1.03756 1.03756 1.03756 1.03756 1.03756 1.04378 1.05062 1.04667 1.04667 1.04667 1.04667 1.04667 1.04667 1.04667 1.04667 1.04667 1.0544 1.06284 1.05793 1.05793 1.05793 1.05793 1.05793 1.05793 1.05793 1.05793 1.05793 1.06751 1.0779 1.07179 1.07179 1.07179 1.07179 1.07179 1.07179 1.07179 1.07179 1.07179 1.08363 1.09636 1.08877 1.08877 1.08877 1.08877 1.08877 1.08877 1.08877 1.08877 1.08877 1.10336 1.11885 1.10942 1.10942 1.10942 1.10942 1.10942 1.10942 1.10942 1.10942 1.10942 1.12734 1.14601 1.1343 1.1343 1.1343 1.1343 1.1343 1.1343 1.1343 1.1343 1.1343 1.15618 1.17833 1.16383 1.16383 1.16383 1.16383 1.16383 1.16383 1.16383 1.16383 1.16383 1.1903 1.21599 1.19809 1.19809 1.19809 1.19809 1.19809 1.19809 1.19809 1.19809 1.19809 1.22971 1.25844 1.2364 1.2364 1.2364 1.2364 1.2364 1.2364 1.2364 1.2364 1.2364 1.27346 1.30366 1.27667 1.27667 1.27667 1.27667 1.27667 1.27667 1.27667 1.27667 1.27667 1.31885 1.34707 1.31431 1.31431 1.31431 1.31431 1.31431 1.31431 1.31431 1.31431 1.31431 1.36012 1.38006 1.34089 1.34089 1.34089 1.34089 1.34089 1.34089 1.34089 1.34089 1.34089 1.38695 1.38897 1.34358 1.34358 1.34358 1.34358 1.34358 1.34358 1.34358 1.34358 1.34358 1.38409 1.35796 1.30874 1.30874 1.30874 1.30874 1.30874 1.30874 1.30874 1.30874 1.30874 1.3367 1.28099 1.23446 1.23446 1.23446 1.23446 1.23446 1.23446 1.23446 1.23446 1.23446 1.24654 1.17801 1.14309 1.14309 1.14309 1.14309 1.14309 1.14309 1.14309 1.14309 1.14309 1.14394 1.0877 1.0681 1.0681 1.0681 1.0681 1.0681 1.0681 1.0681 1.0681 1.0681 1.06552 1.03321 1.02502 1.02502 1.02502 1.02502 1.02502 1.02502 1.02502 1.02502 1.02502 1.02308 1.00958 1.00702 1.00702 1.00702 1.00702 1.00702 1.00702 1.00702 1.00702 1.00702 1.00621 1.00207 1.0015 1.0015 1.0015 1.0015 1.0015 1.0015 1.0015 1.0015 1.0015 1.0013 1.00047 1.00035 1.00035 1.00035 1.00035 1.00035 1.00035 1.00035 1.00035 1.00035 1.00035
-19.3194 -19.3194 -19.3357 -19.3363 -19.3146 -19.3363 -19.3146 -19.3363 -19.3146 -19.3363 -19.3146 -19.3363 -19.3145 -19.3362 -19.3138 -19.3358 -19.3138 -19.3363 -19.3146 -19.3364 -19.3146 -19.3504 -19.4166 -19.4289 -19.4289 -19.4289 -19.4289 -19.4289 -19.4289 -19.429 -19.429 -19.429 -19.4699 -19.6714 -19.6977 -19.6977 -19.6977 -19.6977 -19.6977 -19.6977 -19.6977 -19.6977 -19.6977 -19.8197 -20.2601 -20.2848 -20.2848 -20.2848 -20.2848 -20.2848 -20.2848 -20.2848 -20.2848 -20.2848 -20.552 -21.2316 -21.1909 -21.1909 -21.1909 -21.1909 -21.1909 -21.1909 -21.1909 -21.1909 -21.1909 -21.6192 -22.3384 -22.1498 -22.1498 -22.1498 -22.1498 -22.1498 -22.1498 -22.1498 -22.1498 -22.1498 -22.67 -23.1742 -22.8221 -22.8221 -22.8221 -22.8221 -22.8221 -22.8221 -22.8221 -22.8221 -22.8221 -23.3469 -23.5417 -23.0818 -23.0818 -23.0818 -23.0818 -23.0818 -23.0818 -23.0818 -23.0818 -23.0818 -23.5638 -23.509 -23.0087 -23.0087 -23.0087 -23.0087 -23.0087 -23.0087 -23.0087 -23.0087 -23.0087 -23.432 -23.2251 -22.7329 -22.7329 -22.7329 -22.7329 -22.7329 -22.7329 -22.7329 -22.7329 -22.7329 -23.0953 -22.8146 -22.3586 -22.3586 -22.3586 -22.3586 -22.3586 -22.3586 -22.3586 -22.3586 -22.3586 -22.6637 -22.3604 -21.9542 -21.9542 -21.9542 -21.9542 -21.9542 -21.9542 -21.9542 -21.9542 -21.9542 -22.208 -21.9125 -21.5603 -21.5603 -21.5603 -21.5603 -21.5603 -21.5603 -21.5603 -21.5603 -21.5603 -21.7695 -21.4982 -21.1985 -21.1985 -21.1985 -21.1985 -21.1985 -21.1985 -21.1985 -21.1985 -21.1985 -21.3699 -21.1299 -20.8786 -20.8786 -20.8786 -20.8786 -20.8786 -20.8786 -20.8786 -20.8786 -20.8786 -21.0183 -20.8114 -20.6028 -20.6028 -20.6028 -20.6028 -20.6028 -20.6028 -20.6028 -20.6028 -20.6028 -20.7162 -20.5411 -20.3693 -20.3693 -20.3693 -20.3693 -20.3693 -20.3693 -20.3693 -20.3693 -20.3693 -20.4611 -20.3148 -20.1741 -20.1741 -20.1741 -20.1741 -20.1741 -20.1741 -20.1741 -20.1741 -20.1741 -20.2484 -20.1272 -20.0126 -20.0126 -20.0126 -20.0126 -20.0126 -20.0126 -20.0126 -20.0126 -20.0126 -20.0725 -19.9729 -19.8799 -19.8799 -19.8799 -19.8799 -19.8799 -19.8799 -19.8799 -19.8799 -19.8799 -19.9281 -19.8223 -19.7387 -19.7387 -19.7387 -19.7387 -19.7387 -19.7387 -19.7387 -19.7387 -19.7387 -19.7612 -19.7306 -19.698 -19.698 -19.698 -19.698 -19.698 -19.698 -19.698 -19.698 -19.698 -19.7611 -19.8295 -19.7892 -19.7892 -19.7892 -19.7892 -19.7892 -19.7892 -19.7892 -19.7892 -19.7892 -19.8674 -19.9518 -19.9016 -19.9016 -19.9016 -19.9016 -19.9016 -19.9016 -19.9016 -19.9016 -19.9016 -19.9983 -20.1014 -20.0392 -20.0392 -20.0392 -20.0392 -20.0392 -20.0392 -20.0392 -20.0392 -20.0392 -20.1581 -20.2835 -20.2064 -20.2064 -20.2064 -20.2064 -20.2064 -20.2064 -20.2064 -20.2064 -20.2064 -20.3522 -20.5035 -20.4081 -20.4081 -20.4081 -20.4081 -20.4081 -20.4081 -20.4081 -20.4081 -20.4081 -20.586 -20.7667 -20.6489 -20.6489 -20.6489 -20.6489 -20.6489 -20.6489 -20.6489 -20.6489 -20.6489 -20.8648 -21.0775 -20.9326 -20.9326 -20.9326 -20.9326 -20.9326 -20.9326 -20.9326 -20.9326 -20.9326 -21.1922 -21.4381 -21.2605 -21.2605 -21.2605 -21.2605 -21.2605 -21.2605 -21.2605 -21.2605 -21.2605 -21.5693 -21.8458 -21.6292 -21.6292 -21.6292 -21.6292 -21.6292 -21.6292 -21.6292 -21.6292 -21.6292 -21.9911 -22.2898 -22.0273 -22.0273 -22.0273 -22.0273 -22.0273 -22.0273 -22.0273 -22.0273 -22.0273 -22.4431 -22.7455 -22.4305 -22.4305 -22.4305 -22.4305 -22.4305 -22.4305 -22.4305 -22.4305 -22.4305 -22.8945 -23.1671 -22.7939 -22.7939 -22.7939 -22.7939 -22.7939 -22.7939 -22.7939 -22.7939 -22.7939 -23.2906 -23.4777 -23.0434 -23.0434 -23.0434 -23.0434 -23.0434 -23.0434 -23.0434 -23.0434 -23.0434 -23.5413 -23.56 -23.0684 -23.0684 -23.0684 -23.0684 -23.0684 -23.0684 -23.0684 -23.0684 -23.0684 -23.5152 -23.2679 -22.7388 -22.7388 -22.7388 -22.7388 -22.7388 -22.7388 -22.7388 -22.7388 -22.7388 -23.0656 -22.5108 -21.999 -21.999 -21.999 -21.999 -21.999 -21.999 -21.999 -21.999 -21.999 -22.1583 -21.4248 -21.021 -21.021 -21.021 -21.021 -21.021 -21.021 -21.021 -21.021 -21.021 -21.0438 -20.3959 -20.1572 -20.1572 -20.1572 -20.1572 -20.1572 -20.1572 -20.1572 -20.1572 -20.1572 -20.129 -19.7349 -19.6316 -19.6316 -19.6316 -19.6316 -19.6316 -19.6316 -19.6316 -19.6316 -19.6316 -19.6076 -19.4373 -19.4045 -19.4045 -19.4045 -19.4045 -19.4045 -19.4045 -19.4045 -19.4045 -19.4045 -19.3942 -19.3412 -19.3339 -19.3339 -19.3339 -19.3339 -19.3339 -19.3339 -19.3339 -19.3339 -19.3339 -19.3313 -19.3206 -19.3191 -19.3191 -19.3191 -19.3191 -19.3191 -19.3191 -19.3191 -19.3191 -19.3191 -19.3191
19.3194 19.3194 19.3357 19.3363 19.3146 19.3363 19.3146 19.3363 19.3146 19.3363 19.3146 19.3363 19.3145 19.3362 19.3138 19.3358 19.3138 19.3363 19.3146 19.3364 19.3146 19.3504 19.4166 19.4289 19.4289 19.4289 19.4289 19.4289 19.4289 19.429 19.429 19.429 19.4699 19.6714 19.6977 19.6977 19.6977 19.6977 19.6977 19.6977 19.6977 19.6977 19.6977 19.8197 20.2601 20.2848 20.2848 20.2848 20.2848 20.2848 20.2848 20.2848 20.2848 20.2848 20.552 21.2316 21.1909 21.1909 21.1909 21.1909 21.1909 21.1909 21.1909 21.1909 21.1909 21.6192 22.3384 22.1498 22.1498 22.1498 22.1498 22.1498 22.1498 22.1498 22.1498 22.1498 22.67 23.1742 22.8221 22.8221 22.8221 22.8221 22.8221 22.8221 22.8221 22.8221 22.8221 23.3469 23.5417 23.0818 23.0818 23.0818 23.0818 23.0818 23.0818 23.0818 23.0818 23.0818 23.5638 23.509 23.0087 23.0087 23.0087 23.0087 23.0087 23.0087 23.0087 23.0087 23.0087 23.432 23.2251 22.7329 22.7329 22.7329 22.7329 22.7329 22.7329 22.7329 22.7329 22.7329 23.0953 22.8146 22.3586 22.3586 22.3586 22.3586 22.3586 22.3586 22.3586 22.3586 22.3586 22.6637 22.3604 21.9542 21.9542 21.9542 21.9542 21.9542 21.9542 21.9542 21.9542 21.9542 22.208 21.9125 21.5603 21.5603 21.5603 21.5603 21.5603 21.5603 21.5603 21.5603 21.5603 21.7695 21.4982 21.1985 21.1985 21.1985 21.1985 21.1985 21.1985 21.1985 21.1985 21.1985 21.3699 21.1299 20.8786 20.8786 20.8786 20.8786 20.8786 20.8786 20.8786 20.8786 20.8786 21.0183 20.8114 20.6028 20.6028 20.6028 20.6028 20.6028 20.6028 20.6028 20.6028 20.6028 20.7162 20.5411 20.3693 20.3693 20.3693 20.3693 20.3693 20.3693 20.3693 20.3693 20.3693 20.4611 20.3148 20.1741 20.1741 20.1741 20.1741 20.1741 20.1741 20.1741 20.1741 20.1741 20.2484 20.1272 20.0126 20.0126 20.0126 20.0126 20.0126 20.0126 20.0126 20.0126 20.0126 20.0725 19.9729 19.8799 19.8799 19.8799 19.8799 19.8799 19.8799 19.8799 19.8799 19.8799 19.9281 19.8223 19.7387 19.7387 19.7387 19.7387 19.7387 19.7387 19.7387 19.7387 19.7387 19.7612 19.7306 19.698 19.698 19.698 19.698 19.698 19.698 19.698 19.698 19.698 19.7611 19.8295 19.7892 19.7892 19.7892 19.7892 19.7892 19.7892 19.7892 19.7892 19.7892 19.8674 19.9518 19.9016 19.9016 19.9016 19.9016 19.9016 19.9016 19.9016 19.9016 19.9016 19.9983 20.1014 20.0392 20.0392 20.0392 20.0392 20.0392 20.0392 20.0392 20.0392 20.0392 20.1581 20.2835 20.2064 20.2064 20.2064 20.2064 20.2064 20.2064 20.2064 20.2064 20.2064 20.3522 20.5035 20.4081 20.4081 20.4081 20.4081 20.4081 20.4081 20.4081 20.4081 20.4081 20.586 20.7667 20.6489 20.6489 20.6489 20.6489 20.6489 20.6489 20.6489 20.6489 20.6489 20.8648 21.0775 20.9326 20.9326 20.9326 20.9326 20.9326 20.9326 20.9326 20.9326 20.9326 21.1922 21.4381 21.2605 21.2605 21.2605 21.2605 21.2605 21.2605 21.2605 21.2605 21.2605 21.5693 21.8458 21.6292 21.6292 21.6292 21.6292 21.6292 21.6292 21.6292 21.6292 21.6292 21.9911 22.2898 22.0273 22.0273 22.0273 22.0273 22.0273 22.0273 22.0273 22.0273 22.0273 22.4431 22.7455 22.4305 22.4305 22.4305 22.4305 22.4305 22.4305 22.4305 22.4305 22.4305 22.8945 23.1671 22.7939 22.7939 22.7939 22.7939 22.7939 22.7939 22.7939 22.7939 22.7939 23.2906 23.4777 23.0434 23.0434 23.0434 23.0434 23.0434 23.0434 23.0434 23.0434 23.0434 23.5413 23.56 23.0684 23.0684 23.0684 23.0684 23.0684 23.0684 23.0684 23.0684 23.0684 23.5152 23.2679 22.7388 22.7388 22.7388 22.7388 22.7388 22.7388 22.7388 22.7388 22.7388 23.0656 22.5108 21.999 21.999 21.999 21.999 21.999 21.999 21.999 21.999 21.999 22.1583 21.4248 21.021 21.021 21.021 21.021 21.021 21.021 21.021 21.021 21.021 21.0438 20.3959 20.1572 20.1572 20.1572 20.1572 20.1572 20.1572 20.1572 20.1572 20.1572 20.129 19.7349 19.6316 19.6316 19.6316 19.6316 19.6316 19.6316 19.6316 19.6316 19.6316 19.6076 19.4373 19.4045 19.4045 19.4045 19.4045 19.4045 19.4045 19.4045 19.4045 19.4045 19.3942 19.3412 19.3339 19.3339 19.3339 19.3339 19.3339 19.3339 19.3339 19.3339 19.3339 19.3313 19.3206 19.3191 19.3191 19.3191 19.3191 19.3191 19.3191 19.3191 19.3191 19.3191 19.3191
5e-07 5e-07 4.752e-07 6.33601e-07 5e-07 6.33601e-07 5e-07 6.33601e-07 5e-07 6.33601e-07 5e-07 6.33601e-07 5e-07 6.33601e-07 5e-07 6.33601e-07 5e-07 6.33601e-07 5e-07 6.33601e-07 3.33333e-07 4.752e-07 4.30521e-07 5.74028e-07 5.74028e-07 5.74028e-07 5.74028e-07 5.74028e-07 5.74028e-07 5.74028e-07 5.74028e-07 5.74028e-07 4.30521e-07 3.94707e-07 5.26275e-07 5.26275e-07 5.26275e-07 5.26275e-07 5.26275e-07 5.26275e-07 5.26275e-07 5.26275e-07 5.26275e-07 3.94707e-07 3.65997e-07 4.87996e-07 4.87996e-07 4.87996e-07 4.87996e-07 4.87996e-07 4.87996e-07 4.87996e-07 4.87996e-07 4.87996e-07 3.65997e-07 3.42984e-07 4.57312e-07 4.57312e-07 4.57312e-07 4.57312e-07 4.57312e-07 4.57312e-07 4.57312e-07 4.57312e-07 4.57312e-07 3.42984e-07 3.24536e-07 4.32715e-07 4.32715e-07 4.32715e-07 4.32715e-07 4.32715e-07 4.32715e-07 4.32715e-07 4.32715e-07 4.32715e-07 3.24536e-07 3.09748e-07 4.12998e-07 4.12998e-07 4.12998e-07 4.12998e-07 4.12998e-07 4.12998e-07 4.12998e-07 4.12998e-07 4.12998e-07 3.09748e-07 2.97894e-07 3.97193e-07 3.97193e-07 3.97193e-07 3.97193e-07 3.97193e-07 3.97193e-07 3.97193e-07 3.97193e-07 3.97193e-07 2.97894e-07 2.88392e-07 3.84523e-07 3.84523e-07 3.84523e-07 3.84523e-07 3.84523e-07 3.84523e-07 3.84523e-07 3.84523e-07 3.84523e-07 2.88392e-07 2.80775e-07 3.74367e-07 3.74367e-07 3.74367e-07 3.74367e-07 3.74367e-07 3.74367e-07 3.74367e-07 3.74367e-07 3.74367e-07 2.80775e-07 2.7467e-07 3.66226e-07 3.66226e-07 3.66226e-07 3.66226e-07 3.66226e-07 3.66226e-07 3.66226e-07 3.66226e-07 3.66226e-07 2.7467e-07 2.69775e-07 3.597e-07 3.597e-07 3.597e-07 3.597e-07 3.597e-07 3.597e-07 3.597e-07 3.597e-07 3.597e-07 2.69775e-07 2.65852e-07 3.54469e-07 3.54469e-07 3.54469e-07 3.54469e-07 3.54469e-07 3.54469e-07 3.54469e-07 3.54469e-07 3.54469e-07 2.65852e-07 2.62707e-07 3.50276e-07 3.50276e-07 3.50276e-07 3.50276e-07 3.50276e-07 3.50276e-07 3.50276e-07 3.50276e-07 3.50276e-07 2.62707e-07 2.60186e-07 3.46915e-07 3.46915e-07 3.46915e-07 3.46915e-07 3.46915e-07 3.46915e-07 3.46915e-07 3.46915e-07 3.46915e-07 2.60186e-07 2.58165e-07 3.4422e-07 3.4422e-07 3.4422e-07 3.4422e-07 3.4422e-07 3.4422e-07 3.4422e-07 3.4422e-07 3.4422e-07 2.58165e-07 2.56545e-07 3.4206e-07 3.4206e-07 3.4206e-07 3.4206e-07 3.4206e-07 3.4206e-07 3.4206e-07 3.4206e-07 3.4206e-07 2.56545e-07 2.55247e-07 3.40329e-07 3.40329e-07 3.40329e-07 3.40329e-07 3.40329e-07 3.40329e-07 3.40329e-07 3.40329e-07 3.40329e-07 2.55247e-07 2.54206e-07 3.38941e-07 3.38941e-07 3.38941e-07 3.38941e-07 3.38941e-07 3.38941e-07 3.38941e-07 3.38941e-07 3.38941e-07 2.54206e-07 2.53371e-07 3.37828e-07 3.37828e-07 3.37828e-07 3.37828e-07 3.37828e-07 3.37828e-07 3.37828e-07 3.37828e-07 3.37828e-07 2.53371e-07 2.5251e-07 3.3668e-07 3.3668e-07 3.3668e-07 3.3668e-07 3.3668e-07 3.3668e-07 3.3668e-07 3.3668e-07 3.3668e-07 2.5251e-07 2.5226e-07 3.36347e-07 3.36347e-07 3.36347e-07 3.36347e-07 3.36347e-07 3.36347e-07 3.36347e-07 3.36347e-07 3.36347e-07 2.5226e-07 2.52809e-07 3.37079e-07 3.37079e-07 3.37079e-07 3.37079e-07 3.37079e-07 3.37079e-07 3.37079e-07 3.37079e-07 3.37079e-07 2.52809e-07 2.53505e-07 3.38006e-07 3.38006e-07 3.38006e-07 3.38006e-07 3.38006e-07 3.38006e-07 3.38006e-07 3.38006e-07 3.38006e-07 2.53505e-07 2.54372e-07 3.39163e-07 3.39163e-07 3.39163e-07 3.39163e-07 3.39163e-07 3.39163e-07 3.39163e-07 3.39163e-07 3.39163e-07 2.54372e-07 2.55454e-07 3.40606e-07 3.40606e-07 3.40606e-07 3.40606e-07 3.40606e-07 3.40606e-07 3.40606e-07 3.40606e-07 3.40606e-07 2.55454e-07 2.56804e-07 3.42405e-07 3.42405e-07 3.42405e-07 3.42405e-07 3.42405e-07 3.42405e-07 3.42405e-07 3.42405e-07 3.42405e-07 2.56804e-07 2.58488e-07 3.44651e-07 3.44651e-07 3.44651e-07 3.44651e-07 3.44651e-07 3.44651e-07 3.44651e-07 3.44651e-07 3.44651e-07 2.58488e-07 2.60589e-07 3.47452e-07 3.47452e-07 3.47452e-07 3.47452e-07 3.47452e-07 3.47452e-07 3.47452e-07 3.47452e-07 3.47452e-07 2.60589e-07 2.6321e-07 3.50946e-07 3.50946e-07 3.50946e-07 3.50946e-07 3.50946e-07 3.50946e-07 3.50946e-07 3.50946e-07 3.50946e-07 2.6321e-07 2.66479e-07 3.55305e-07 3.55305e-07 3.55305e-07 3.55305e-07 3.55305e-07 3.55305e-07 3.55305e-07 3.55305e-07 3.55305e-07 2.66479e-07 2.70558e-07 3.60744e-07 3.60744e-07 3.60744e-07 3.60744e-07 3.60744e-07 3.60744e-07 3.60744e-07 3.60744e-07 3.60744e-07 2.70558e-07 2.75646e-07 3.67528e-07 3.67528e-07 3.67528e-07 3.67528e-07 3.67528e-07 3.67528e-07 3.67528e-07 3.67528e-07 3.67528e-07 2.75646e-07 2.81993e-07 3.75991e-07 3.75991e-07 3.75991e-07 3.75991e-07 3.75991e-07 3.75991e-07 3.75991e-07 3.75991e-07 3.75991e-07 2.81993e-07 2.89911e-07 3.86548e-07 3.86548e-07 3.86548e-07 3.86548e-07 3.86548e-07 3.86548e-07 3.86548e-07 3.86548e-07 3.86548e-07 2.89911e-07 2.99789e-07 3.99719e-07 3.99719e-07 3.99719e-07 3.99719e-07 3.99719e-07 3.99719e-07 3.99719e-07 3.99719e-07 3.99719e-07 2.99789e-07 3.12112e-07 4.1615e-07 4.1615e-07 4.1615e-07 4.1615e-07 4.1615e-07 4.1615e-07 4.1615e-07 4.1615e-07 4.1615e-07 3.12112e-07 3.27485e-07 4.36647e-07 4.36647e-07 4.36647e-07 4.36647e-07 4.36647e-07 4.36647e-07 4.36647e-07 4.36647e-07 4.36647e-07 3.27485e-07 3.46663e-07 4.62217e-07 4.62217e-07 4.62217e-07 4.62217e-07 4.62217e-07 4.62217e-07 4.62217e-07 4.62217e-07 4.62217e-07 3.46663e-07 3.70587e-07 4.94115e-07 4.94115e-07 4.94115e-07 4.94115e-07 4.94115e-07 4.94115e-07 4.94115e-07 4.94115e-07 4.94115e-07 3.70587e-07 4.00432e-07 5.33909e-07 5.33909e-07 5.33909e-07 5.33909e-07 5.33909e-07 5.33909e-07 5.33909e-07 5.33909e-07 5.33909e-07 4.00432e-07 4.37664e-07 5.83552e-07 5.83552e-07 5.83552e-07 5.83552e-07 5.83552e-07 5.83552e-07 5.83552e-07 5.83552e-07 5.83552e-07 4.37664e-07 4.59183e-07 6.12243e-07 6.12243e-07 6.12243e-07 6.12243e-07 6.12243e-07 6.12243e-07 6.12243e-07 6.12243e-07 6.12243e-07 4.59183e-07 3.0669e-07 4.60035e-07 4.60035e-07 4.60035e-07 4.60035e-07 4.60035e-07 4.60035e-07 4.60035e-07 4.60035e-07 4.60035e-07 4.60035e-07
1e+06 926777 988652 955811 926777 955811 926777 955811 926777 955811 926777 955811 926777 955811 926777 955811 926777 955811 926777 955811 902369 1.00694e+06 1.146e+06 1.07088e+06 1.07088e+06 1.07088e+06 1.07088e+06 1.07088e+06 1.07088e+06 1.07088e+06 1.07088e+06 1.07088e+06 1.16126e+06 1.33474e+06 1.20466e+06 1.20466e+06 1.20466e+06 1.20466e+06 1.20466e+06 1.20466e+06 1.20466e+06 1.20466e+06 1.20466e+06 1.34667e+06 1.56309e+06 1.36278e+06 1.36278e+06 1.36278e+06 1.36278e+06 1.36278e+06 1.36278e+06 1.36278e+06 1.36278e+06 1.36278e+06 1.57192e+06 1.8419e+06 1.55283e+06 1.55283e+06 1.55283e+06 1.55283e+06 1.55283e+06 1.55283e+06 1.55283e+06 1.55283e+06 1.55283e+06 1.84816e+06 2.18497e+06 1.7844e+06 1.7844e+06 1.7844e+06 1.7844e+06 1.7844e+06 1.7844e+06 1.7844e+06 1.7844e+06 1.7844e+06 2.18927e+06 2.60943e+06 2.06931e+06 2.06931e+06 2.06931e+06 2.06931e+06 2.06931e+06 2.06931e+06 2.06931e+06 2.06931e+06 2.06931e+06 2.61232e+06 3.13647e+06 2.42195e+06 2.42195e+06 2.42195e+06 2.42195e+06 2.42195e+06 2.42195e+06 2.42195e+06 2.42195e+06 2.42195e+06 3.13839e+06 3.79227e+06 2.85998e+06 2.85998e+06 2.85998e+06 2.85998e+06 2.85998e+06 2.85998e+06 2.85998e+06 2.85998e+06 2.85998e+06 3.79352e+06 4.60924e+06 3.40517e+06 3.40517e+06 3.40517e+06 3.40517e+06 3.40517e+06 3.40517e+06 3.40517e+06 3.40517e+06 3.40517e+06 4.61006e+06 5.62766e+06 4.08447e+06 4.08447e+06 4.08447e+06 4.08447e+06 4.08447e+06 4.08447e+06 4.08447e+06 4.08447e+06 4.08447e+06 5.62819e+06 6.89765e+06 4.93136e+06 4.93136e+06 4.93136e+06 4.93136e+06 4.93136e+06 4.93136e+06 4.93136e+06 4.93136e+06 4.93136e+06 6.898e+06 8.48165e+06 5.9875e+06 5.9875e+06 5.9875e+06 5.9875e+06 5.9875e+06 5.9875e+06 5.9875e+06 5.9875e+06 5.9875e+06 8.48187e+06 1.04575e+07 7.30482e+06 7.30482e+06 7.30482e+06 7.30482e+06 7.30482e+06 7.30482e+06 7.30482e+06 7.30482e+06 7.30482e+06 1.04576e+07 1.29222e+07 8.94802e+06 8.94802e+06 8.94802e+06 8.94802e+06 8.94802e+06 8.94802e+06 8.94802e+06 8.94802e+06 8.94802e+06 1.29223e+07 1.59968e+07 1.09978e+07 1.09978e+07 1.09978e+07 1.09978e+07 1.09978e+07 1.09978e+07 1.09978e+07 1.09978e+07 1.09978e+07 1.59969e+07 1.98324e+07 1.35549e+07 1.35549e+07 1.35549e+07 1.35549e+07 1.35549e+07 1.35549e+07 1.35549e+07 1.35549e+07 1.35549e+07 1.98325e+07 2.46173e+07 1.67448e+07 1.67448e+07 1.67448e+07 1.67448e+07 1.67448e+07 1.67448e+07 1.67448e+07 1.67448e+07 1.67448e+07 2.46173e+07 3.05863e+07 2.07242e+07 2.07242e+07 2.07242e+07 2.07242e+07 2.07242e+07 2.07242e+07 2.07242e+07 2.07242e+07 2.07242e+07 3.05863e+07 3.80327e+07 2.56885e+07 2.56885e+07 2.56885e+07 2.56885e+07 2.56885e+07 2.56885e+07 2.56885e+07 2.56885e+07 2.56885e+07 3.80327e+07 5.22672e+07 3.51781e+07 3.51781e+07 3.51781e+07 3.51781e+07 3.51781e+07 3.51781e+07 3.51781e+07 3.51781e+07 3.51781e+07 5.22672e+07 5.64342e+07 3.79561e+07 3.79561e+07 3.79561e+07 3.79561e+07 3.79561e+07 3.79561e+07 3.79561e+07 3.79561e+07 3.79561e+07 5.64342e+07 4.55401e+07 3.06934e+07 3.06934e+07 3.06934e+07 3.06934e+07 3.06934e+07 3.06934e+07 3.06934e+07 3.06934e+07 3.06934e+07 4.55401e+07 3.66043e+07 2.47361e+07 2.47361e+07 2.47361e+07 2.47361e+07 2.47361e+07 2.47361e+07 2.47361e+07 2.47361e+07 2.47361e+07 3.66042e+07 2.94413e+07 1.99608e+07 1.99608e+07 1.99608e+07 1.99608e+07 1.99608e+07 1.99608e+07 1.99608e+07 1.99608e+07 1.99608e+07 2.94413e+07 2.36994e+07 1.61329e+07 1.61329e+07 1.61329e+07 1.61329e+07 1.61329e+07 1.61329e+07 1.61329e+07 1.61329e+07 1.61329e+07 2.36994e+07 1.90967e+07 1.30644e+07 1.30644e+07 1.30644e+07 1.30644e+07 1.30644e+07 1.30644e+07 1.30644e+07 1.30644e+07 1.30644e+07 1.90966e+07 1.54071e+07 1.06046e+07 1.06046e+07 1.06046e+07 1.06046e+07 1.06046e+07 1.06046e+07 1.06046e+07 1.06046e+07 1.06046e+07 1.5407e+07 1.24495e+07 8.63281e+06 8.63281e+06 8.63281e+06 8.63281e+06 8.63281e+06 8.63281e+06 8.63281e+06 8.63281e+06 8.63281e+06 1.24494e+07 1.00786e+07 7.05212e+06 7.05212e+06 7.05212e+06 7.05212e+06 7.05212e+06 7.05212e+06 7.05212e+06 7.05212e+06 7.05212e+06 1.00785e+07 8.17804e+06 5.78492e+06 5.78492e+06 5.78492e+06 5.78492e+06 5.78492e+06 5.78492e+06 5.78492e+06 5.78492e+06 5.78492e+06 8.1778e+06 6.65442e+06 4.76892e+06 4.76892e+06 4.76892e+06 4.76892e+06 4.76892e+06 4.76892e+06 4.76892e+06 4.76892e+06 4.76892e+06 6.65405e+06 5.4329e+06 3.9542e+06 3.9542e+06 3.9542e+06 3.9542e+06 3.9542e+06 3.9542e+06 3.9542e+06 3.9542e+06 3.9542e+06 5.43233e+06 4.45345e+06 3.30065e+06 3.30065e+06 3.30065e+06 3.30065e+06 3.30065e+06 3.30065e+06 3.30065e+06 3.30065e+06 3.30065e+06 4.45257e+06 3.6679e+06 2.77604e+06 2.77604e+06 2.77604e+06 2.77604e+06 2.77604e+06 2.77604e+06 2.77604e+06 2.77604e+06 2.77604e+06 3.66655e+06 3.03756e+06 2.35444e+06 2.35444e+06 2.35444e+06 2.35444e+06 2.35444e+06 2.35444e+06 2.35444e+06 2.35444e+06 2.35444e+06 3.0355e+06 2.53129e+06 2.01486e+06 2.01486e+06 2.01486e+06 2.01486e+06 2.01486e+06 2.01486e+06 2.01486e+06 2.01486e+06 2.01486e+06 2.52819e+06 2.12402e+06 1.74028e+06 1.74028e+06 1.74028e+06 1.74028e+06 1.74028e+06 1.74028e+06 1.74028e+06 1.74028e+06 1.74028e+06 2.11942e+06 1.79543e+06 1.51677e+06 1.51677e+06 1.51677e+06 1.51677e+06 1.51677e+06 1.51677e+06 1.51677e+06 1.51677e+06 1.51677e+06 1.78876e+06 1.52906e+06 1.33297e+06 1.33297e+06 1.33297e+06 1.33297e+06 1.33297e+06 1.33297e+06 1.33297e+06 1.33297e+06 1.33297e+06 1.51972e+06 1.31153e+06 1.17961e+06 1.17961e+06 1.17961e+06 1.17961e+06 1.17961e+06 1.17961e+06 1.17961e+06 1.17961e+06 1.17961e+06 1.29903e+06 1.13215e+06 1.04947e+06 1.04947e+06 1.04947e+06 1.04947e+06 1.04947e+06 1.04947e+06 1.04947e+06 1.04947e+06 1.04947e+06 1.11632e+06 1.03963e+06 987363 987363 987363 987363 987363 987363 987363 987363 987363 1.03899e+06 985309 988982 988982 988982 988982 988982 988982 988982 988982 988982 1.09514e+06
1e-06 1.10355e-06 1.05395e-06 1.08291e-06 1.10355e-06 1.08291e-06 1.10355e-06 1.08291e-06 1.10355e-06 1.08291e-06 1.10355e-06 1.08291e-06 1.10355e-06 1.08291e-06 1.10355e-06 1.08291e-06 1.10355e-06 1.08291e-06 1.10355e-06 1.08291e-06 1.13807e-06 1.02081e-06 9.31449e-07 9.85742e-07 9.85742e-07 9.85742e-07 9.85742e-07 9.85742e-07 9.85742e-07 9.85742e-07 9.85742e-07 9.85742e-07 9.08206e-07 8.36576e-07 9.11861e-07 9.11861e-07 9.11861e-07 9.11861e-07 9.11861e-07 9.11861e-07 9.11861e-07 9.11861e-07 9.11861e-07 8.20628e-07 7.6321e-07 8.55788e-07 8.55788e-07 8.55788e-07 8.55788e-07 8.55788e-07 8.55788e-07 8.55788e-07 8.55788e-07 8.55788e-07 7.52466e-07 7.06439e-07 8.13185e-07 8.13185e-07 8.13185e-07 8.13185e-07 8.13185e-07 8.13185e-07 8.13185e-07 8.13185e-07 8.13185e-07 6.99305e-07 6.6241e-07 7.80706e-07 7.80706e-07 7.80706e-07 7.80706e-07 7.80706e-07 7.80706e-07 7.80706e-07 7.80706e-07 7.80706e-07 6.57721e-07 6.28146e-07 7.55825e-07 7.55825e-07 7.55825e-07 7.55825e-07 7.55825e-07 7.55825e-07 7.55825e-07 7.55825e-07 7.55825e-07 6.25088e-07 6.0138e-07 7.36658e-07 7.36658e-07 7.36658e-07 7.36658e-07 7.36658e-07 7.36658e-07 7.36658e-07 7.36658e-07 7.36658e-07 5.99396e-07 5.80392e-07 7.2181e-07 7.2181e-07 7.2181e-07 7.2181e-07 7.2181e-07 7.2181e-07 7.2181e-07 7.2181e-07 7.2181e-07 5.79108e-07 5.63874e-07 7.10247e-07 7.10247e-07 7.10247e-07 7.10247e-07 7.10247e-07 7.10247e-07 7.10247e-07 7.10247e-07 7.10247e-07 5.63046e-07 5.50835e-07 7.01198e-07 7.01198e-07 7.01198e-07 7.01198e-07 7.01198e-07 7.01198e-07 7.01198e-07 7.01198e-07 7.01198e-07 5.50301e-07 5.40513e-07 6.94087e-07 6.94087e-07 6.94087e-07 6.94087e-07 6.94087e-07 6.94087e-07 6.94087e-07 6.94087e-07 6.94087e-07 5.40169e-07 5.32322e-07 6.8848e-07 6.8848e-07 6.8848e-07 6.8848e-07 6.8848e-07 6.8848e-07 6.8848e-07 6.8848e-07 6.8848e-07 5.32102e-07 5.25812e-07 6.84045e-07 6.84045e-07 6.84045e-07 6.84045e-07 6.84045e-07 6.84045e-07 6.84045e-07 6.84045e-07 6.84045e-07 5.2567e-07 5.20627e-07 6.80528e-07 6.80528e-07 6.80528e-07 6.80528e-07 6.80528e-07 6.80528e-07 6.80528e-07 6.80528e-07 6.80528e-07 5.20536e-07 5.16494e-07 6.77733e-07 6.77733e-07 6.77733e-07 6.77733e-07 6.77733e-07 6.77733e-07 6.77733e-07 6.77733e-07 6.77733e-07 5.16436e-07 5.13196e-07 6.75509e-07 6.75509e-07 6.75509e-07 6.75509e-07 6.75509e-07 6.75509e-07 6.75509e-07 6.75509e-07 6.75509e-07 5.13158e-07 5.10561e-07 6.73736e-07 6.73736e-07 6.73736e-07 6.73736e-07 6.73736e-07 6.73736e-07 6.73736e-07 6.73736e-07 6.73736e-07 5.10537e-07 5.08455e-07 6.72322e-07 6.72322e-07 6.72322e-07 6.72322e-07 6.72322e-07 6.72322e-07 6.72322e-07 6.72322e-07 6.72322e-07 5.08439e-07 5.06771e-07 6.71192e-07 6.71192e-07 6.71192e-07 6.71192e-07 6.71192e-07 6.71192e-07 6.71192e-07 6.71192e-07 6.71192e-07 5.06761e-07 5.05038e-07 6.70031e-07 6.70031e-07 6.70031e-07 6.70031e-07 6.70031e-07 6.70031e-07 6.70031e-07 6.70031e-07 6.70031e-07 5.05029e-07 5.04529e-07 6.69694e-07 6.69694e-07 6.69694e-07 6.69694e-07 6.69694e-07 6.69694e-07 6.69694e-07 6.69694e-07 6.69694e-07 5.04533e-07 5.05631e-07 6.70434e-07 6.70434e-07 6.70434e-07 6.70434e-07 6.70434e-07 6.70434e-07 6.70434e-07 6.70434e-07 6.70434e-07 5.05638e-07 5.07029e-07 6.71373e-07 6.71373e-07 6.71373e-07 6.71373e-07 6.71373e-07 6.71373e-07 6.71373e-07 6.71373e-07 6.71373e-07 5.0704e-07 5.08774e-07 6.72548e-07 6.72548e-07 6.72548e-07 6.72548e-07 6.72548e-07 6.72548e-07 6.72548e-07 6.72548e-07 6.72548e-07 5.08791e-07 5.10956e-07 6.74019e-07 6.74019e-07 6.74019e-07 6.74019e-07 6.74019e-07 6.74019e-07 6.74019e-07 6.74019e-07 6.74019e-07 5.10982e-07 5.13682e-07 6.75864e-07 6.75864e-07 6.75864e-07 6.75864e-07 6.75864e-07 6.75864e-07 6.75864e-07 6.75864e-07 6.75864e-07 5.13722e-07 5.1709e-07 6.78179e-07 6.78179e-07 6.78179e-07 6.78179e-07 6.78179e-07 6.78179e-07 6.78179e-07 6.78179e-07 6.78179e-07 5.17154e-07 5.21355e-07 6.81088e-07 6.81088e-07 6.81088e-07 6.81088e-07 6.81088e-07 6.81088e-07 6.81088e-07 6.81088e-07 6.81088e-07 5.21454e-07 5.26696e-07 6.8475e-07 6.8475e-07 6.8475e-07 6.8475e-07 6.8475e-07 6.8475e-07 6.8475e-07 6.8475e-07 6.8475e-07 5.26849e-07 5.33388e-07 6.89371e-07 6.89371e-07 6.89371e-07 6.89371e-07 6.89371e-07 6.89371e-07 6.89371e-07 6.89371e-07 6.89371e-07 5.33627e-07 5.41784e-07 6.95216e-07 6.95216e-07 6.95216e-07 6.95216e-07 6.95216e-07 6.95216e-07 6.95216e-07 6.95216e-07 6.95216e-07 5.42155e-07 5.52331e-07 7.02631e-07 7.02631e-07 7.02631e-07 7.02631e-07 7.02631e-07 7.02631e-07 7.02631e-07 7.02631e-07 7.02631e-07 5.52907e-07 5.65602e-07 7.12075e-07 7.12075e-07 7.12075e-07 7.12075e-07 7.12075e-07 7.12075e-07 7.12075e-07 7.12075e-07 7.12075e-07 5.66496e-07 5.82333e-07 7.24152e-07 7.24152e-07 7.24152e-07 7.24152e-07 7.24152e-07 7.24152e-07 7.24152e-07 7.24152e-07 7.24152e-07 5.83718e-07 6.03475e-07 7.39674e-07 7.39674e-07 7.39674e-07 7.39674e-07 7.39674e-07 7.39674e-07 7.39674e-07 7.39674e-07 7.39674e-07 6.05616e-07 6.30262e-07 7.59731e-07 7.59731e-07 7.59731e-07 7.59731e-07 7.59731e-07 7.59731e-07 7.59731e-07 7.59731e-07 7.59731e-07 6.33559e-07 6.64305e-07 7.85793e-07 7.85793e-07 7.85793e-07 7.85793e-07 7.85793e-07 7.85793e-07 7.85793e-07 7.85793e-07 7.85793e-07 6.69354e-07 7.0771e-07 8.19844e-07 8.19844e-07 8.19844e-07 8.19844e-07 8.19844e-07 8.19844e-07 8.19844e-07 8.19844e-07 8.19844e-07 7.15382e-07 7.6323e-07 8.64543e-07 8.64543e-07 8.64543e-07 8.64543e-07 8.64543e-07 8.64543e-07 8.64543e-07 8.64543e-07 8.64543e-07 7.74758e-07 8.34448e-07 9.23396e-07 9.23396e-07 9.23396e-07 9.23396e-07 9.23396e-07 9.23396e-07 9.23396e-07 9.23396e-07 9.23396e-07 8.5151e-07 9.25974e-07 1.00093e-06 1.00093e-06 1.00093e-06 1.00093e-06 1.00093e-06 1.00093e-06 1.00093e-06 1.00093e-06 1.00093e-06 9.50752e-07 9.9379e-07 1.04687e-06 1.04687e-06 1.04687e-06 1.04687e-06 1.04687e-06 1.04687e-06 1.04687e-06 1.04687e-06 1.04687e-06 9.94884e-07 1.04874e-06 1.03655e-06 1.03655e-06 1.03655e-06 1.03655e-06 1.03655e-06 1.03655e-06 1.03655e-06 1.03655e-06 1.03655e-06 9.20071e-07
1.25e-13 1.25e-13 1.126e-13 1.50134e-13 1.25e-13 1.50134e-13 1.25e-13 1.50134e-13 1.25e-13 1.50134e-13 1.25e-13 1.50134e-13 1.25e-13 1.50134e-13 1.25e-13 1.50134e-13 1.25e-13 1.50134e-13 1.25e-13 1.50134e-13 8.33333e-14 1.126e-13 9.02607e-14 1.20348e-13 1.20348e-13 1.20348e-13 1.20348e-13 1.20348e-13 1.20348e-13 1.20348e-13 1.20348e-13 1.20348e-13 9.02607e-14 7.23533e-14 9.6471e-14 9.6471e-14 9.6471e-14 9.6471e-14 9.6471e-14 9.6471e-14 9.6471e-14 9.6471e-14 9.6471e-14 7.23533e-14 5.79986e-14 7.73315e-14 7.73315e-14 7.73315e-14 7.73315e-14 7.73315e-14 7.73315e-14 7.73315e-14 7.73315e-14 7.73315e-14 5.79986e-14 4.64919e-14 6.19892e-14 6.19892e-14 6.19892e-14 6.19892e-14 6.19892e-14 6.19892e-14 6.19892e-14 6.19892e-14 6.19892e-14 4.64919e-14 3.7268e-14 4.96907e-14 4.96907e-14 4.96907e-14 4.96907e-14 4.96907e-14 4.96907e-14 4.96907e-14 4.96907e-14 4.96907e-14 3.7268e-14 2.98742e-14 3.98322e-14 3.98322e-14 3.98322e-14 3.98322e-14 3.98322e-14 3.98322e-14 3.98322e-14 3.98322e-14 3.98322e-14 2.98742e-14 2.39472e-14 3.19296e-14 3.19296e-14 3.19296e-14 3.19296e-14 3.19296e-14 3.19296e-14 3.19296e-14 3.19296e-14 3.19296e-14 2.39472e-14 1.91962e-14 2.55949e-14 2.55949e-14 2.55949e-14 2.55949e-14 2.55949e-14 2.55949e-14 2.55949e-14 2.55949e-14 2.55949e-14 1.91962e-14 1.53877e-14 2.0517e-14 2.0517e-14 2.0517e-14 2.0517e-14 2.0517e-14 2.0517e-14 2.0517e-14 2.0517e-14 2.0517e-14 1.53877e-14 1.23348e-14 1.64465e-14 1.64465e-14 1.64465e-14 1.64465e-14 1.64465e-14 1.64465e-14 1.64465e-14 1.64465e-14 1.64465e-14 1.23348e-14 9.88765e-15 1.31835e-14 1.31835e-14 1.31835e-14 1.31835e-14 1.31835e-14 1.31835e-14 1.31835e-14 1.31835e-14 1.31835e-14 9.88765e-15 7.92597e-15 1.0568e-14 1.0568e-14 1.0568e-14 1.0568e-14 1.0568e-14 1.0568e-14 1.0568e-14 1.0568e-14 1.0568e-14 7.92597e-15 6.35348e-15 8.47131e-15 8.47131e-15 8.47131e-15 8.47131e-15 8.47131e-15 8.47131e-15 8.47131e-15 8.47131e-15 8.47131e-15 6.35348e-15 5.09297e-15 6.79063e-15 6.79063e-15 6.79063e-15 6.79063e-15 6.79063e-15 6.79063e-15 6.79063e-15 6.79063e-15 6.79063e-15 5.09297e-15 4.08254e-15 5.44339e-15 5.44339e-15 5.44339e-15 5.44339e-15 5.44339e-15 5.44339e-15 5.44339e-15 5.44339e-15 5.44339e-15 4.08254e-15 3.27258e-15 4.36344e-15 4.36344e-15 4.36344e-15 4.36344e-15 4.36344e-15 4.36344e-15 4.36344e-15 4.36344e-15 4.36344e-15 3.27258e-15 2.62331e-15 3.49775e-15 3.49775e-15 3.49775e-15 3.49775e-15 3.49775e-15 3.49775e-15 3.49775e-15 3.49775e-15 3.49775e-15 2.62331e-15 2.10285e-15 2.80381e-15 2.80381e-15 2.80381e-15 2.80381e-15 2.80381e-15 2.80381e-15 2.80381e-15 2.80381e-15 2.80381e-15 2.10285e-15 1.68565e-15 2.24754e-15 2.24754e-15 2.24754e-15 2.24754e-15 2.24754e-15 2.24754e-15 2.24754e-15 2.24754e-15 2.24754e-15 1.68565e-15 1.25512e-15 1.67349e-15 1.67349e-15 1.67349e-15 1.67349e-15 1.67349e-15 1.67349e-15 1.67349e-15 1.67349e-15 1.67349e-15 1.25512e-15 1.1301e-15 1.50681e-15 1.50681e-15 1.50681e-15 1.50681e-15 1.50681e-15 1.50681e-15 1.50681e-15 1.50681e-15 1.50681e-15 1.1301e-15 1.40469e-15 1.87292e-15 1.87292e-15 1.87292e-15 1.87292e-15 1.87292e-15 1.87292e-15 1.87292e-15 1.87292e-15 1.87292e-15 1.40469e-15 1.75235e-15 2.33646e-15 2.33646e-15 2.33646e-15 2.33646e-15 2.33646e-15 2.33646e-15 2.33646e-15 2.33646e-15 2.33646e-15 1.75235e-15 2.18605e-15 2.91474e-15 2.91474e-15 2.91474e-15 2.91474e-15 2.91474e-15 2.91474e-15 2.91474e-15 2.91474e-15 2.91474e-15 2.18605e-15 2.7271e-15 3.63614e-15 3.63614e-15 3.63614e-15 3.63614e-15 3.63614e-15 3.63614e-15 3.63614e-15 3.63614e-15 3.63614e-15 2.7271e-15 3.40206e-15 4.53608e-15 4.53608e-15 4.53608e-15 4.53608e-15 4.53608e-15 4.53608e-15 4.53608e-15 4.53608e-15 4.53608e-15 3.40206e-15 4.24407e-15 5.65876e-15 5.65876e-15 5.65876e-15 5.65876e-15 5.65876e-15 5.65876e-15 5.65876e-15 5.65876e-15 5.65876e-15 4.24407e-15 5.29448e-15 7.0593e-15 7.0593e-15 7.0593e-15 7.0593e-15 7.0593e-15 7.0593e-15 7.0593e-15 7.0593e-15 7.0593e-15 5.29448e-15 6.60486e-15 8.80648e-15 8.80648e-15 8.80648e-15 8.80648e-15 8.80648e-15 8.80648e-15 8.80648e-15 8.80648e-15 8.80648e-15 6.60486e-15 8.23956e-15 1.09861e-14 1.09861e-14 1.09861e-14 1.09861e-14 1.09861e-14 1.09861e-14 1.09861e-14 1.09861e-14 1.09861e-14 8.23956e-15 1.02789e-14 1.37051e-14 1.37051e-14 1.37051e-14 1.37051e-14 1.37051e-14 1.37051e-14 1.37051e-14 1.37051e-14 1.37051e-14 1.02789e-14 1.28229e-14 1.70972e-14 1.70972e-14 1.70972e-14 1.70972e-14 1.70972e-14 1.70972e-14 1.70972e-14 1.70972e-14 1.70972e-14 1.28229e-14 1.59965e-14 2.13287e-14 2.13287e-14 2.13287e-14 2.13287e-14 2.13287e-14 2.13287e-14 2.13287e-14 2.13287e-14 2.13287e-14 1.59965e-14 1.99557e-14 2.66076e-14 2.66076e-14 2.66076e-14 2.66076e-14 2.66076e-14 2.66076e-14 2.66076e-14 2.66076e-14 2.66076e-14 1.99557e-14 2.48947e-14 3.31929e-14 3.31929e-14 3.31929e-14 3.31929e-14 3.31929e-14 3.31929e-14 3.31929e-14 3.31929e-14 3.31929e-14 2.48947e-14 3.10561e-14 4.14082e-14 4.14082e-14 4.14082e-14 4.14082e-14 4.14082e-14 4.14082e-14 4.14082e-14 4.14082e-14 4.14082e-14 3.10561e-14 3.87425e-14 5.16567e-14 5.16567e-14 5.16567e-14 5.16567e-14 5.16567e-14 5.16567e-14 5.16567e-14 5.16567e-14 5.16567e-14 3.87425e-14 4.83313e-14 6.44417e-14 6.44417e-14 6.44417e-14 6.44417e-14 6.44417e-14 6.44417e-14 6.44417e-14 6.44417e-14 6.44417e-14 4.83313e-14 6.02933e-14 8.03911e-14 8.03911e-14 8.03911e-14 8.03911e-14 8.03911e-14 8.03911e-14 8.03911e-14 8.03911e-14 8.03911e-14 6.02933e-14 7.52159e-14 1.00288e-13 1.00288e-13 1.00288e-13 1.00288e-13 1.00288e-13 1.00288e-13 1.00288e-13 1.00288e-13 1.00288e-13 7.52159e-14 9.38318e-14 1.25109e-13 1.25109e-13 1.25109e-13 1.25109e-13 1.25109e-13 1.25109e-13 1.25109e-13 1.25109e-13 1.25109e-13 9.38318e-14 1.04591e-13 1.39455e-13 1.39455e-13 1.39455e-13 1.39455e-13 1.39455e-13 1.39455e-13 1.39455e-13 1.39455e-13 1.39455e-13 1.04591e-13 7.00118e-14 1.05018e-13 1.05018e-13 1.05018e-13 1.05018e-13 1.05018e-13 1.05018e-13 1.05018e-13 1.05018e-13 1.05018e-13 1.05018e-13
-19.3025 -16.4757 -98.1471 -90.3868 -2.82682 -90.3868 -2.82652 -90.3866 -2.82344 -90.3847 -2.79419 -90.3681 -2.51594 -90.2242 0.178332 -88.9779 -0.654045 -91.1328 -3.58896 -91.332 -4.80912 -145.736 -567.508 -535.02 -535.02 -535.02 -535.02 -535.024 -535.054 -535.228 -535.492 -535.541 -751.984 -2371.33 -2100.33 -2100.33 -2100.33 -2100.33 -2100.33 -2100.34 -2100.37 -2100.42 -2100.43 -2915.58 -7462.03 -6242.07 -6242.07 -6242.07 -6242.07 -6242.07 -6242.08 -6242.08 -6242.1 -6242.1 -8583.98 -17900.2 -14241.4 -14241.4 -14241.4 -14241.4 -14241.4 -14241.4 -14241.4 -14241.4 -14241.4 -19461.1 -33481.5 -25569.6 -25569.6 -25569.6 -25569.6 -25569.6 -25569.6 -25569.6 -25569.6 -25569.6 -34892.4 -51079.1 -37825.5 -37825.5 -37825.5 -37825.5 -37825.5 -37825.5 -37825.5 -37825.5 -37825.5 -51865.5 -67367.8 -48777.6 -48777.6 -48777.6 -48777.6 -48777.6 -48777.6 -48777.6 -48777.6 -48777.6 -67507.3 -80898.1 -57596.4 -57596.4 -57596.4 -57596.4 -57596.4 -57596.4 -57596.4 -57596.4 -57596.4 -80596 -91644.8 -64403.5 -64403.5 -64403.5 -64403.5 -64403.5 -64403.5 -64403.5 -64403.5 -64403.5 -91108.6 -100064 -69598.8 -69598.8 -69598.8 -69598.8 -69598.8 -69598.8 -69598.8 -69598.8 -69598.8 -99437.8 -106648 -73568.6 -73568.6 -73568.6 -73568.6 -73568.6 -73568.6 -73568.6 -73568.6 -73568.6 -106018 -111809 -76617.9 -76617.9 -76617.9 -76617.9 -76617.9 -76617.9 -76617.9 -76617.9 -76617.9 -111222 -115868 -78974.6 -78974.6 -78974.6 -78974.6 -78974.6 -78974.6 -78974.6 -78974.6 -78974.6 -115344 -119070 -80806.9 -80806.9 -80806.9 -80806.9 -80806.9 -80806.9 -80806.9 -80806.9 -80806.9 -118616 -121604 -82239 -82239 -82239 -82239 -82239 -82239 -82239 -82239 -82239 -121218 -123613 -83363.3 -83363.3 -83363.3 -83363.3 -83363.3 -83363.3 -83363.3 -83363.3 -83363.3 -123290 -125211 -84249.4 -84249.4 -84249.4 -84249.4 -84249.4 -84249.4 -84249.4 -84249.4 -84249.4 -124943 -126482 -84950 -84950 -84950 -84950 -84950 -84950 -84950 -84950 -84950 -126261 -127495 -85505.3 -85505.3 -85505.3 -85505.3 -85505.3 -85505.3 -85505.3 -85505.3 -85505.3 -127315 -128273 -85859.8 -85859.8 -85859.8 -85859.8 -85859.8 -85859.8 -85859.8 -85859.8 -85859.8 -128027 -128436 -86050.3 -86050.3 -86050.3 -86050.3 -86050.3 -86050.3 -86050.3 -86050.3 -86050.3 -128559 -128101 -85928.8 -85928.8 -85928.8 -85928.8 -85928.8 -85928.8 -85928.8 -85928.8 -85928.8 -128254 -127225 -85469.7 -85469.7 -85469.7 -85469.7 -85469.7 -85469.7 -85469.7 -85469.7 -85469.7 -127412 -126130 -84891.5 -84891.5 -84891.5 -84891.5 -84891.5 -84891.5 -84891.5 -84891.5 -84891.5 -126358 -124758 -84161.9 -84161.9 -84161.9 -84161.9 -84161.9 -84161.9 -84161.9 -84161.9 -84161.9 -125035 -123039 -83238.5 -83238.5 -83238.5 -83238.5 -83238.5 -83238.5 -83238.5 -83238.5 -83238.5 -123373 -120883 -82066.1 -82066.1 -82066.1 -82066.1 -82066.1 -82066.1 -82066.1 -82066.1 -82066.1 -121280 -118175 -80571.7 -80571.7 -80571.7 -80571.7 -80571.7 -80571.7 -80571.7 -80571.7 -80571.7 -118641 -114768 -78657.9 -78657.9 -78657.9 -78657.9 -78657.9 -78657.9 -78657.9 -78657.9 -78657.9 -115304 -110475 -76193.9 -76193.9 -76193.9 -76193.9 -76193.9 -76193.9 -76193.9 -76193.9 -76193.9 -111072 -105054 -73002.3 -73002.3 -73002.3 -73002.3 -73002.3 -73002.3 -73002.3 -73002.3 -73002.3 -105687 -98195.7 -68842.9 -68842.9 -68842.9 -68842.9 -68842.9 -68842.9 -68842.9 -68842.9 -68842.9 -98814.4 -89516.2 -63395.5 -63395.5 -63395.5 -63395.5 -63395.5 -63395.5 -63395.5 -63395.5 -63395.5 -90024.6 -78574.8 -56262.7 -56262.7 -56262.7 -56262.7 -56262.7 -56262.7 -56262.7 -56262.7 -56262.7 -78817 -65011.9 -47061 -47061 -47061 -47061 -47061 -47061 -47061 -47061 -47061 -64772.3 -48992.6 -35775.5 -35775.5 -35775.5 -35775.5 -35775.5 -35775.5 -35775.5 -35775.5 -35775.5 -48083.7 -32029.3 -23476.7 -23476.7 -23476.7 -23476.7 -23476.7 -23476.7 -23476.7 -23476.7 -23476.7 -30544.4 -17198.5 -12575.6 -12575.6 -12575.6 -12575.6 -12575.6 -12575.6 -12575.6 -12575.6 -12575.6 -15677.6 -7257.01 -5269.52 -5269.52 -5269.52 -5269.52 -5269.52 -5269.52 -5269.52 -5269.52 -5269.52 -6239.42 -2351 -1690.48 -1690.48 -1690.48 -1690.48 -1690.48 -1690.48 -1690.48 -1690.48 -1690.48 -1888.44 -576.138 -409.225 -409.225 -409.225 -409.225 -409.225 -409.225 -409.225 -409.225 -409.225 -429.125 -107.453 -76.2951 -76.2951 -76.2951 -76.2951 -76.2951 -76.2951 -76.2951 -76.2951 -76.2951 -76.7434 -23.8063 -17.8548 -17.8548 -17.8547 -17.8547 -17.8547 -17.8547 -17.8547 -17.8547 -17.8547 -21.7309
1e+06 926777 988652 955811 926777 955811 926777 955811 926777 955811 926777 955811 926777 955811 926777 955811 926777 955811 926777 955811 902369 1.00694e+06 1.146e+06 1.07088e+06 1.07088e+06 1.07088e+06 1.07088e+06 1.07088e+06 1.07088e+06 1.07088e+06 1.07088e+06 1.07088e+06 1.16126e+06 1.33474e+06 1.20466e+06 1.20466e+06 1.20466e+06 1.20466e+06 1.20466e+06 1.20466e+06 1.20466e+06 1.20466e+06 1.20466e+06 1.34667e+06 1.56309e+06 1.36278e+06 1.36278e+06 1.36278e+06 1.36278e+06 1.36278e+06 1.36278e+06 1.36278e+06 1.36278e+06 1.36278e+06 1.57192e+06 1.8419e+06 1.55283e+06 1.55283e+06 1.55283e+06 1.55283e+06 1.55283e+06 1.55283e+06 1.55283e+06 1.55283e+06 1.55283e+06 1.84816e+06 2.18497e+06 1.7844e+06 1.7844e+06 1.7844e+06 1.7844e+06 1.7844e+06 1.7844e+06 1.7844e+06 1.7844e+06 1.7844e+06 2.18927e+06 2.60943e+06 2.06931e+06 2.06931e+06 2.06931e+06 2.06931e+06 2.06931e+06 2.06931e+06 2.06931e+06 2.06931e+06 2.06931e+06 2.61232e+06 3.13647e+06 2.42195e+06 2.42195e+06 2.42195e+06 2.42195e+06 2.42195e+06 2.42195e+06 2.42195e+06 2.42195e+06 2.42195e+06 3.13839e+06 3.79227e+06 2.85998e+06 2.85998e+06 2.85998e+06 2.85998e+06 2.85998e+06 2.85998e+06 2.85998e+06 2.85998e+06 2.85998e+06 3.79352e+06 4.60924e+06 3.40517e+06 3.40517e+06 3.40517e+06 3.40517e+06 3.40517e+06 3.40517e+06 3.40517e+06 3.40517e+06 3.40517e+06 4.61006e+06 5.62766e+06 4.08447e+06 4.08447e+06 4.08447e+06 4.08447e+06 4.08447e+06 4.08447e+06 4.08447e+06 4.08447e+06 4.08447e+06 5.62819e+06 6.89765e+06 4.93136e+06 4.93136e+06 4.93136e+06 4.93136e+06 4.93136e+06 4.93136e+06 4.93136e+06 4.93136e+06 4.93136e+06 6.898e+06 8.48165e+06 5.9875e+06 5.9875e+06 5.9875e+06 5.9875e+06 5.9875e+06 5.9875e+06 5.9875e+06 5.9875e+06 5.9875e+06 8.48187e+06 1.04575e+07 7.30482e+06 7.30482e+06 7.30482e+06 7.30482e+06 7.30482e+06 7.30482e+06 7.30482e+06 7.30482e+06 7.30482e+06 1.04576e+07 1.29222e+07 8.94802e+06 8.94802e+06 8.94802e+06 8.94802e+06 8.94802e+06 8.94802e+06 8.94802e+06 8.94802e+06 8.94802e+06 1.29223e+07 1.59968e+07 1.09978e+07 1.09978e+07 1.09978e+07 1.09978e+07 1.09978e+07 1.09978e+07 1.09978e+07 1.09978e+07 1.09978e+07 1.59969e+07 1.98324e+07 1.35549e+07 1.35549e+07 1.35549e+07 1.35549e+07 1.35549e+07 1.35549e+07 1.35549e+07 1.35549e+07 1.35549e+07 1.98325e+07 2.46173e+07 1.67448e+07 1.67448e+07 1.67448e+07 1.67448e+07 1.67448e+07 1.67448e+07 1.67448e+07 1.67448e+07 1.67448e+07 2.46173e+07 3.05863e+07 2.07242e+07 2.07242e+07 2.07242e+07 2.07242e+07 2.07242e+07 2.07242e+07 2.07242e+07 2.07242e+07 2.07242e+07 3.05863e+07 3.80327e+07 2.56885e+07 2.56885e+07 2.56885e+07 2.56885e+07 2.56885e+07 2.56885e+07 2.56885e+07 2.56885e+07 2.56885e+07 3.80327e+07 5.22672e+07 3.51781e+07 3.51781e+07 3.51781e+07 3.51781e+07 3.51781e+07 3.51781e+07 3.51781e+07 3.51781e+07 3.51781e+07 5.22672e+07 5.64342e+07 3.79561e+07 3.79561e+07 3.79561e+07 3.79561e+07 3.79561e+07 3.79561e+07 3.79561e+07 3.79561e+07 3.79561e+07 5.64342e+07 4.55401e+07 3.06934e+07 3.06934e+07 3.06934e+07 3.06934e+07 3.06934e+07 3.06934e+07 3.06934e+07 3.06934e+07 3.06934e+07 4.55401e+07 3.66043e+07 2.47361e+07 2.47361e+07 2.47361e+07 2.47361e+07 2.47361e+07 2.47361e+07 2.47361e+07 2.47361e+07 2.47361e+07 3.66042e+07 2.94413e+07 1.99608e+07 1.99608e+07 1.99608e+07 1.99608e+07 1.99608e+07 1.99608e+07 1.99608e+07 1.99608e+07 1.99608e+07 2.94413e+07 2.36994e+07 1.61329e+07 1.61329e+07 1.61329e+07 1.61329e+07 1.61329e+07 1.61329e+07 1.61329e+07 1.61329e+07 1.61329e+07 2.36994e+07 1.90967e+07 1.30644e+07 1.30644e+07 1.30644e+07 1.30644e+07 1.30644e+07 1.30644e+07 1.30644e+07 1.30644e+07 1.30644e+07 1.90966e+07 1.54071e+07 1.06046e+07 1.06046e+07 1.06046e+07 1.06046e+07 1.06046e+07 1.06046e+07 1.06046e+07 1.06046e+07 1.06046e+07 1.5407e+07 1.24495e+07 8.63281e+06 8.63281e+06 8.63281e+06 8.63281e+06 8.63281e+06 8.63281e+06 8.63281e+06 8.63281e+06 8.63281e+06 1.24494e+07 1.00786e+07 7.05212e+06 7.05212e+06 7.05212e+06 7.05212e+06 7.05212e+06 7.05212e+06 7.05212e+06 7.05212e+06 7.05212e+06 1.00785e+07 8.17804e+06 5.78492e+06 5.78492e+06 5.78492e+06 5.78492e+06 5.78492e+06 5.78492e+06 5.78492e+06 5.78492e+06 5.78492e+06 8.1778e+06 6.65442e+06 4.76892e+06 4.76892e+06 4.76892e+06 4.76892e+06 4.76892e+06 4.76892e+06 4.76892e+06 4.76892e+06 4.76892e+06 6.65405e+06 5.4329e+06 3.9542e+06 3.9542e+06 3.9542e+06 3.9542e+06 3.9542e+06 3.9542e+06 3.9542e+06 3.9542e+06 3.9542e+06 5.43233e+06 4.45345e+06 3.30065e+06 3.30065e+06 3.30065e+06 3.30065e+06 3.30065e+06 3.30065e+06 3.30065e+06 3.30065e+06 3.30065e+06 4.45257e+06 3.6679e+06 2.77604e+06 2.77604e+06 2.77604e+06 2.77604e+06 2.77604e+06 2.77604e+06 2.77604e+06 2.77604e+06 2.77604e+06 3.66655e+06 3.03756e+06 2.35444e+06 2.35444e+06 2.35444e+06 2.35444e+06 2.35444e+06 2.35444e+06 2.35444e+06 2.35444e+06 2.35444e+06 3.0355e+06 2.53129e+06 2.01486e+06 2.01486e+06 2.01486e+06 2.01486e+06 2.01486e+06 2.01486e+06 2.01486e+06 2.01486e+06 2.01486e+06 2.52819e+06 2.12402e+06 1.74028e+06 1.74028e+06 1.74028e+06 1.74028e+06 1.74028e+06 1.74028e+06 1.74028e+06 1.74028e+06 1.74028e+06 2.11942e+06 1.79543e+06 1.51677e+06 1.51677e+06 1.51677e+06 1.51677e+06 1.51677e+06 1.51677e+06 1.51677e+06 1.51677e+06 1.51677e+06 1.78876e+06 1.52906e+06 1.33297e+06 1.33297e+06 1.33297e+06 1.33297e+06 1.33297e+06 1.33297e+06 1.33297e+06 1.33297e+06 1.33297e+06 1.51972e+06 1.31153e+06 1.17961e+06 1.17961e+06 1.17961e+06 1.17961e+06 1.17961e+06 1.17961e+06 1.17961e+06 1.17961e+06 1.17961e+06 1.29903e+06 1.13215e+06 1.04947e+06 1.04947e+06 1.04947e+06 1.04947e+06 1.04947e+06 1.04947e+06 1.04947e+06 1.04947e+06 1.04947e+06 1.11632e+06 1.03963e+06 987363 987363 987363 987363 987363 987363 987363 987363 987363 1.03899e+06 985309 988982 988982 988982 988982 988982 988982 988982 988982 988982 1.09514e+06
-1e+06 -926777 -988652 -955811 -926777 -955811 -926777 -955811 -926777 -955811 -926777 -955811 -926777 -955811 -926777 -955811 -926777 -955811 -926777 -955811 -902369 -1.00694e+06 -1.146e+06 -1.07088e+06 -1.07088e+06 -1.07088e+06 -1.07088e+06 -1.07088e+06 -1.07088e+06 -1.07088e+06 -1.07088e+06 -1.07088e+06 -1.16126e+06 -1.33474e+06 -1.20466e+06 -1.20466e+06 -1.20466e+06 -1.20466e+06 -1.20466e+06 -1.20466e+06 -1.20466e+06 -1.20466e+06 -1.20466e+06 -1.34667e+06 -1.56309e+06 -1.36278e+06 -1.36278e+06 -1.36278e+06 -1.36278e+06 -1.36278e+06 -1.36278e+06 -1.36278e+06 -1.36278e+06 -1.36278e+06 -1.57192e+06 -1.8419e+06 -1.55283e+06 -1.55283e+06 -1.55283e+06 -1.55283e+06 -1.55283e+06 -1.55283e+06 -1.55283e+06 -1.55283e+06 -1.55283e+06 -1.84816e+06 -2.18497e+06 -1.7844e+06 -1.7844e+06 -1.7844e+06 -1.7844e+06 -1.7844e+06 -1.7844e+06 -1.7844e+06 -1.7844e+06 -1.7844e+06 -2.18927e+06 -2.60943e+06 -2.06931e+06 -2.06931e+06 -2.06931e+06 -2.06931e+06 -2.06931e+06 -2.06931e+06 -2.06931e+06 -2.06931e+06 -2.06931e+06 -2.61232e+06 -3.13647e+06 -2.42195e+06 -2.42195e+06 -2.42195e+06 -2.42195e+06 -2.42195e+06 -2.42195e+06 -2.42195e+06 -2.42195e+06 -2.42195e+06 -3.13839e+06 -3.79227e+06 -2.85998e+06 -2.85998e+06 -2.85998e+06 -2.85998e+06 -2.85998e+06 -2.85998e+06 -2.85998e+06 -2.85998e+06 -2.85998e+06 -3.79352e+06 -4.60924e+06 -3.40517e+06 -3.40517e+06 -3.40517e+06 -3.40517e+06 -3.40517e+06 -3.40517e+06 -3.40517e+06 -3.40517e+06 -3.40517e+06 -4.61006e+06 -5.62766e+06 -4.08447e+06 -4.08447e+06 -4.08447e+06 -4.08447e+06 -4.08447e+06 -4.08447e+06 -4.08447e+06 -4.08447e+06 -4.08447e+06 -5.62819e+06 -6.89765e+06 -4.93136e+06 -4.93136e+06 -4.93136e+06 -4.93136e+06 -4.93136e+06 -4.93136e+06 -4.93136e+06 -4.93136e+06 -4.93136e+06 -6.898e+06 -8.48165e+06 -5.9875e+06 -5.9875e+06 -5.9875e+06 -5.9875e+06 -5.9875e+06 -5.9875e+06 -5.9875e+06 -5.9875e+06 -5.9875e+06 -8.48187e+06 -1.04575e+07 -7.30482e+06 -7.30482e+06 -7.30482e+06 -7.30482e+06 -7.30482e+06 -7.30482e+06 -7.30482e+06 -7.30482e+06 -7.30482e+06 -1.04576e+07 -1.29222e+07 -8.94802e+06 -8.94802e+06 -8.94802e+06 -8.94802e+06 -8.94802e+06 -8.94802e+06 -8.94802e+06 -8.94802e+06 -8.94802e+06 -1.29223e+07 -1.59968e+07 -1.09978e+07 -1.09978e+07 -1.09978e+07 -1.09978e+07 -1.09978e+07 -1.09978e+07 -1.09978e+07 -1.09978e+07 -1.09978e+07 -1.59969e+07 -1.98324e+07 -1.35549e+07 -1.35549e+07 -1.35549e+07 -1.35549e+07 -1.35549e+07 -1.35549e+07 -1.35549e+07 -1.35549e+07 -1.35549e+07 -1.98325e+07 -2.46173e+07 -1.67448e+07 -1.67448e+07 -1.67448e+07 -1.67448e+07 -1.67448e+07 -1.67448e+07 -1.67448e+07 -1.67448e+07 -1.67448e+07 -2.46173e+07 -3.05863e+07 -2.07242e+07 -2.07242e+07 -2.07242e+07 -2.07242e+07 -2.07242e+07 -2.07242e+07 -2.07242e+07 -2.07242e+07 -2.07242e+07 -3.05863e+07 -3.80327e+07 -2.56885e+07 -2.56885e+07 -2.56885e+07 -2.56885e+07 -2.56885e+07 -2.56885e+07 -2.56885e+07 -2.56885e+07 -2.56885e+07 -3.80327e+07 -5.22672e+07 -3.51781e+07 -3.51781e+07 -3.51781e+07 -3.51781e+07 -3.51781e+07 -3.51781e+07 -3.51781e+07 -3.51781e+07 -3.51781e+07 -5.22672e+07 -5.64342e+07 -3.79561e+07 -3.79561e+07 -3.79561e+07 -3.79561e+07 -3.79561e+07 -3.79561e+07 -3.79561e+07 -3.79561e+07 -3.79561e+07 -5.64342e+07 -4.55401e+07 -3.06934e+07 -3.06934e+07 -3.06934e+07 -3.06934e+07 -3.06934e+07 -3.06934e+07 -3.06934e+07 -3.06934e+07 -3.06934e+07 -4.55401e+07 -3.66043e+07 -2.47361e+07 -2.47361e+07 -2.47361e+07 -2.47361e+07 -2.47361e+07 -2.47361e+07 -2.47361e+07 -2.47361e+07 -2.47361e+07 -3.66042e+07 -2.94413e+07 -1.99608e+07 -1.99608e+07 -1.99608e+07 -1.99608e+07 -1.99608e+07 -1.99608e+07 -1.99608e+07 -1.99608e+07 -1.99608e+07 -2.94413e+07 -2.36994e+07 -1.61329e+07 -1.61329e+07 -1.61329e+07 -1.61329e+07 -1.61329e+07 -1.61329e+07 -1.61329e+07 -1.61329e+07 -1.61329e+07 -2.36994e+07 -1.90967e+07 -1.30644e+07 -1.30644e+07 -1.30644e+07 -1.30644e+07 -1.30644e+07 -1.30644e+07 -1.30644e+07 -1.30644e+07 -1.30644e+07 -1.90966e+07 -1.54071e+07 -1.06046e+07 -1.06046e+07 -1.06046e+07 -1.06046e+07 -1.06046e+07 -1.06046e+07 -1.06046e+07 -1.06046e+07 -1.06046e+07 -1.5407e+07 -1.24495e+07 -8.63281e+06 -8.63281e+06 -8.63281e+06 -8.63281e+06 -8.63281e+06 -8.63281e+06 -8.63281e+06 -8.63281e+06 -8.63281e+06 -1.24494e+07 -1.00786e+07 -7.05212e+06 -7.05212e+06 -7.05212e+06 -7.05212e+06 -7.05212e+06 -7.05212e+06 -7.05212e+06 -7.05212e+06 -7.05212e+06 -1.00785e+07 -8.17804e+06 -5.78492e+06 -5.78492e+06 -5.78492e+06 -5.78492e+06 -5.78492e+06 -5.78492e+06 -5.78492e+06 -5.78492e+06 -5.78492e+06 -8.1778e+06 -6.65442e+06 -4.76892e+06 -4.76892e+06 -4.76892e+06 -4.76892e+06 -4.76892e+06 -4.76892e+06 -4.76892e+06 -4.76892e+06 -4.76892e+06 -6.65405e+06 -5.4329e+06 -3.9542e+06 -3.9542e+06 -3.9542e+06 -3.9542e+06 -3.9542e+06 -3.9542e+06 -3.9542e+06 -3.9542e+06 -3.9542e+06 -5.43233e+06 -4.45345e+06 -3.30065e+06 -3.30065e+06 -3.30065e+06 -3.30065e+06 -3.30065e+06 -3.30065e+06 -3.30065e+06 -3.30065e+06 -3.30065e+06 -4.45257e+06 -3.6679e+06 -2.77604e+06 -2.77604e+06 -2.77604e+06 -2.77604e+06 -2.77604e+06 -2.77604e+06 -2.77604e+06 -2.77604e+06 -2.77604e+06 -3.66655e+06 -3.03756e+06 -2.35444e+06 -2.35444e+06 -2.35444e+06 -2.35444e+06 -2.35444e+06 -2.35444e+06 -2.35444e+06 -2.35444e+06 -2.35444e+06 -3.0355e+06 -2.53129e+06 -2.01486e+06 -2.01486e+06 -2.01486e+06 -2.01486e+06 -2.01486e+06 -2.01486e+06 -2.01486e+06 -2.01486e+06 -2.01486e+06 -2.52819e+06 -2.12402e+06 -1.74028e+06 -1.74028e+06 -1.74028e+06 -1.74028e+06 -1.74028e+06 -1.74028e+06 -1.74028e+06 -1.74028e+06 -1.74028e+06 -2.11942e+06 -1.79543e+06 -1.51677e+06 -1.51677e+06 -1.51677e+06 -1.51677e+06 -1.51677e+06 -1.51677e+06 -1.51677e+06 -1.51677e+06 -1.51677e+06 -1.78876e+06 -1.52906e+06 -1.33297e+06 -1.33297e+06 -1.33297e+06 -1.33297e+06 -1.33297e+06 -1.33297e+06 -1.33297e+06 -1.33297e+06 -1.33297e+06 -1.51972e+06 -1.31153e+06 -1.17961e+06 -1.17961e+06 -1.17961e+06 -1.17961e+06 -1.17961e+06 -1.17961e+06 -1.17961e+06 -1.17961e+06 -1.17961e+06 -1.29903e+06 -1.13215e+06 -1.04947e+06 -1.04947e+06 -1.04947e+06 -1.04947e+06 -1.04947e+06 -1.04947e+06 -1.04947e+06 -1.04947e+06 -1.04947e+06 -1.11632e+06 -1.03963e+06 -987363 -987363 -987363 -987363 -987363 -987363 -987363 -987363 -987363 -1.03899e+06 -985309 -988982 -988982 -988982 -988982 -988982 -988982 -988982 -988982 -988982 -1.09514e+06
9.39713e-08 -6.99937e-05 0.000171302 -1.3461e-05 -0.000453049 -0.00012107 -0.000818529 -0.000254429 -0.00137434 -0.000442787 -0.00229041 -0.000730307 -0.00396698 -0.00119247 -0.00760931 -0.0019711 -0.00490324 0.00270087 0.000574315 0.00368344 0.00114765 0.00816915 0.000325919 0.00029231 0.000367322 0.000523057 0.000801744 0.0012894 0.00215386 0.00363642 0.00526736 0.00593884 0.00733261 0.000406316 0.000357538 0.000459755 0.000657386 0.000991473 0.0015281 0.00235333 0.00350271 0.00467701 0.00530689 0.00675333 0.000439385 0.000378527 0.000490573 0.000701158 0.00104776 0.00158238 0.0023537 0.00334055 0.00431066 0.00488074 0.00637043 0.000447832 0.000377493 0.000490408 0.000700204 0.00104135 0.00155788 0.00228238 0.00317708 0.00404144 0.00456831 0.00610578 0.000445793 0.000367972 0.000478052 0.000681805 0.00101141 0.00150635 0.002192 0.00302624 0.0038268 0.00432399 0.00591063 0.000440324 0.000356579 0.000462867 0.000659458 0.000976788 0.00145146 0.00210525 0.00289549 0.00365212 0.00412754 0.00576009 0.000434441 0.000345954 0.000448592 0.000638497 0.000944748 0.00140196 0.00202985 0.00278637 0.00351028 0.00396878 0.00564159 0.000429428 0.000337029 0.000436486 0.000620621 0.000917453 0.00136014 0.00196712 0.00269722 0.00339588 0.00384088 0.00554786 0.000425997 0.000330183 0.000426977 0.000606301 0.000895337 0.00132614 0.0019163 0.00262552 0.00330438 0.00373854 0.00547409 0.000424718 0.000325656 0.000420266 0.000595651 0.000878329 0.00129951 0.00187617 0.00256883 0.00323203 0.00365745 0.00541686 0.000426092 0.000323631 0.000416473 0.000588666 0.000866203 0.00127964 0.0018455 0.00252498 0.00317573 0.00359409 0.00537364 0.000430438 0.000324179 0.0004156 0.000585222 0.000858623 0.00126584 0.00182307 0.00249204 0.00313289 0.00354553 0.00534238 0.000437715 0.000327148 0.000417431 0.000584991 0.000855074 0.00125731 0.00180764 0.00246824 0.00310116 0.00350919 0.0053212 0.000447419 0.000332096 0.000421469 0.000587379 0.000854805 0.00125306 0.00179787 0.00245177 0.00307836 0.00348267 0.00530811 0.000458628 0.000338326 0.000426974 0.000591564 0.000856866 0.00125193 0.00179233 0.00244088 0.00306239 0.00346369 0.00530106 0.000470238 0.000345044 0.000433114 0.000596649 0.000860253 0.00125277 0.00178964 0.00243391 0.00305134 0.00345021 0.00529803 0.000481278 0.00035156 0.000439169 0.000601862 0.000864109 0.00125459 0.00178863 0.00242947 0.00304362 0.00344054 0.00529734 0.000491114 0.00035742 0.000444661 0.000606683 0.000867845 0.0012567 0.00178848 0.00242656 0.00303809 0.00343343 0.00529777 0.000499479 0.000362422 0.000449371 0.000610856 0.000871152 0.0012587 0.00178867 0.00242455 0.00303396 0.00342802 0.0052986 0.000506132 0.000366114 0.000452783 0.000613741 0.000873179 0.00125944 0.00178761 0.00242127 0.00302851 0.00342118 0.00529524 0.00051118 0.000369733 0.000456236 0.000616936 0.000875985 0.00126169 0.00178913 0.00242201 0.00302868 0.00342125 0.0053058 0.000518127 0.000374892 0.0004616 0.000622679 0.000882325 0.00126888 0.0017974 0.00243144 0.00303914 0.00343251 0.00531816 0.000526724 0.000381299 0.00046827 0.000629833 0.00089024 0.00127787 0.00180776 0.00244328 0.00305228 0.00344666 0.0053335 0.000537166 0.000389128 0.000476427 0.000638595 0.000899953 0.00128894 0.00182053 0.00245789 0.00306851 0.00346414 0.00535235 0.000549513 0.00039847 0.000486181 0.000649107 0.000911655 0.00130232 0.00183605 0.00247569 0.00308833 0.0034855 0.00537517 0.000563551 0.000409251 0.000497479 0.000661354 0.00092539 0.00131817 0.00185455 0.00249704 0.00311218 0.00351127 0.00540225 0.000578721 0.000421176 0.000510053 0.000675118 0.000941017 0.00133643 0.00187613 0.00252215 0.00314038 0.00354185 0.00543363 0.000594186 0.000433774 0.000523467 0.000690025 0.000958259 0.00135697 0.0019008 0.0025512 0.00317326 0.00357766 0.00546922 0.00060907 0.000446566 0.000537286 0.000705719 0.000976879 0.00137971 0.00192868 0.00258452 0.00321129 0.0036193 0.00550901 0.000622784 0.00045928 0.000551296 0.000722085 0.000996913 0.00140489 0.00196025 0.00262281 0.00325535 0.0036678 0.00555346 0.000635248 0.000472013 0.000565667 0.000739423 0.00101885 0.00143325 0.00199655 0.00266735 0.00330693 0.00372481 0.00560367 0.000646938 0.000485265 0.000580997 0.000758493 0.0010437 0.0014661 0.00203919 0.00272003 0.00336811 0.0037926 0.00566134 0.000658816 0.00049989 0.000598264 0.000780481 0.00107292 0.00150525 0.0020903 0.0027832 0.00344134 0.0038738 0.00572832 0.000672352 0.000517072 0.000618774 0.00080691 0.00110832 0.0015528 0.00215215 0.00285902 0.00352866 0.00397065 0.00580544 0.000690084 0.000538618 0.000644208 0.000839425 0.00115152 0.00161011 0.00222542 0.00294714 0.00362889 0.00408224 0.00588931 0.000717729 0.000568461 0.00067732 0.000879651 0.00120272 0.00167527 0.00230506 0.00303864 0.0037303 0.0041971 0.00596447 0.000768388 0.000617251 0.000726656 0.000933983 0.00126537 0.001747 0.00238254 0.00311601 0.00380763 0.00428663 0.00599536 0.000862273 0.000705797 0.00081525 0.0010274 0.00136494 0.00184824 0.00247398 0.00318435 0.0038522 0.0043275 0.0059457 0.00101027 0.000847952 0.000962678 0.0011842 0.00152897 0.00200797 0.00260839 0.00327149 0.00388714 0.00433102 0.00582023 0.00120046 0.00103159 0.00115521 0.00138794 0.00173839 0.00220691 0.00277168 0.00337514 0.00392492 0.00432135 0.00566068 0.00140736 0.00123199 0.00136552 0.00160863 0.00196208 0.00241678 0.00294418 0.0034895 0.00397587 0.00432365 0.0055182 0.00159104 0.00138097 0.00152932 0.00178452 0.00214103 0.00258267 0.00307646 0.00357016 0.00399777 0.00429403 0.00531811 0.00137898 0.00110568 0.00125661 0.001484 0.00177914 0.00212369 0.00248669 0.00282554 0.0030926 0.00324643 0.00400502
-1.6574e-12 -1.53599e-12 -1.64112e-12 -1.58647e-12 -1.53556e-12 -1.58647e-12 -1.53556e-12 -1.58647e-12 -1.53556e-12 -1.58647e-12 -1.53555e-12 -1.58647e-12 -1.53555e-12 -1.58646e-12 -1.53546e-12 -1.58642e-12 -1.53549e-12 -1.58649e-12 -1.53558e-12 -1.5865e-12 -1.49518e-12 -1.67295e-12 -1.91694e-12 -1.79145e-12 -1.79145e-12 -1.79145e-12 -1.79145e-12 -1.79145e-12 -1.79145e-12 -1.79145e-12 -1.79146e-12 -1.79146e-12 -1.94818e-12 -2.28864e-12 -2.06437e-12 -2.06437e-12 -2.06437e-12 -2.06437e-12 -2.06437e-12 -2.06437e-12 -2.06437e-12 -2.06437e-12 -2.06437e-12 -2.32633e-12 -2.8387e-12 -2.46653e-12 -2.46653e-12 -2.46653e-12 -2.46653e-12 -2.46653e-12 -2.46653e-12 -2.46653e-12 -2.46653e-12 -2.46653e-12 -2.89189e-12 -3.66901e-12 -3.06504e-12 -3.06504e-12 -3.06504e-12 -3.06504e-12 -3.06504e-12 -3.06504e-12 -3.06504e-12 -3.06504e-12 -3.06504e-12 -3.73647e-12 -4.81286e-12 -3.86891e-12 -3.86891e-12 -3.86891e-12 -3.86891e-12 -3.86891e-12 -3.86891e-12 -3.86891e-12 -3.86891e-12 -3.86891e-12 -4.87483e-12 -6.184e-12 -4.80737e-12 -4.80737e-12 -4.80737e-12 -4.80737e-12 -4.80737e-12 -4.80737e-12 -4.80737e-12 -4.80737e-12 -4.80737e-12 -6.22054e-12 -7.67186e-12 -5.8051e-12 -5.8051e-12 -5.8051e-12 -5.8051e-12 -5.8051e-12 -5.8051e-12 -5.8051e-12 -5.8051e-12 -5.8051e-12 -7.6806e-12 -9.24779e-12 -6.84872e-12 -6.84872e-12 -6.84872e-12 -6.84872e-12 -6.84872e-12 -6.84872e-12 -6.84872e-12 -6.84872e-12 -6.84872e-12 -9.23729e-12 -1.09628e-11 -7.97845e-12 -7.97845e-12 -7.97845e-12 -7.97845e-12 -7.97845e-12 -7.97845e-12 -7.97845e-12 -7.97845e-12 -7.97845e-12 -1.09424e-11 -1.29079e-11 -9.25921e-12 -9.25921e-12 -9.25921e-12 -9.25921e-12 -9.25921e-12 -9.25921e-12 -9.25921e-12 -9.25921e-12 -9.25921e-12 -1.2884e-11 -1.5193e-11 -1.07668e-11 -1.07668e-11 -1.07668e-11 -1.07668e-11 -1.07668e-11 -1.07668e-11 -1.07668e-11 -1.07668e-11 -1.07668e-11 -1.51693e-11 -1.79439e-11 -1.25862e-11 -1.25862e-11 -1.25862e-11 -1.25862e-11 -1.25862e-11 -1.25862e-11 -1.25862e-11 -1.25862e-11 -1.25862e-11 -1.79222e-11 -2.13059e-11 -1.48149e-11 -1.48149e-11 -1.48149e-11 -1.48149e-11 -1.48149e-11 -1.48149e-11 -1.48149e-11 -1.48149e-11 -1.48149e-11 -2.12869e-11 -2.54516e-11 -1.7568e-11 -1.7568e-11 -1.7568e-11 -1.7568e-11 -1.7568e-11 -1.7568e-11 -1.7568e-11 -1.7568e-11 -1.7568e-11 -2.54355e-11 -3.05897e-11 -2.09844e-11 -2.09844e-11 -2.09844e-11 -2.09844e-11 -2.09844e-11 -2.09844e-11 -2.09844e-11 -2.09844e-11 -2.09844e-11 -3.05762e-11 -3.69759e-11 -2.52344e-11 -2.52344e-11 -2.52344e-11 -2.52344e-11 -2.52344e-11 -2.52344e-11 -2.52344e-11 -2.52344e-11 -2.52344e-11 -3.69647e-11 -4.4926e-11 -3.05285e-11 -3.05285e-11 -3.05285e-11 -3.05285e-11 -3.05285e-11 -3.05285e-11 -3.05285e-11 -3.05285e-11 -3.05285e-11 -4.49169e-11 -5.4832e-11 -3.71275e-11 -3.71275e-11 -3.71275e-11 -3.71275e-11 -3.71275e-11 -3.71275e-11 -3.71275e-11 -3.71275e-11 -3.71275e-11 -5.48246e-11 -6.71813e-11 -4.53564e-11 -4.53564e-11 -4.53564e-11 -4.53564e-11 -4.53564e-11 -4.53564e-11 -4.53564e-11 -4.53564e-11 -4.53564e-11 -6.71753e-11 -9.07676e-11 -6.10752e-11 -6.10752e-11 -6.10752e-11 -6.10752e-11 -6.10752e-11 -6.10752e-11 -6.10752e-11 -6.10752e-11 -6.10752e-11 -9.07595e-11 -9.76702e-11 -6.56796e-11 -6.56796e-11 -6.56796e-11 -6.56796e-11 -6.56796e-11 -6.56796e-11 -6.56796e-11 -6.56796e-11 -6.56796e-11 -9.76743e-11 -7.96246e-11 -5.36526e-11 -5.36526e-11 -5.36526e-11 -5.36526e-11 -5.36526e-11 -5.36526e-11 -5.36526e-11 -5.36526e-11 -5.36526e-11 -7.96297e-11 -6.48092e-11 -4.37797e-11 -4.37797e-11 -4.37797e-11 -4.37797e-11 -4.37797e-11 -4.37797e-11 -4.37797e-11 -4.37797e-11 -4.37797e-11 -6.48154e-11 -5.29273e-11 -3.58637e-11 -3.58637e-11 -3.58637e-11 -3.58637e-11 -3.58637e-11 -3.58637e-11 -3.58637e-11 -3.58637e-11 -3.58637e-11 -5.2935e-11 -4.3395e-11 -2.95151e-11 -2.95151e-11 -2.95151e-11 -2.95151e-11 -2.95151e-11 -2.95151e-11 -2.95151e-11 -2.95151e-11 -2.95151e-11 -4.34045e-11 -3.57432e-11 -2.44216e-11 -2.44216e-11 -2.44216e-11 -2.44216e-11 -2.44216e-11 -2.44216e-11 -2.44216e-11 -2.44216e-11 -2.44216e-11 -3.57548e-11 -2.95947e-11 -2.03318e-11 -2.03318e-11 -2.03318e-11 -2.03318e-11 -2.03318e-11 -2.03318e-11 -2.03318e-11 -2.03318e-11 -2.03318e-11 -2.96086e-11 -2.46451e-11 -1.70432e-11 -1.70432e-11 -1.70432e-11 -1.70432e-11 -1.70432e-11 -1.70432e-11 -1.70432e-11 -1.70432e-11 -1.70432e-11 -2.46617e-11 -2.06481e-11 -1.43915e-11 -1.43915e-11 -1.43915e-11 -1.43915e-11 -1.43915e-11 -1.43915e-11 -1.43915e-11 -1.43915e-11 -1.43915e-11 -2.06676e-11 -1.74023e-11 -1.22424e-11 -1.22424e-11 -1.22424e-11 -1.22424e-11 -1.22424e-11 -1.22424e-11 -1.22424e-11 -1.22424e-11 -1.22424e-11 -1.74245e-11 -1.47413e-11 -1.04844e-11 -1.04844e-11 -1.04844e-11 -1.04844e-11 -1.04844e-11 -1.04844e-11 -1.04844e-11 -1.04844e-11 -1.04844e-11 -1.47653e-11 -1.25249e-11 -9.0226e-12 -9.0226e-12 -9.0226e-12 -9.0226e-12 -9.0226e-12 -9.0226e-12 -9.0226e-12 -9.0226e-12 -9.0226e-12 -1.25486e-11 -1.06322e-11 -7.77366e-12 -7.77366e-12 -7.77366e-12 -7.77366e-12 -7.77366e-12 -7.77366e-12 -7.77366e-12 -7.77366e-12 -7.77366e-12 -1.06515e-11 -8.95885e-12 -6.66337e-12 -6.66337e-12 -6.66337e-12 -6.66337e-12 -6.66337e-12 -6.66337e-12 -6.66337e-12 -6.66337e-12 -6.66337e-12 -8.96675e-12 -7.42125e-12 -5.62958e-12 -5.62958e-12 -5.62958e-12 -5.62958e-12 -5.62958e-12 -5.62958e-12 -5.62958e-12 -5.62958e-12 -5.62958e-12 -7.40816e-12 -5.97715e-12 -4.63905e-12 -4.63905e-12 -4.63905e-12 -4.63905e-12 -4.63905e-12 -4.63905e-12 -4.63905e-12 -4.63905e-12 -4.63905e-12 -5.93547e-12 -4.65901e-12 -3.71707e-12 -3.71707e-12 -3.71707e-12 -3.71707e-12 -3.71707e-12 -3.71707e-12 -3.71707e-12 -3.71707e-12 -3.71707e-12 -4.59419e-12 -3.56715e-12 -2.94515e-12 -2.94515e-12 -2.94515e-12 -2.94515e-12 -2.94515e-12 -2.94515e-12 -2.94515e-12 -2.94515e-12 -2.94515e-12 -3.50111e-12 -2.77514e-12 -2.38372e-12 -2.38372e-12 -2.38372e-12 -2.38372e-12 -2.38372e-12 -2.38372e-12 -2.38372e-12 -2.38372e-12 -2.38372e-12 -2.72501e-12 -2.24944e-12 -2.00933e-12 -2.00933e-12 -2.00933e-12 -2.00933e-12 -2.00933e-12 -2.00933e-12 -2.00933e-12 -2.00933e-12 -2.00933e-12 -2.21356e-12 -1.89425e-12 -1.7519e-12 -1.7519e-12 -1.7519e-12 -1.7519e-12 -1.7519e-12 -1.7519e-12 -1.7519e-12 -1.7519e-12 -1.7519e-12 -1.86329e-12 -1.72588e-12 -1.63829e-12 -1.63829e-12 -1.63829e-12 -1.63829e-12 -1.63829e-12 -1.63829e-12 -1.63829e-12 -1.63829e-12 -1.63829e-12 -1.72383e-12 -1.6332e-12 -1.6391e-12 -1.6391e-12 -1.6391e-12 -1.6391e-12 -1.6391e-12 -1.6391e-12 -1.6391e-12 -1.6391e-12 -1.6391e-12 -1.8151e-12
1.65616e-12 1.53494e-12 1.63484e-12 1.58068e-12 1.53538e-12 1.58068e-12 1.53538e-12 1.58068e-12 1.53538e-12 1.58068e-12 1.53538e-12 1.58068e-12 1.53539e-12 1.58069e-12 1.53547e-12 1.58073e-12 1.53544e-12 1.58066e-12 1.53535e-12 1.58065e-12 1.49487e-12 1.66362e-12 1.88062e-12 1.75721e-12 1.75721e-12 1.75721e-12 1.75721e-12 1.75721e-12 1.75721e-12 1.7572e-12 1.75719e-12 1.75719e-12 1.90005e-12 2.13688e-12 1.92995e-12 1.92995e-12 1.92995e-12 1.92995e-12 1.92995e-12 1.92995e-12 1.92995e-12 1.92994e-12 1.92994e-12 2.13973e-12 2.36113e-12 2.06704e-12 2.06704e-12 2.06704e-12 2.06704e-12 2.06704e-12 2.06704e-12 2.06704e-12 2.06704e-12 2.06704e-12 2.34251e-12 2.5234e-12 2.15359e-12 2.15359e-12 2.15359e-12 2.15359e-12 2.15359e-12 2.15359e-12 2.15359e-12 2.15359e-12 2.15359e-12 2.49096e-12 2.67004e-12 2.23246e-12 2.23246e-12 2.23246e-12 2.23246e-12 2.23246e-12 2.23246e-12 2.23246e-12 2.23246e-12 2.23246e-12 2.64171e-12 2.91494e-12 2.38653e-12 2.38653e-12 2.38653e-12 2.38653e-12 2.38653e-12 2.38653e-12 2.38653e-12 2.38653e-12 2.38653e-12 2.90115e-12 3.36033e-12 2.68333e-12 2.68333e-12 2.68333e-12 2.68333e-12 2.68333e-12 2.68333e-12 2.68333e-12 2.68333e-12 2.68333e-12 3.36013e-12 4.07031e-12 3.16255e-12 3.16255e-12 3.16255e-12 3.16255e-12 3.16255e-12 3.16255e-12 3.16255e-12 3.16255e-12 3.16255e-12 4.07915e-12 5.09755e-12 3.85663e-12 3.85663e-12 3.85663e-12 3.85663e-12 3.85663e-12 3.85663e-12 3.85663e-12 3.85663e-12 3.85663e-12 5.11143e-12 6.5038e-12 4.80489e-12 4.80489e-12 4.80489e-12 4.80489e-12 4.80489e-12 4.80489e-12 4.80489e-12 4.80489e-12 4.80489e-12 6.51994e-12 8.36755e-12 6.05843e-12 6.05843e-12 6.05843e-12 6.05843e-12 6.05843e-12 6.05843e-12 6.05843e-12 6.05843e-12 6.05843e-12 8.38411e-12 1.07881e-11 7.6827e-12 7.6827e-12 7.6827e-12 7.6827e-12 7.6827e-12 7.6827e-12 7.6827e-12 7.6827e-12 7.6827e-12 1.0804e-11 1.38904e-11 9.76056e-12 9.76056e-12 9.76056e-12 9.76056e-12 9.76056e-12 9.76056e-12 9.76056e-12 9.76056e-12 9.76056e-12 1.39049e-11 1.78311e-11 1.23963e-11 1.23963e-11 1.23963e-11 1.23963e-11 1.23963e-11 1.23963e-11 1.23963e-11 1.23963e-11 1.23963e-11 1.7844e-11 2.2807e-11 1.57211e-11 1.57211e-11 1.57211e-11 1.57211e-11 1.57211e-11 1.57211e-11 1.57211e-11 1.57211e-11 1.57211e-11 2.28182e-11 2.90646e-11 1.98992e-11 1.98992e-11 1.98992e-11 1.98992e-11 1.98992e-11 1.98992e-11 1.98992e-11 1.98992e-11 1.98992e-11 2.90742e-11 3.69125e-11 2.51365e-11 2.51365e-11 2.51365e-11 2.51365e-11 2.51365e-11 2.51365e-11 2.51365e-11 2.51365e-11 2.51365e-11 3.69206e-11 4.67372e-11 3.16907e-11 3.16907e-11 3.16907e-11 3.16907e-11 3.16907e-11 3.16907e-11 3.16907e-11 3.16907e-11 3.16907e-11 4.67439e-11 5.90216e-11 3.9884e-11 3.9884e-11 3.9884e-11 3.9884e-11 3.9884e-11 3.9884e-11 3.9884e-11 3.9884e-11 3.9884e-11 5.90271e-11 8.25581e-11 5.55801e-11 5.55801e-11 5.55801e-11 5.55801e-11 5.55801e-11 5.55801e-11 5.55801e-11 5.55801e-11 5.55801e-11 8.25658e-11 8.94503e-11 6.01724e-11 6.01724e-11 6.01724e-11 6.01724e-11 6.01724e-11 6.01724e-11 6.01724e-11 6.01724e-11 6.01724e-11 8.94465e-11 7.14261e-11 4.81531e-11 4.81531e-11 4.81531e-11 4.81531e-11 4.81531e-11 4.81531e-11 4.81531e-11 4.81531e-11 4.81531e-11 7.14214e-11 5.66667e-11 3.83097e-11 3.83097e-11 3.83097e-11 3.83097e-11 3.83097e-11 3.83097e-11 3.83097e-11 3.83097e-11 3.83097e-11 5.6661e-11 4.4855e-11 3.04306e-11 3.04306e-11 3.04306e-11 3.04306e-11 3.04306e-11 3.04306e-11 3.04306e-11 3.04306e-11 3.04306e-11 4.48481e-11 3.54105e-11 2.41287e-11 2.41287e-11 2.41287e-11 2.41287e-11 2.41287e-11 2.41287e-11 2.41287e-11 2.41287e-11 2.41287e-11 3.54022e-11 2.78688e-11 1.90943e-11 1.90943e-11 1.90943e-11 1.90943e-11 1.90943e-11 1.90943e-11 1.90943e-11 1.90943e-11 1.90943e-11 2.78589e-11 2.18582e-11 1.50796e-11 1.50796e-11 1.50796e-11 1.50796e-11 1.50796e-11 1.50796e-11 1.50796e-11 1.50796e-11 1.50796e-11 2.18467e-11 1.70819e-11 1.18866e-11 1.18866e-11 1.18866e-11 1.18866e-11 1.18866e-11 1.18866e-11 1.18866e-11 1.18866e-11 1.18866e-11 1.70687e-11 1.33029e-11 9.3574e-12 9.3574e-12 9.3574e-12 9.3574e-12 9.3574e-12 9.3574e-12 9.3574e-12 9.3574e-12 9.3574e-12 1.32881e-11 1.03319e-11 7.36603e-12 7.36603e-12 7.36603e-12 7.36603e-12 7.36603e-12 7.36603e-12 7.36603e-12 7.36603e-12 7.36603e-12 1.03159e-11 8.01791e-12 5.8123e-12 5.8123e-12 5.8123e-12 5.8123e-12 5.8123e-12 5.8123e-12 5.8123e-12 5.8123e-12 5.8123e-12 8.00131e-12 6.24036e-12 4.61665e-12 4.61665e-12 4.61665e-12 4.61665e-12 4.61665e-12 4.61665e-12 4.61665e-12 4.61665e-12 4.61665e-12 6.22445e-12 4.90315e-12 3.71635e-12 3.71635e-12 3.71635e-12 3.71635e-12 3.71635e-12 3.71635e-12 3.71635e-12 3.71635e-12 3.71635e-12 4.8899e-12 3.93006e-12 3.06256e-12 3.06256e-12 3.06256e-12 3.06256e-12 3.06256e-12 3.06256e-12 3.06256e-12 3.06256e-12 3.06256e-12 3.92246e-12 3.26049e-12 2.61767e-12 2.61767e-12 2.61767e-12 2.61767e-12 2.61767e-12 2.61767e-12 2.61767e-12 2.61767e-12 2.61767e-12 3.26273e-12 2.84163e-12 2.34942e-12 2.34942e-12 2.34942e-12 2.34942e-12 2.34942e-12 2.34942e-12 2.34942e-12 2.34942e-12 2.34942e-12 2.85811e-12 2.60913e-12 2.21456e-12 2.21456e-12 2.21456e-12 2.21456e-12 2.21456e-12 2.21456e-12 2.21456e-12 2.21456e-12 2.21456e-12 2.63935e-12 2.46644e-12 2.14031e-12 2.14031e-12 2.14031e-12 2.14031e-12 2.14031e-12 2.14031e-12 2.14031e-12 2.14031e-12 2.14031e-12 2.49774e-12 2.31069e-12 2.04647e-12 2.04647e-12 2.04647e-12 2.04647e-12 2.04647e-12 2.04647e-12 2.04647e-12 2.04647e-12 2.04647e-12 2.32569e-12 2.09897e-12 1.90114e-12 1.90114e-12 1.90114e-12 1.90114e-12 1.90114e-12 1.90114e-12 1.90114e-12 1.90114e-12 1.90114e-12 2.0927e-12 1.85738e-12 1.72571e-12 1.72571e-12 1.72571e-12 1.72571e-12 1.72571e-12 1.72571e-12 1.72571e-12 1.72571e-12 1.72571e-12 1.83583e-12 1.71901e-12 1.6334e-12 1.6334e-12 1.6334e-12 1.6334e-12 1.6334e-12 1.6334e-12 1.6334e-12 1.6334e-12 1.6334e-12 1.71892e-12 1.63168e-12 1.63795e-12 1.63795e-12 1.63795e-12 1.63795e-12 1.63795e-12 1.63795e-12 1.63795e-12 1.63795e-12 1.63795e-12 1.81371e-12
0 0 0 0 0 0 0 0 0 0 0 0 0 0 0 0 0 0 0 0 0 0 0 0 0 0 0 0 0 0 0 0 0 0 0 0 0 0 0 0 0 0 0 0 0 0 0 0 0 0 0 0 0 0 0 0 0 0 0 0 0 0 0 0 0 0 0 0 0 0 0 0 0 0 0 0 0 0 0 0 0 0 0 0 0 0 0 0 0 0 0 0 0 0 0 0 0 0 0 0 0 0 0 0 0 0 0 0 0 0 0 0 0 0 0 0 0 0 0 0 0 0 0 0 0 0 0 0 0 0 0 0 0 0 0 0 0 0 0 0 0 0 0 0 0 0 0 0 0 0 0 0 0 0 0 0 0 0 0 0 0 0 0 0 0 0 0 0 0 0 0 0 0 0 0 0 0 0 0 0 0 0 0 0 0 0 0 0 0 0 0 0 0 0 0 0 0 0 0 0 0 0 0 0 0 0 0 0 0 0 0 0 0 0 0 0 0 0 0 0 0 0 0 0 0 0 0 0 0 0 0 0 0 0 0 0 0 0 0 0 0 0 0 0 0 0 0 0 0 0 0 0 0 0 0 0 0 0 0 0 0 0 0 0 0 0 0 0 0 0 0 0 0 0 0 0 0 0 0 0 0 0 0 0 0 0 0 0 0 0 0 0 0 0 0 0 0 0 0 0 0 0 0 0 0 0 0 0 0 0 0 0 0 0 0 0 0 0 0 0 0 0 0 0 0 0 0 0 0 0 0 0 0 0 0 0 0 0 0 0 0 0 0 0 0 0 0 0 0 0 0 0 0 0 0 0 0 0 0 0 0 0 0 0 0 0 0 0 0 0 0 0 0 0 0 0 0 0 0 0 0 0 0 0 0 0 0 0 0 0 0 0 0 0 0 0 0 0 0 0 0 0 0 0 0 0 0 0 0 0 0 0 0 0 0 0 0 0 0 0 0 0 0 0 0 0 0 0 0 0 0 0 0 0 0 0 0 0 0 0 0 0 0 0 0 0 0 0 0 0 0 0 0 0 0 0 0 0 0 0 0 0 0 0 0 0 0 0 0 0 0 0 0 0 0 0 0 0 0 0 0 0 0 0 0 0 0 0 0 0 0 0 0 0 0
0 0 0 0 0 0 0 0 0 0 0 0 0 0 0 0 0 0 0 0 0 0 0 0 0 0 0 0 0 0 0 0 0 0 0 0 0 0 0 0 0 0 0 0 0 0 0 0 0 0 0 0 0 0 0 0 0 0 0 0 0 0 0 0 0 0 0 0 0 0 0 0 0 0 0 0 0 0 0 0 0 0 0 0 0 0 0 0 0 0 0 0 0 0 0 0 0 0 0 0 0 0 0 0 0 0 0 0 0 0 0 0 0 0 0 0 0 0 0 0 0 0 0 0 0 0 0 0 0 0 0 0 0 0 0 0 0 0 0 0 0 0 0 0 0 0 0 0 0 0 0 0 0 0 0 0 0 0 0 0 0 0 0 0 0 0 0 0 0 0 0 0 0 0 0 0 0 0 0 0 0 0 0 0 0 0 0 0 0 0 0 0 0 0 0 0 0 0 0 0 0 0 0 0 0 0 0 0 0 0 0 0 0 0 0 0 0 0 0 0 0 0 0 0 0 0 0 0 0 0 0 0 0 0 0 0 0 0 0 0 0 0 0 0 0 0 0 0 0 0 0 0 0 0 0 0 0 0 0 0 0 0 0 0 0 0 0 0 0 0 0 0 0 0 0 0 0 0 0 0 0 0 0 0 0 0 0 0 0 0 0 0 0 0 0 0 0 0 0 0 0 0 0 0 0 0 0 0 0 0 0 0 0 0 0 0 0 0 0 0 0 0 0 0 0 0 0 0 0 0 0 0 0 0 0 0 0 0 0 0 0 0 0 0 0 0 0 0 0 0 0 0 0 0 0 0 0 0 0 0 0 0 0 0 0 0 0 0 0 0 0 0 0 0 0 0 0 0 0 0 0 0 0 0 0 0 0 0 0 0 0 0 0 0 0 0 0 0 0 0 0 0 0 0 0 0 0 0 0 0 0 0 0 0 0 0 0 0 0 0 0 0 0 0 0 0 0 0 0 0 0 0 0 0 0 0 0 0 0 0 0 0 0 0 0 0 0 0 0 0 0 0 0 0 0 0 0 0 0 0 0 0 0 0 0 0 0 0 0 0 0 0 0 0 0 0 0 0 0 0 0 0 0 0 0 0 0 0 0 0 0 0 0 0 0
1.5041 1.38824 1.49639 1.44168 1.37021 1.42376 1.33516 1.38986 1.27511 1.33277 1.17501 1.24008 1.00436 1.09109 0.689342 0.852388 0.250932 0.596576 0.12156 0.506862 0.147243 0.549836 1.77354 1.65533 1.63965 1.61029 1.56164 1.48527 1.37101 1.21554 1.05975 0.981182 1.07509 2.1997 1.99102 1.97865 1.95569 1.91815 1.86061 1.77815 1.67338 1.5716 1.51352 1.71558 3.03024 2.66722 2.65801 2.64099 2.61339 2.57169 2.51334 2.44156 2.37285 2.33157 2.75595 5.04466 4.32893 4.32206 4.3094 4.28897 4.25836 4.21607 4.16487 4.11617 4.08615 5.04615 10.6996 8.95001 8.94459 8.93462 8.91856 8.89459 8.8617 8.82219 8.78467 8.7612 11.2425 27.971 22.7596 22.755 22.7464 22.7326 22.712 22.6839 22.6502 22.6182 22.598 29.8531 81.8235 64.6944 64.69 64.6819 64.669 64.6497 64.6234 64.5919 64.5619 64.5428 87.0696 243.192 187.055 187.051 187.043 187.029 187.01 186.984 186.952 186.922 186.902 256.133 688.683 516.697 516.692 516.684 516.67 516.649 516.621 516.588 516.556 516.535 716.932 1797.85 1320.08 1320.08 1320.07 1320.05 1320.03 1320 1319.96 1319.93 1319.9 1852.13 4274.82 3082.15 3082.15 3082.14 3082.12 3082.09 3082.06 3082.02 3081.98 3081.95 4366.86 9259.01 6575.64 6575.63 6575.62 6575.6 6575.57 6575.53 6575.48 6575.43 6575.4 9397.83 18386.7 12897.4 12897.4 12897.4 12897.4 12897.3 12897.3 12897.2 12897.2 12897.1 18575.3 33791 23465.9 23465.8 23465.8 23465.8 23465.8 23465.7 23465.6 23465.6 23465.5 34024.8 58062.2 39995.2 39995.2 39995.2 39995.2 39995.1 39995 39994.9 39994.9 39994.8 58330.4 94213.9 64476.3 64476.2 64476.2 64476.2 64476.1 64476 64475.9 64475.8 64475.7 94502 145696 99188.7 99188.7 99188.7 99188.6 99188.5 99188.4 99188.3 99188.2 99188.1 145989 216478 146761 146761 146761 146761 146761 146761 146761 146760 146760 216762 311212 210280 210280 210280 210280 210280 210280 210280 210279 210279 311478 480901 323728 323728 323727 323727 323727 323727 323727 323726 323726 481125 562317 378281 378281 378281 378281 378280 378280 378280 378280 378279 562537 500931 337733 337733 337733 337733 337732 337732 337732 337732 337732 501234 455193 307764 307764 307764 307764 307764 307763 307763 307763 307763 455618 426106 289121 289121 289121 289121 289120 289120 289120 289120 289120 426719 413633 281908 281908 281908 281908 281907 281907 281907 281907 281907 414544 419644 287604 287604 287604 287604 287604 287604 287604 287603 287603 421053 449010 309890 309890 309890 309889 309889 309889 309889 309889 309889 451293 511908 356407 356407 356407 356407 356407 356407 356407 356407 356407 515819 628794 442602 442602 442602 442602 442602 442602 442602 442602 442602 635941 841517 600441 600441 600441 600441 600441 600441 600441 600441 600440 855553 1.23905e+06 899029 899029 899029 899029 899028 899028 899028 899028 899028 1.26885e+06 2.01853e+06 1.49478e+06 1.49478e+06 1.49478e+06 1.49478e+06 1.49478e+06 1.49478e+06 1.49478e+06 1.49478e+06 1.49478e+06 2.0869e+06 3.62743e+06 2.75249e+06 2.75249e+06 2.75249e+06 2.75249e+06 2.75249e+06 2.75249e+06 2.75249e+06 2.75249e+06 2.75249e+06 3.79497e+06 7.05932e+06 5.51037e+06 5.51037e+06 5.51037e+06 5.51037e+06 5.51037e+06 5.51037e+06 5.51037e+06 5.51037e+06 5.51037e+06 7.48401e+06 1.42582e+07 1.14843e+07 1.14843e+07 1.14843e+07 1.14843e+07 1.14843e+07 1.14843e+07 1.14843e+07 1.14843e+07 1.14843e+07 1.53007e+07 2.78213e+07 2.31374e+07 2.31374e+07 2.31374e+07 2.31374e+07 2.31374e+07 2.31374e+07 2.31374e+07 2.31374e+07 2.31374e+07 3.00339e+07 4.799e+07 4.10561e+07 4.10561e+07 4.10561e+07 4.10561e+07 4.10561e+07 4.10561e+07 4.10561e+07 4.10561e+07 4.10561e+07 5.14621e+07 6.83065e+07 5.96914e+07 5.96914e+07 5.96914e+07 5.96914e+07 5.96914e+07 5.96914e+07 5.96914e+07 5.96914e+07 5.96914e+07 7.17474e+07 7.92068e+07 7.04272e+07 7.04272e+07 7.04272e+07 7.04272e+07 7.04272e+07 7.04272e+07 7.04272e+07 7.04272e+07 7.04272e+07 8.10702e+07 7.84317e+07 7.11427e+07 7.11427e+07 7.11427e+07 7.11427e+07 7.11427e+07 7.11427e+07 7.11427e+07 7.11427e+07 7.11427e+07 7.86368e+07 7.12509e+07 6.62237e+07 6.62237e+07 6.62237e+07 6.62237e+07 6.62237e+07 6.62237e+07 6.62237e+07 6.62237e+07 6.62237e+07 7.05182e+07 6.63369e+07 6.30374e+07 6.30374e+07 6.30374e+07 6.30374e+07 6.30374e+07 6.30374e+07 6.30374e+07 6.30374e+07 6.30374e+07 6.63509e+07 6.30304e+07 6.32728e+07 6.32728e+07 6.32728e+07 6.32728e+07 6.32728e+07 6.32728e+07 6.32728e+07 6.32728e+07 6.32728e+07 7.0062e+07
-1.5041 -1.38824 -1.49639 -1.44168 -1.37021 -1.42376 -1.33516 -1.38986 -1.27511 -1.33277 -1.17501 -1.24008 -1.00436 -1.09109 -0.689342 -0.852388 -0.250932 -0.596576 -0.12156 -0.506862 -0.147243 -0.549836 -1.77354 -1.65533 -1.63965 -1.61029 -1.56164 -1.48527 -1.37101 -1.21554 -1.05975 -0.981182 -1.07509 -2.1997 -1.99102 -1.97865 -1.95569 -1.91815 -1.86061 -1.77815 -1.67338 -1.5716 -1.51352 -1.71558 -3.03024 -2.66722 -2.65801 -2.64099 -2.61339 -2.57169 -2.51334 -2.44156 -2.37285 -2.33157 -2.75595 -5.04466 -4.32893 -4.32206 -4.3094 -4.28897 -4.25836 -4.21607 -4.16487 -4.11617 -4.08615 -5.04615 -10.6996 -8.95001 -8.94459 -8.93462 -8.91856 -8.89459 -8.8617 -8.82219 -8.78467 -8.7612 -11.2425 -27.971 -22.7596 -22.755 -22.7464 -22.7326 -22.712 -22.6839 -22.6502 -22.6182 -22.598 -29.8531 -81.8235 -64.6944 -64.69 -64.6819 -64.669 -64.6497 -64.6234 -64.5919 -64.5619 -64.5428 -87.0696 -243.192 -187.055 -187.051 -187.043 -187.029 -187.01 -186.984 -186.952 -186.922 -186.902 -256.133 -688.683 -516.697 -516.692 -516.684 -516.67 -516.649 -516.621 -516.588 -516.556 -516.535 -716.932 -1797.85 -1320.08 -1320.08 -1320.07 -1320.05 -1320.03 -1320 -1319.96 -1319.93 -1319.9 -1852.13 -4274.82 -3082.15 -3082.15 -3082.14 -3082.12 -3082.09 -3082.06 -3082.02 -3081.98 -3081.95 -4366.86 -9259.01 -6575.64 -6575.63 -6575.62 -6575.6 -6575.57 -6575.53 -6575.48 -6575.43 -6575.4 -9397.83 -18386.7 -12897.4 -12897.4 -12897.4 -12897.4 -12897.3 -12897.3 -12897.2 -12897.2 -12897.1 -18575.3 -33791 -23465.9 -23465.8 -23465.8 -23465.8 -23465.8 -23465.7 -23465.6 -23465.6 -23465.5 -34024.8 -58062.2 -39995.2 -39995.2 -39995.2 -39995.2 -39995.1 -39995 -39994.9 -39994.9 -39994.8 -58330.4 -94213.9 -64476.3 -64476.2 -64476.2 -64476.2 -64476.1 -64476 -64475.9 -64475.8 -64475.7 -94502 -145696 -99188.7 -99188.7 -99188.7 -99188.6 -99188.5 -99188.4 -99188.3 -99188.2 -99188.1 -145989 -216478 -146761 -146761 -146761 -146761 -146761 -146761 -146761 -146760 -146760 -216762 -311212 -210280 -210280 -210280 -210280 -210280 -210280 -210280 -210279 -210279 -311478 -480901 -323728 -323728 -323727 -323727 -323727 -323727 -323727 -323726 -323726 -481125 -562317 -378281 -378281 -378281 -378281 -378280 -378280 -378280 -378280 -378279 -562537 -500931 -337733 -337733 -337733 -337733 -337732 -337732 -337732 -337732 -337732 -501234 -455193 -307764 -307764 -307764 -307764 -307764 -307763 -307763 -307763 -307763 -455618 -426106 -289121 -289121 -289121 -289121 -289120 -289120 -289120 -289120 -289120 -426719 -413633 -281908 -281908 -281908 -281908 -281907 -281907 -281907 -281907 -281907 -414544 -419644 -287604 -287604 -287604 -287604 -287604 -287604 -287604 -287603 -287603 -421053 -449010 -309890 -309890 -309890 -309889 -309889 -309889 -309889 -309889 -309889 -451293 -511908 -356407 -356407 -356407 -356407 -356407 -356407 -356407 -356407 -356407 -515819 -628794 -442602 -442602 -442602 -442602 -442602 -442602 -442602 -442602 -442602 -635941 -841517 -600441 -600441 -600441 -600441 -600441 -600441 -600441 -600441 -600440 -855553 -1.23905e+06 -899029 -899029 -899029 -899029 -899028 -899028 -899028 -899028 -899028 -1.26885e+06 -2.01853e+06 -1.49478e+06 -1.49478e+06 -1.49478e+06 -1.49478e+06 -1.49478e+06 -1.49478e+06 -1.49478e+06 -1.49478e+06 -1.49478e+06 -2.0869e+06 -3.62743e+06 -2.75249e+06 -2.75249e+06 -2.75249e+06 -2.75249e+06 -2.75249e+06 -2.75249e+06 -2.75249e+06 -2.75249e+06 -2.75249e+06 -3.79497e+06 -7.05932e+06 -5.51037e+06 -5.51037e+06 -5.51037e+06 -5.51037e+06 -5.51037e+06 -5.51037e+06 -5.51037e+06 -5.51037e+06 -5.51037e+06 -7.48401e+06 -1.42582e+07 -1.14843e+07 -1.14843e+07 -1.14843e+07 -1.14843e+07 -1.14843e+07 -1.14843e+07 -1.14843e+07 -1.14843e+07 -1.14843e+07 -1.53007e+07 -2.78213e+07 -2.31374e+07 -2.31374e+07 -2.31374e+07 -2.31374e+07 -2.31374e+07 -2.31374e+07 -2.31374e+07 -2.31374e+07 -2.31374e+07 -3.00339e+07 -4.799e+07 -4.10561e+07 -4.10561e+07 -4.10561e+07 -4.10561e+07 -4.10561e+07 -4.10561e+07 -4.10561e+07 -4.10561e+07 -4.10561e+07 -5.14621e+07 -6.83065e+07 -5.96914e+07 -5.96914e+07 -5.96914e+07 -5.96914e+07 -5.96914e+07 -5.96914e+07 -5.96914e+07 -5.96914e+07 -5.96914e+07 -7.17474e+07 -7.92068e+07 -7.04272e+07 -7.04272e+07 -7.04272e+07 -7.04272e+07 -7.04272e+07 -7.04272e+07 -7.04272e+07 -7.04272e+07 -7.04272e+07 -8.10702e+07 -7.84317e+07 -7.11427e+07 -7.11427e+07 -7.11427e+07 -7.11427e+07 -7.11427e+07 -7.11427e+07 -7.11427e+07 -7.11427e+07 -7.11427e+07 -7.86368e+07 -7.12509e+07 -6.62237e+07 -6.62237e+07 -6.62237e+07 -6.62237e+07 -6.62237e+07 -6.62237e+07 -6.62237e+07 -6.62237e+07 -6.62237e+07 -7.05182e+07 -6.63369e+07 -6.30374e+07 -6.30374e+07 -6.30374e+07 -6.30374e+07 -6.30374e+07 -6.30374e+07 -6.30374e+07 -6.30374e+07 -6.30374e+07 -6.63509e+07 -6.30304e+07 -6.32728e+07 -6.32728e+07 -6.32728e+07 -6.32728e+07 -6.32728e+07 -6.32728e+07 -6.32728e+07 -6.32728e+07 -6.32728e+07 -7.0062e+07
2.34928e+10 2.34179e+10 2.35355e+10 2.35292e+10 2.32686e+10 2.32696e+10 2.28104e+10 2.2757e+10 2.20001e+10 2.18828e+10 2.06457e+10 2.04585e+10 1.83776e+10 1.81711e+10 1.43852e+10 1.45256e+10 6.4602e+09 8.92018e+09 2.44249e+09 7.15918e+09 2.76543e+09 6.04728e+09 2.38311e+10 2.38169e+10 2.35579e+10 2.30727e+10 2.22648e+10 2.09821e+10 1.90253e+10 1.6293e+10 1.36908e+10 1.23977e+10 1.25055e+10 2.47111e+10 2.48621e+10 2.46747e+10 2.43276e+10 2.3759e+10 2.28839e+10 2.1623e+10 2.00197e+10 1.85152e+10 1.76544e+10 1.7801e+10 2.73202e+10 2.79279e+10 2.78034e+10 2.75744e+10 2.72036e+10 2.66438e+10 2.58627e+10 2.49109e+10 2.40255e+10 2.34898e+10 2.38422e+10 3.48644e+10 3.66981e+10 3.66182e+10 3.64716e+10 3.62358e+10 3.58838e+10 3.54009e+10 3.48246e+10 3.42898e+10 3.39568e+10 3.48953e+10 5.58624e+10 6.09803e+10 6.09274e+10 6.08303e+10 6.06746e+10 6.04434e+10 6.0129e+10 5.97571e+10 5.94113e+10 5.91917e+10 6.17491e+10 1.13393e+11 1.2742e+11 1.27382e+11 1.27312e+11 1.272e+11 1.27035e+11 1.2681e+11 1.26546e+11 1.26299e+11 1.26139e+11 1.33138e+11 2.67945e+11 3.05412e+11 3.05382e+11 3.05327e+11 3.05239e+11 3.05109e+11 3.04933e+11 3.04726e+11 3.04532e+11 3.04406e+11 3.23119e+11 6.62231e+11 7.56174e+11 7.56148e+11 7.56102e+11 7.56028e+11 7.55918e+11 7.5577e+11 7.55596e+11 7.55433e+11 7.55326e+11 8.02274e+11 1.5845e+12 1.79796e+12 1.79794e+12 1.7979e+12 1.79783e+12 1.79774e+12 1.7976e+12 1.79745e+12 1.79731e+12 1.79721e+12 1.90392e+12 3.51767e+12 3.94859e+12 3.94857e+12 3.94853e+12 3.94847e+12 3.94838e+12 3.94826e+12 3.94812e+12 3.94799e+12 3.9479e+12 4.16333e+12 7.11654e+12 7.88524e+12 7.88522e+12 7.88518e+12 7.88512e+12 7.88504e+12 7.88493e+12 7.8848e+12 7.88467e+12 7.88459e+12 8.26892e+12 1.30746e+13 1.42919e+13 1.42919e+13 1.42918e+13 1.42918e+13 1.42917e+13 1.42916e+13 1.42915e+13 1.42913e+13 1.42913e+13 1.48999e+13 2.19127e+13 2.36415e+13 2.36415e+13 2.36414e+13 2.36414e+13 2.36413e+13 2.36412e+13 2.36411e+13 2.3641e+13 2.36409e+13 2.45052e+13 3.37877e+13 3.60173e+13 3.60173e+13 3.60172e+13 3.60172e+13 3.60171e+13 3.6017e+13 3.60169e+13 3.60168e+13 3.60167e+13 3.71315e+13 4.84147e+13 5.10607e+13 5.10607e+13 5.10607e+13 5.10606e+13 5.10606e+13 5.10605e+13 5.10603e+13 5.10602e+13 5.10602e+13 5.23832e+13 6.5132e+13 6.80584e+13 6.80584e+13 6.80584e+13 6.80583e+13 6.80582e+13 6.80581e+13 6.8058e+13 6.80579e+13 6.80578e+13 6.9521e+13 8.30629e+13 8.61135e+13 8.61135e+13 8.61135e+13 8.61134e+13 8.61134e+13 8.61133e+13 8.61131e+13 8.6113e+13 8.61129e+13 8.76382e+13 1.01298e+14 1.04326e+14 1.04326e+14 1.04326e+14 1.04326e+14 1.04326e+14 1.04326e+14 1.04326e+14 1.04326e+14 1.04325e+14 1.05839e+14 1.1904e+14 1.21927e+14 1.21927e+14 1.21927e+14 1.21927e+14 1.21926e+14 1.21926e+14 1.21926e+14 1.21926e+14 1.21926e+14 1.23369e+14 1.35684e+14 1.38346e+14 1.38346e+14 1.38346e+14 1.38346e+14 1.38346e+14 1.38346e+14 1.38346e+14 1.38345e+14 1.38345e+14 1.39676e+14 1.49642e+14 1.51633e+14 1.51633e+14 1.51633e+14 1.51633e+14 1.51633e+14 1.51633e+14 1.51633e+14 1.51633e+14 1.51632e+14 1.52628e+14 1.63697e+14 1.66391e+14 1.66391e+14 1.66391e+14 1.66391e+14 1.66391e+14 1.66391e+14 1.66391e+14 1.66391e+14 1.66391e+14 1.67738e+14 1.82964e+14 1.86692e+14 1.86692e+14 1.86692e+14 1.86691e+14 1.86691e+14 1.86691e+14 1.86691e+14 1.86691e+14 1.86691e+14 1.88555e+14 2.10007e+14 2.15294e+14 2.15294e+14 2.15294e+14 2.15294e+14 2.15294e+14 2.15294e+14 2.15294e+14 2.15294e+14 2.15293e+14 2.17937e+14 2.49041e+14 2.56766e+14 2.56766e+14 2.56766e+14 2.56766e+14 2.56766e+14 2.56766e+14 2.56766e+14 2.56766e+14 2.56766e+14 2.60628e+14 3.07331e+14 3.19036e+14 3.19036e+14 3.19036e+14 3.19035e+14 3.19035e+14 3.19035e+14 3.19035e+14 3.19035e+14 3.19035e+14 3.24887e+14 3.98034e+14 4.16563e+14 4.16563e+14 4.16563e+14 4.16563e+14 4.16563e+14 4.16563e+14 4.16563e+14 4.16563e+14 4.16563e+14 4.25827e+14 5.46326e+14 5.77228e+14 5.77228e+14 5.77228e+14 5.77228e+14 5.77228e+14 5.77228e+14 5.77227e+14 5.77227e+14 5.77227e+14 5.92678e+14 8.03371e+14 8.58151e+14 8.58151e+14 8.58151e+14 8.58151e+14 8.58151e+14 8.5815e+14 8.5815e+14 8.5815e+14 8.5815e+14 8.8554e+14 1.28017e+15 1.38432e+15 1.38432e+15 1.38432e+15 1.38432e+15 1.38432e+15 1.38432e+15 1.38432e+15 1.38432e+15 1.38432e+15 1.4364e+15 2.23459e+15 2.44858e+15 2.44858e+15 2.44858e+15 2.44858e+15 2.44858e+15 2.44858e+15 2.44858e+15 2.44858e+15 2.44858e+15 2.55558e+15 4.30708e+15 4.78392e+15 4.78392e+15 4.78392e+15 4.78392e+15 4.78392e+15 4.78392e+15 4.78392e+15 4.78392e+15 4.78392e+15 5.02233e+15 9.17884e+15 1.03259e+16 1.03259e+16 1.03259e+16 1.03259e+16 1.03259e+16 1.03259e+16 1.03259e+16 1.03259e+16 1.03259e+16 1.08995e+16 2.13776e+16 2.42967e+16 2.42967e+16 2.42967e+16 2.42967e+16 2.42967e+16 2.42967e+16 2.42967e+16 2.42967e+16 2.42967e+16 2.57563e+16 5.2619e+16 6.01137e+16 6.01137e+16 6.01137e+16 6.01137e+16 6.01137e+16 6.01137e+16 6.01137e+16 6.01137e+16 6.01137e+16 6.38611e+16 1.28353e+17 1.46102e+17 1.46102e+17 1.46102e+17 1.46102e+17 1.46102e+17 1.46102e+17 1.46102e+17 1.46102e+17 1.46102e+17 1.54977e+17 2.82767e+17 3.16488e+17 3.16488e+17 3.16488e+17 3.16488e+17 3.16488e+17 3.16488e+17 3.16488e+17 3.16488e+17 3.16488e+17 3.33349e+17 5.15044e+17 5.58749e+17 5.58749e+17 5.58749e+17 5.58749e+17 5.58749e+17 5.58749e+17 5.58749e+17 5.58749e+17 5.58749e+17 5.80601e+17 7.50531e+17 7.85322e+17 7.85322e+17 7.85322e+17 7.85322e+17 7.85322e+17 7.85322e+17 7.85322e+17 7.85322e+17 7.85322e+17 8.02717e+17 9.06256e+17 9.23374e+17 9.23374e+17 9.23374e+17 9.23374e+17 9.23374e+17 9.23374e+17 9.23374e+17 9.23374e+17 9.23374e+17 9.31932e+17 9.74328e+17 9.79901e+17 9.79901e+17 9.79901e+17 9.79901e+17 9.79901e+17 9.79901e+17 9.79901e+17 9.79901e+17 9.79901e+17 9.82688e+17 9.94819e+17 9.96076e+17 9.96076e+17 9.96076e+17 9.96076e+17 9.96076e+17 9.96076e+17 9.96076e+17 9.96076e+17 9.96076e+17 9.96705e+17 9.9906e+17 9.99295e+17 9.99295e+17 9.99295e+17 9.99295e+17 9.99295e+17 9.99295e+17 9.99295e+17 9.99295e+17 9.99295e+17 9.99295e+17
2.35105e+10 2.34078e+10 2.37184e+10 2.35817e+10 2.29635e+10 2.32456e+10 2.22607e+10 2.26331e+10 2.10783e+10 2.16117e+10 1.9111e+10 1.99509e+10 1.57236e+10 1.72464e+10 9.31006e+09 1.27537e+10 2.44249e+09 1.01814e+10 2.07407e+09 9.03264e+09 2.64881e+09 1.10131e+10 2.43865e+10 2.44221e+10 2.42117e+10 2.38208e+10 2.31781e+10 2.21823e+10 2.07295e+10 1.88376e+10 1.69809e+10 1.59855e+10 1.65253e+10 2.6343e+10 2.66194e+10 2.64771e+10 2.62146e+10 2.57881e+10 2.51408e+10 2.42291e+10 2.31001e+10 2.20234e+10 2.13902e+10 2.22468e+10 3.20716e+10 3.29708e+10 3.28795e+10 3.27116e+10 3.24406e+10 3.20344e+10 3.14733e+10 3.07957e+10 3.01572e+10 2.97652e+10 3.17383e+10 4.81575e+10 5.07052e+10 5.06459e+10 5.05368e+10 5.03615e+10 5.01004e+10 4.97434e+10 4.93178e+10 4.89182e+10 4.86665e+10 5.38477e+10 9.23335e+10 9.93392e+10 9.92977e+10 9.92214e+10 9.90989e+10 9.89172e+10 9.86702e+10 9.83774e+10 9.81026e+10 9.79265e+10 1.11974e+11 2.1173e+11 2.30457e+11 2.30426e+11 2.30367e+11 2.30273e+11 2.30134e+11 2.29946e+11 2.29723e+11 2.29514e+11 2.29378e+11 2.66846e+11 5.21304e+11 5.6827e+11 5.68244e+11 5.68196e+11 5.68118e+11 5.68003e+11 5.67847e+11 5.67664e+11 5.67492e+11 5.67379e+11 6.61313e+11 1.26429e+12 1.37102e+12 1.371e+12 1.37095e+12 1.37089e+12 1.37079e+12 1.37065e+12 1.37049e+12 1.37034e+12 1.37024e+12 1.58369e+12 2.87129e+12 3.08675e+12 3.08672e+12 3.08669e+12 3.08662e+12 3.08653e+12 3.08641e+12 3.08627e+12 3.08613e+12 3.08604e+12 3.51694e+12 5.96349e+12 6.34783e+12 6.34781e+12 6.34778e+12 6.34772e+12 6.34763e+12 6.34752e+12 6.34739e+12 6.34726e+12 6.34718e+12 7.11585e+12 1.12486e+13 1.18573e+13 1.18572e+13 1.18572e+13 1.18572e+13 1.18571e+13 1.1857e+13 1.18568e+13 1.18567e+13 1.18566e+13 1.30739e+13 1.93196e+13 2.0184e+13 2.0184e+13 2.01839e+13 2.01839e+13 2.01838e+13 2.01837e+13 2.01836e+13 2.01835e+13 2.01834e+13 2.19121e+13 3.04433e+13 3.15581e+13 3.15581e+13 3.15581e+13 3.1558e+13 3.1558e+13 3.15578e+13 3.15577e+13 3.15576e+13 3.15575e+13 3.37871e+13 4.44456e+13 4.57686e+13 4.57686e+13 4.57686e+13 4.57685e+13 4.57684e+13 4.57683e+13 4.57682e+13 4.57681e+13 4.5768e+13 4.84141e+13 6.07425e+13 6.22056e+13 6.22056e+13 6.22056e+13 6.22055e+13 6.22055e+13 6.22054e+13 6.22052e+13 6.22051e+13 6.22051e+13 6.51314e+13 7.84871e+13 8.00123e+13 8.00123e+13 8.00123e+13 8.00122e+13 8.00122e+13 8.00121e+13 8.0012e+13 8.00118e+13 8.00118e+13 8.30623e+13 9.67565e+13 9.82704e+13 9.82704e+13 9.82703e+13 9.82703e+13 9.82702e+13 9.82701e+13 9.827e+13 9.82699e+13 9.82698e+13 1.01298e+14 1.14711e+14 1.16154e+14 1.16154e+14 1.16154e+14 1.16154e+14 1.16154e+14 1.16154e+14 1.16154e+14 1.16154e+14 1.16154e+14 1.1904e+14 1.31692e+14 1.33023e+14 1.33023e+14 1.33023e+14 1.33022e+14 1.33022e+14 1.33022e+14 1.33022e+14 1.33022e+14 1.33022e+14 1.35684e+14 1.46656e+14 1.47651e+14 1.47651e+14 1.47651e+14 1.47651e+14 1.47651e+14 1.47651e+14 1.47651e+14 1.47651e+14 1.47651e+14 1.49642e+14 1.59656e+14 1.61003e+14 1.61003e+14 1.61003e+14 1.61003e+14 1.61003e+14 1.61003e+14 1.61003e+14 1.61003e+14 1.61003e+14 1.63697e+14 1.77372e+14 1.79236e+14 1.79236e+14 1.79236e+14 1.79236e+14 1.79235e+14 1.79235e+14 1.79235e+14 1.79235e+14 1.79235e+14 1.82963e+14 2.02078e+14 2.04721e+14 2.04721e+14 2.04721e+14 2.04721e+14 2.04721e+14 2.04721e+14 2.0472e+14 2.0472e+14 2.0472e+14 2.10007e+14 2.37454e+14 2.41317e+14 2.41317e+14 2.41317e+14 2.41317e+14 2.41317e+14 2.41316e+14 2.41316e+14 2.41316e+14 2.41316e+14 2.49041e+14 2.89773e+14 2.95626e+14 2.95626e+14 2.95626e+14 2.95626e+14 2.95625e+14 2.95625e+14 2.95625e+14 2.95625e+14 2.95625e+14 3.0733e+14 3.7024e+14 3.79504e+14 3.79504e+14 3.79504e+14 3.79504e+14 3.79504e+14 3.79504e+14 3.79504e+14 3.79504e+14 3.79504e+14 3.98033e+14 4.99974e+14 5.15425e+14 5.15425e+14 5.15425e+14 5.15425e+14 5.15425e+14 5.15425e+14 5.15424e+14 5.15424e+14 5.15424e+14 5.46326e+14 7.21201e+14 7.48591e+14 7.48591e+14 7.48591e+14 7.48591e+14 7.48591e+14 7.4859e+14 7.4859e+14 7.4859e+14 7.4859e+14 8.0337e+14 1.12394e+15 1.17602e+15 1.17602e+15 1.17602e+15 1.17602e+15 1.17602e+15 1.17602e+15 1.17602e+15 1.17602e+15 1.17601e+15 1.28017e+15 1.91361e+15 2.0206e+15 2.0206e+15 2.0206e+15 2.0206e+15 2.0206e+15 2.0206e+15 2.0206e+15 2.0206e+15 2.0206e+15 2.23459e+15 3.59182e+15 3.83024e+15 3.83024e+15 3.83024e+15 3.83024e+15 3.83024e+15 3.83024e+15 3.83024e+15 3.83024e+15 3.83024e+15 4.30708e+15 7.45822e+15 8.03176e+15 8.03176e+15 8.03176e+15 8.03176e+15 8.03176e+15 8.03176e+15 8.03175e+15 8.03175e+15 8.03175e+15 9.17884e+15 1.69988e+16 1.84584e+16 1.84584e+16 1.84584e+16 1.84584e+16 1.84584e+16 1.84584e+16 1.84584e+16 1.84584e+16 1.84584e+16 2.13775e+16 4.1377e+16 4.51244e+16 4.51244e+16 4.51244e+16 4.51244e+16 4.51244e+16 4.51244e+16 4.51244e+16 4.51244e+16 4.51244e+16 5.2619e+16 1.01728e+17 1.10603e+17 1.10603e+17 1.10603e+17 1.10603e+17 1.10603e+17 1.10603e+17 1.10603e+17 1.10603e+17 1.10603e+17 1.28353e+17 2.32184e+17 2.49045e+17 2.49045e+17 2.49045e+17 2.49045e+17 2.49045e+17 2.49045e+17 2.49045e+17 2.49045e+17 2.49045e+17 2.82767e+17 4.49488e+17 4.7134e+17 4.7134e+17 4.7134e+17 4.7134e+17 4.7134e+17 4.7134e+17 4.7134e+17 4.7134e+17 4.7134e+17 5.15044e+17 6.98344e+17 7.1574e+17 7.1574e+17 7.1574e+17 7.1574e+17 7.1574e+17 7.1574e+17 7.1574e+17 7.1574e+17 7.1574e+17 7.50531e+17 8.8058e+17 8.89139e+17 8.89139e+17 8.89139e+17 8.89139e+17 8.89139e+17 8.89139e+17 8.89139e+17 8.89139e+17 8.89139e+17 9.06256e+17 9.65968e+17 9.68755e+17 9.68755e+17 9.68755e+17 9.68755e+17 9.68755e+17 9.68755e+17 9.68755e+17 9.68755e+17 9.68755e+17 9.74328e+17 9.92933e+17 9.93562e+17 9.93562e+17 9.93562e+17 9.93562e+17 9.93562e+17 9.93562e+17 9.93562e+17 9.93562e+17 9.93562e+17 9.94819e+17 9.98943e+17 9.9906e+17 9.9906e+17 9.9906e+17 9.9906e+17 9.9906e+17 9.9906e+17 9.9906e+17 9.9906e+17 9.9906e+17 9.99295e+17 1e+18 1e+18 1e+18 1e+18 1e+18 1e+18 1e+18 1e+18 1e+18 1e+18 1e+18
-9.39505e-08 -0.00037609 0.000993932 -7.82229e-05 -0.00233583 -0.000685473 -0.00366752 -0.00130048 -0.00510107 -0.00193618 -0.00680279 -0.00262181 -0.00926888 -0.00342638 -0.0141824 -0.00451247 -0.00885305 0.0028223 0.000306467 0.00415186 0.00121851 0.00938733 0.00201268 0.00161358 0.00151924 0.00146363 0.00149645 0.00173366 0.00242485 0.00395534 0.00569867 0.00621597 0.00746259 0.00273952 0.00214706 0.00207846 0.00204118 0.0020712 0.00224111 0.0026721 0.00346739 0.00434966 0.00476072 0.00592188 0.00322303 0.00247429 0.00242083 0.00238643 0.00239168 0.00247489 0.0026916 0.00307336 0.00350098 0.00375412 0.00481351 0.00349376 0.00263744 0.00260427 0.00257986 0.00257339 0.00260115 0.00268501 0.00283483 0.00300746 0.00312898 0.0041093 0.00358709 0.00266651 0.00265596 0.00264814 0.00264582 0.00265374 0.00267773 0.00271939 0.00276648 0.00280243 0.00373565 0.00356977 0.00260912 0.00260933 0.00261001 0.0026116 0.00261474 0.00261998 0.00262663 0.00263188 0.00263474 0.00355862 0.00351268 0.00252553 0.0025272 0.00252885 0.00253045 0.00253187 0.00253279 0.00253259 0.0025307 0.00252809 0.00346588 0.0034527 0.00244796 0.00244894 0.00244987 0.00245069 0.00245128 0.00245141 0.00245078 0.00244929 0.00244752 0.00340529 0.00339991 0.00238315 0.00238359 0.002384 0.00238436 0.00238459 0.00238461 0.00238428 0.00238358 0.00238277 0.00335916 0.00335482 0.00232968 0.00232986 0.00233004 0.00233019 0.00233029 0.0023303 0.00233016 0.00232986 0.00232952 0.00332124 0.00331577 0.00228498 0.00228506 0.00228514 0.00228521 0.00228525 0.00228526 0.0022852 0.00228509 0.00228494 0.00328847 0.00328099 0.00224685 0.00224689 0.00224693 0.00224696 0.00224698 0.00224699 0.00224697 0.00224692 0.00224686 0.00325894 0.0032492 0.00221369 0.00221371 0.00221373 0.00221374 0.00221376 0.00221377 0.00221376 0.00221374 0.00221371 0.00323145 0.00321978 0.0021845 0.00218451 0.00218452 0.00218453 0.00218454 0.00218455 0.00218455 0.00218454 0.00218453 0.00320555 0.00319275 0.00215882 0.00215882 0.00215883 0.00215884 0.00215884 0.00215885 0.00215885 0.00215885 0.00215885 0.00318136 0.00316844 0.0021365 0.0021365 0.00213651 0.00213651 0.00213652 0.00213652 0.00213653 0.00213653 0.00213653 0.00315935 0.00314721 0.00211747 0.00211748 0.00211748 0.00211748 0.00211749 0.00211749 0.0021175 0.0021175 0.0021175 0.00313997 0.00312921 0.00210159 0.00210159 0.00210159 0.00210159 0.0021016 0.0021016 0.00210161 0.00210161 0.00210161 0.00312344 0.0031143 0.00208855 0.00208855 0.00208855 0.00208855 0.00208856 0.00208856 0.00208857 0.00208857 0.00208858 0.0031097 0.0031024 0.00207656 0.00207657 0.00207657 0.00207657 0.00207657 0.00207658 0.00207658 0.00207659 0.00207659 0.00309637 0.00309037 0.0020705 0.0020705 0.0020705 0.0020705 0.0020705 0.0020705 0.00207051 0.00207052 0.00207052 0.00309333 0.00308697 0.00207074 0.00207074 0.00207074 0.00207074 0.00207074 0.00207074 0.00207075 0.00207075 0.00207076 0.00309077 0.00308295 0.00207117 0.00207117 0.00207117 0.00207117 0.00207117 0.00207118 0.00207118 0.00207119 0.00207119 0.00308765 0.00307822 0.00207188 0.00207188 0.00207188 0.00207188 0.00207188 0.00207188 0.00207189 0.00207189 0.00207189 0.00308404 0.003073 0.00207318 0.00207318 0.00207318 0.00207318 0.00207319 0.00207319 0.00207319 0.00207319 0.00207319 0.0030802 0.00306786 0.00207569 0.00207569 0.00207569 0.00207569 0.00207569 0.00207569 0.00207569 0.00207569 0.0020757 0.00307678 0.00306379 0.00208034 0.00208034 0.00208034 0.00208034 0.00208034 0.00208034 0.00208034 0.00208034 0.00208034 0.00307484 0.00306218 0.00208841 0.00208841 0.00208841 0.00208841 0.00208841 0.00208841 0.00208841 0.00208841 0.00208841 0.00307591 0.00306458 0.0021014 0.0021014 0.0021014 0.0021014 0.0021014 0.0021014 0.0021014 0.0021014 0.0021014 0.00308166 0.00307245 0.00212081 0.00212081 0.00212081 0.00212081 0.00212081 0.00212081 0.00212081 0.00212081 0.00212081 0.00309371 0.00308691 0.0021481 0.0021481 0.0021481 0.0021481 0.0021481 0.0021481 0.0021481 0.0021481 0.0021481 0.00311338 0.00310885 0.00218465 0.00218465 0.00218465 0.00218465 0.00218465 0.00218465 0.00218465 0.00218465 0.00218465 0.00314174 0.003139 0.00223191 0.00223191 0.00223191 0.00223191 0.00223191 0.00223191 0.00223191 0.00223191 0.00223191 0.00317973 0.00317822 0.00229151 0.00229151 0.00229151 0.00229151 0.00229151 0.00229151 0.00229151 0.00229151 0.00229151 0.0032284 0.00322763 0.00236535 0.00236535 0.00236535 0.00236535 0.00236535 0.00236535 0.00236535 0.00236535 0.00236535 0.00328898 0.00328859 0.00245544 0.00245544 0.00245544 0.00245544 0.00245544 0.00245544 0.00245544 0.00245544 0.00245544 0.00336277 0.00336256 0.00256358 0.00256358 0.00256358 0.00256358 0.00256358 0.00256358 0.00256358 0.00256358 0.00256358 0.00345079 0.00345066 0.00269064 0.00269064 0.00269064 0.00269064 0.00269064 0.00269064 0.00269064 0.00269064 0.00269064 0.00355315 0.00355305 0.00283567 0.00283567 0.00283567 0.00283567 0.00283567 0.00283567 0.00283567 0.00283567 0.00283567 0.00366821 0.00366812 0.00299488 0.00299488 0.00299488 0.00299488 0.00299488 0.00299488 0.00299488 0.00299488 0.00299488 0.00379187 0.0037918 0.00316112 0.00316112 0.00316112 0.00316112 0.00316112 0.00316112 0.00316112 0.00316112 0.00316112 0.00391747 0.00391742 0.0032479 0.0032479 0.0032479 0.0032479 0.0032479 0.0032479 0.0032479 0.0032479 0.0032479 0.00392197 0.00325092 0.00243819 0.00243819 0.00243819 0.00243819 0.00243819 0.00243819 0.00243819 0.00243819 0.00243819 0.00296752
0 0 0 0 0 0 0 0 0 0 0 0 0 0 0 0 0 0 0 0 0 0 0 0 0 0 0 0 0 0 0 0 0 0 0 0 0 0 0 0 0 0 0 0 0 0 0 0 0 0 0 0 0 0 0 0 0 0 0 0 0 0 0 0 0 0 0 0 0 0 0 0 0 0 0 0 0 0 0 0 0 0 0 0 0 0 0 0 0 0 0 0 0 0 0 0 0 0 0 0 0 0 0 0 0 0 0 0 0 0 0 0 0 0 0 0 0 0 0 0 0 0 0 0 0 0 0 0 0 0 0 0 0 0 0 0 0 0 0 0 0 0 0 0 0 0 0 0 0 0 0 0 0 0 0 0 0 0 0 0 0 0 0 0 0 0 0 0 0 0 0 0 0 0 0 0 0 0 0 0 0 0 0 0 0 0 0 0 0 0 0 0 0 0 0 0 0 0 0 0 0 0 0 0 0 0 0 0 0 0 0 0 0 0 0 0 0 0 0 0 0 0 0 0 0 0 0 0 0 0 0 0 0 0 0 0 0 0 0 0 0 0 0 0 0 0 0 0 0 0 0 0 0 0 0 0 0 0 0 0 0 0 0 0 0 0 0 0 0 0 0 0 0 0 0 0 0 0 0 0 0 0 0 0 0 0 0 0 0 0 0 0 0 0 0 0 0 0 0 0 0 0 0 0 0 0 0 0 0 0 0 0 0 0 0 0 0 0 0 0 0 0 0 0 0 0 0 0 0 0 0 0 0 0 0 0 0 0 0 0 0 0 0 0 0 0 0 0 0 0 0 0 0 0 0 0 0 0 0 0 0 0 0 0 0 0 0 0 0 0 0 0 0 0 0 0 0 0 0 0 0 0 0 0 0 0 0 0 0 0 0 0 0 0 0 0 0 0 0 0 0 0 0 0 0 0 0 0 0 0 0 0 0 0 0 0 0 0 0 0 0 0 0 0 0 0 0 0 0 0 0 0 0 0 0 0 0 0 0 0 0 0 0 0 0 0 0 0 0 0 0 0 0 0 0 0 0 0 0 0 0 0 0 0 0 0 0 0 0 0 0 0 0 0 0 0 0 0 0 0 0 0 0 0 0 0 0 0 0 0 0 0 0 0 0
0 0 0 0 0 0 0 0 0 0 0 0 0 0 0 0 0 0 0 0 0 0 0 0 0 0 0 0 0 0 0 0 0 0 0 0 0 0 0 0 0 0 0 0 0 0 0 0 0 0 0 0 0 0 0 0 0 0 0 0 0 0 0 0 0 0 0 0 0 0 0 0 0 0 0 0 0 0 0 0 0 0 0 0 0 0 0 0 0 0 0 0 0 0 0 0 0 0 0 0 0 0 0 0 0 0 0 0 0 0 0 0 0 0 0 0 0 0 0 0 0 0 0 0 0 0 0 0 0 0 0 0 0 0 0 0 0 0 0 0 0 0 0 0 0 0 0 0 0 0 0 0 0 0 0 0 0 0 0 0 0 0 0 0 0 0 0 0 0 0 0 0 0 0 0 0 0 0 0 0 0 0 0 0 0 0 0 0 0 0 0 0 0 0 0 0 0 0 0 0 0 0 0 0 0 0 0 0 0 0 0 0 0 0 0 0 0 0 0 0 0 0 0 0 0 0 0 0 0 0 0 0 0 0 0 0 0 0 0 0 0 0 0 0 0 0 0 0 0 0 0 0 0 0 0 0 0 0 0 0 0 0 0 0 0 0 0 0 0 0 0 0 0 0 0 0 0 0 0 0 0 0 0 0 0 0 0 0 0 0 0 0 0 0 0 0 0 0 0 0 0 0 0 0 0 0 0 0 0 0 0 0 0 0 0 0 0 0 0 0 0 0 0 0 0 0 0 0 0 0 0 0 0 0 0 0 0 0 0 0 0 0 0 0 0 0 0 0 0 0 0 0 0 0 0 0 0 0 0 0 0 0 0 0 0 0 0 0 0 0 0 0 0 0 0 0 0 0 0 0 0 0 0 0 0 0 0 0 0 0 0 0 0 0 0 0 0 0 0 0 0 0 0 0 0 0 0 0 0 0 0 0 0 0 0 0 0 0 0 0 0 0 0 0 0 0 0 0 0 0 0 0 0 0 0 0 0 0 0 0 0 0 0 0 0 0 0 0 0 0 0 0 0 0 0 0 0 0 0 0 0 0 0 0 0 0 0 0 0 0 0 0 0 0 0 0 0 0 0 0 0 0 0 0 0 0 0 0 0 0 0 0 0 0 0
8.28081e-13 7.67469e-13 8.17421e-13 7.90341e-13 7.67688e-13 7.90341e-13 7.67688e-13 7.90341e-13 7.67688e-13 7.90341e-13 7.67688e-13 7.90341e-13 7.67693e-13 7.90343e-13 7.67736e-13 7.90363e-13 7.67722e-13 7.90329e-13 7.67675e-13 7.90325e-13 7.47437e-13 8.31811e-13 9.40312e-13 8.78603e-13 8.78603e-13 8.78603e-13 8.78603e-13 8.78603e-13 8.78603e-13 8.786e-13 8.78596e-13 8.78595e-13 9.50025e-13 1.06844e-12 9.64974e-13 9.64974e-13 9.64974e-13 9.64974e-13 9.64974e-13 9.64974e-13 9.64973e-13 9.64972e-13 9.64972e-13 1.06987e-12 1.18057e-12 1.03352e-12 1.03352e-12 1.03352e-12 1.03352e-12 1.03352e-12 1.03352e-12 1.03352e-12 1.03352e-12 1.03352e-12 1.17126e-12 1.2617e-12 1.07679e-12 1.07679e-12 1.07679e-12 1.07679e-12 1.07679e-12 1.07679e-12 1.07679e-12 1.07679e-12 1.07679e-12 1.24548e-12 1.33502e-12 1.11623e-12 1.11623e-12 1.11623e-12 1.11623e-12 1.11623e-12 1.11623e-12 1.11623e-12 1.11623e-12 1.11623e-12 1.32086e-12 1.45747e-12 1.19327e-12 1.19327e-12 1.19327e-12 1.19327e-12 1.19327e-12 1.19327e-12 1.19327e-12 1.19327e-12 1.19327e-12 1.45057e-12 1.68016e-12 1.34167e-12 1.34167e-12 1.34167e-12 1.34167e-12 1.34167e-12 1.34167e-12 1.34167e-12 1.34167e-12 1.34167e-12 1.68007e-12 2.03515e-12 1.58127e-12 1.58127e-12 1.58127e-12 1.58127e-12 1.58127e-12 1.58127e-12 1.58127e-12 1.58127e-12 1.58127e-12 2.03957e-12 2.54877e-12 1.92831e-12 1.92831e-12 1.92831e-12 1.92831e-12 1.92831e-12 1.92831e-12 1.92831e-12 1.92831e-12 1.92831e-12 2.55571e-12 3.2519e-12 2.40244e-12 2.40244e-12 2.40244e-12 2.40244e-12 2.40244e-12 2.40244e-12 2.40244e-12 2.40244e-12 2.40244e-12 3.25997e-12 4.18377e-12 3.02921e-12 3.02921e-12 3.02921e-12 3.02921e-12 3.02921e-12 3.02921e-12 3.02921e-12 3.02921e-12 3.02921e-12 4.19206e-12 5.39405e-12 3.84135e-12 3.84135e-12 3.84135e-12 3.84135e-12 3.84135e-12 3.84135e-12 3.84135e-12 3.84135e-12 3.84135e-12 5.40198e-12 6.94518e-12 4.88028e-12 4.88028e-12 4.88028e-12 4.88028e-12 4.88028e-12 4.88028e-12 4.88028e-12 4.88028e-12 4.88028e-12 6.95244e-12 8.91556e-12 6.19817e-12 6.19817e-12 6.19817e-12 6.19817e-12 6.19817e-12 6.19817e-12 6.19817e-12 6.19817e-12 6.19817e-12 8.92201e-12 1.14035e-11 7.86054e-12 7.86054e-12 7.86054e-12 7.86054e-12 7.86054e-12 7.86054e-12 7.86054e-12 7.86054e-12 7.86054e-12 1.14091e-11 1.45323e-11 9.94958e-12 9.94958e-12 9.94958e-12 9.94958e-12 9.94958e-12 9.94958e-12 9.94958e-12 9.94958e-12 9.94958e-12 1.45371e-11 1.84563e-11 1.25682e-11 1.25682e-11 1.25682e-11 1.25682e-11 1.25682e-11 1.25682e-11 1.25682e-11 1.25682e-11 1.25682e-11 1.84603e-11 2.33686e-11 1.58454e-11 1.58454e-11 1.58454e-11 1.58454e-11 1.58454e-11 1.58454e-11 1.58454e-11 1.58454e-11 1.58454e-11 2.33719e-11 2.95108e-11 1.9942e-11 1.9942e-11 1.9942e-11 1.9942e-11 1.9942e-11 1.9942e-11 1.9942e-11 1.9942e-11 1.9942e-11 2.95136e-11 4.12791e-11 2.77901e-11 2.77901e-11 2.77901e-11 2.77901e-11 2.77901e-11 2.77901e-11 2.77901e-11 2.77901e-11 2.77901e-11 4.12829e-11 4.47252e-11 3.00862e-11 3.00862e-11 3.00862e-11 3.00862e-11 3.00862e-11 3.00862e-11 3.00862e-11 3.00862e-11 3.00862e-11 4.47233e-11 3.57131e-11 2.40766e-11 2.40766e-11 2.40766e-11 2.40766e-11 2.40766e-11 2.40766e-11 2.40766e-11 2.40766e-11 2.40766e-11 3.57107e-11 2.83334e-11 1.91548e-11 1.91548e-11 1.91548e-11 1.91548e-11 1.91548e-11 1.91548e-11 1.91548e-11 1.91548e-11 1.91548e-11 2.83305e-11 2.24275e-11 1.52153e-11 1.52153e-11 1.52153e-11 1.52153e-11 1.52153e-11 1.52153e-11 1.52153e-11 1.52153e-11 1.52153e-11 2.24241e-11 1.77053e-11 1.20644e-11 1.20644e-11 1.20644e-11 1.20644e-11 1.20644e-11 1.20644e-11 1.20644e-11 1.20644e-11 1.20644e-11 1.77011e-11 1.39344e-11 9.54716e-12 9.54716e-12 9.54716e-12 9.54716e-12 9.54716e-12 9.54716e-12 9.54716e-12 9.54716e-12 9.54716e-12 1.39295e-11 1.09291e-11 7.53979e-12 7.53979e-12 7.53979e-12 7.53979e-12 7.53979e-12 7.53979e-12 7.53979e-12 7.53979e-12 7.53979e-12 1.09233e-11 8.54095e-12 5.9433e-12 5.9433e-12 5.9433e-12 5.9433e-12 5.9433e-12 5.9433e-12 5.9433e-12 5.9433e-12 5.9433e-12 8.53435e-12 6.65145e-12 4.6787e-12 4.6787e-12 4.6787e-12 4.6787e-12 4.6787e-12 4.6787e-12 4.6787e-12 4.6787e-12 4.6787e-12 6.64405e-12 5.16596e-12 3.68302e-12 3.68302e-12 3.68302e-12 3.68302e-12 3.68302e-12 3.68302e-12 3.68302e-12 3.68302e-12 3.68302e-12 5.15793e-12 4.00896e-12 2.90615e-12 2.90615e-12 2.90615e-12 2.90615e-12 2.90615e-12 2.90615e-12 2.90615e-12 2.90615e-12 2.90615e-12 4.00066e-12 3.12018e-12 2.30833e-12 2.30833e-12 2.30833e-12 2.30833e-12 2.30833e-12 2.30833e-12 2.30833e-12 2.30833e-12 2.30833e-12 3.11222e-12 2.45158e-12 1.85818e-12 1.85818e-12 1.85818e-12 1.85818e-12 1.85818e-12 1.85818e-12 1.85818e-12 1.85818e-12 1.85818e-12 2.44495e-12 1.96503e-12 1.53128e-12 1.53128e-12 1.53128e-12 1.53128e-12 1.53128e-12 1.53128e-12 1.53128e-12 1.53128e-12 1.53128e-12 1.96123e-12 1.63025e-12 1.30884e-12 1.30884e-12 1.30884e-12 1.30884e-12 1.30884e-12 1.30884e-12 1.30884e-12 1.30884e-12 1.30884e-12 1.63137e-12 1.42081e-12 1.17471e-12 1.17471e-12 1.17471e-12 1.17471e-12 1.17471e-12 1.17471e-12 1.17471e-12 1.17471e-12 1.17471e-12 1.42905e-12 1.30456e-12 1.10728e-12 1.10728e-12 1.10728e-12 1.10728e-12 1.10728e-12 1.10728e-12 1.10728e-12 1.10728e-12 1.10728e-12 1.31967e-12 1.23322e-12 1.07015e-12 1.07015e-12 1.07015e-12 1.07015e-12 1.07015e-12 1.07015e-12 1.07015e-12 1.07015e-12 1.07015e-12 1.24887e-12 1.15535e-12 1.02324e-12 1.02324e-12 1.02324e-12 1.02324e-12 1.02324e-12 1.02324e-12 1.02324e-12 1.02324e-12 1.02324e-12 1.16285e-12 1.04949e-12 9.50571e-13 9.50571e-13 9.50571e-13 9.50571e-13 9.50571e-13 9.50571e-13 9.50571e-13 9.50571e-13 9.50571e-13 1.04635e-12 9.2869e-13 8.62855e-13 8.62855e-13 8.62855e-13 8.62855e-13 8.62855e-13 8.62855e-13 8.62855e-13 8.62855e-13 8.62855e-13 9.17914e-13 8.59503e-13 8.16702e-13 8.16702e-13 8.16702e-13 8.16702e-13 8.16702e-13 8.16702e-13 8.16702e-13 8.16702e-13 8.16702e-13 8.5946e-13 8.1584e-13 8.18977e-13 8.18977e-13 8.18977e-13 8.18977e-13 8.18977e-13 8.18977e-13 8.18977e-13 8.18977e-13 8.18977e-13 9.06854e-13
-8.28699e-13 -7.67996e-13 -8.20562e-13 -7.93233e-13 -7.67778e-13 -7.93233e-13 -7.67778e-13 -7.93233e-13 -7.67778e-13 -7.93233e-13 -7.67777e-13 -7.93233e-13 -7.67773e-13 -7.9323e-13 -7.6773e-13 -7.9321e-13 -7.67743e-13 -7.93245e-13 -7.6779e-13 -7.93248e-13 -7.47591e-13 -8.36474e-13 -9.58472e-13 -8.95724e-13 -8.95724e-13 -8.95724e-13 -8.95724e-13 -8.95724e-13 -8.95724e-13 -8.95727e-13 -8.95731e-13 -8.95732e-13 -9.74089e-13 -1.14432e-12 -1.03218e-12 -1.03218e-12 -1.03218e-12 -1.03218e-12 -1.03218e-12 -1.03218e-12 -1.03218e-12 -1.03219e-12 -1.03219e-12 -1.16316e-12 -1.41935e-12 -1.23326e-12 -1.23326e-12 -1.23326e-12 -1.23326e-12 -1.23326e-12 -1.23326e-12 -1.23326e-12 -1.23327e-12 -1.23327e-12 -1.44594e-12 -1.83451e-12 -1.53252e-12 -1.53252e-12 -1.53252e-12 -1.53252e-12 -1.53252e-12 -1.53252e-12 -1.53252e-12 -1.53252e-12 -1.53252e-12 -1.86823e-12 -2.40643e-12 -1.93446e-12 -1.93446e-12 -1.93446e-12 -1.93446e-12 -1.93446e-12 -1.93446e-12 -1.93446e-12 -1.93446e-12 -1.93446e-12 -2.43741e-12 -3.092e-12 -2.40368e-12 -2.40368e-12 -2.40368e-12 -2.40368e-12 -2.40368e-12 -2.40368e-12 -2.40368e-12 -2.40368e-12 -2.40368e-12 -3.11027e-12 -3.83593e-12 -2.90255e-12 -2.90255e-12 -2.90255e-12 -2.90255e-12 -2.90255e-12 -2.90255e-12 -2.90255e-12 -2.90255e-12 -2.90255e-12 -3.8403e-12 -4.62389e-12 -3.42436e-12 -3.42436e-12 -3.42436e-12 -3.42436e-12 -3.42436e-12 -3.42436e-12 -3.42436e-12 -3.42436e-12 -3.42436e-12 -4.61865e-12 -5.48141e-12 -3.98922e-12 -3.98922e-12 -3.98922e-12 -3.98922e-12 -3.98922e-12 -3.98922e-12 -3.98922e-12 -3.98922e-12 -3.98922e-12 -5.47119e-12 -6.45394e-12 -4.62961e-12 -4.62961e-12 -4.62961e-12 -4.62961e-12 -4.62961e-12 -4.62961e-12 -4.62961e-12 -4.62961e-12 -4.62961e-12 -6.44198e-12 -7.59651e-12 -5.38341e-12 -5.38341e-12 -5.38341e-12 -5.38341e-12 -5.38341e-12 -5.38341e-12 -5.38341e-12 -5.38341e-12 -5.38341e-12 -7.58465e-12 -8.97194e-12 -6.29312e-12 -6.29312e-12 -6.29312e-12 -6.29312e-12 -6.29312e-12 -6.29312e-12 -6.29312e-12 -6.29312e-12 -6.29312e-12 -8.96108e-12 -1.0653e-11 -7.40747e-12 -7.40747e-12 -7.40747e-12 -7.40747e-12 -7.40747e-12 -7.40747e-12 -7.40747e-12 -7.40747e-12 -7.40747e-12 -1.06435e-11 -1.27258e-11 -8.78399e-12 -8.78399e-12 -8.78399e-12 -8.78399e-12 -8.78399e-12 -8.78399e-12 -8.78399e-12 -8.78399e-12 -8.78399e-12 -1.27177e-11 -1.52948e-11 -1.04922e-11 -1.04922e-11 -1.04922e-11 -1.04922e-11 -1.04922e-11 -1.04922e-11 -1.04922e-11 -1.04922e-11 -1.04922e-11 -1.52881e-11 -1.84879e-11 -1.26172e-11 -1.26172e-11 -1.26172e-11 -1.26172e-11 -1.26172e-11 -1.26172e-11 -1.26172e-11 -1.26172e-11 -1.26172e-11 -1.84824e-11 -2.2463e-11 -1.52642e-11 -1.52642e-11 -1.52642e-11 -1.52642e-11 -1.52642e-11 -1.52642e-11 -1.52642e-11 -1.52642e-11 -1.52642e-11 -2.24585e-11 -2.7416e-11 -1.85638e-11 -1.85638e-11 -1.85638e-11 -1.85638e-11 -1.85638e-11 -1.85638e-11 -1.85638e-11 -1.85638e-11 -1.85638e-11 -2.74123e-11 -3.35907e-11 -2.26782e-11 -2.26782e-11 -2.26782e-11 -2.26782e-11 -2.26782e-11 -2.26782e-11 -2.26782e-11 -2.26782e-11 -2.26782e-11 -3.35876e-11 -4.53838e-11 -3.05376e-11 -3.05376e-11 -3.05376e-11 -3.05376e-11 -3.05376e-11 -3.05376e-11 -3.05376e-11 -3.05376e-11 -3.05376e-11 -4.53797e-11 -4.88351e-11 -3.28398e-11 -3.28398e-11 -3.28398e-11 -3.28398e-11 -3.28398e-11 -3.28398e-11 -3.28398e-11 -3.28398e-11 -3.28398e-11 -4.88371e-11 -3.98123e-11 -2.68263e-11 -2.68263e-11 -2.68263e-11 -2.68263e-11 -2.68263e-11 -2.68263e-11 -2.68263e-11 -2.68263e-11 -2.68263e-11 -3.98148e-11 -3.24046e-11 -2.18899e-11 -2.18899e-11 -2.18899e-11 -2.18899e-11 -2.18899e-11 -2.18899e-11 -2.18899e-11 -2.18899e-11 -2.18899e-11 -3.24077e-11 -2.64637e-11 -1.79318e-11 -1.79318e-11 -1.79318e-11 -1.79318e-11 -1.79318e-11 -1.79318e-11 -1.79318e-11 -1.79318e-11 -1.79318e-11 -2.64675e-11 -2.16975e-11 -1.47576e-11 -1.47576e-11 -1.47576e-11 -1.47576e-11 -1.47576e-11 -1.47576e-11 -1.47576e-11 -1.47576e-11 -1.47576e-11 -2.17022e-11 -1.78716e-11 -1.22108e-11 -1.22108e-11 -1.22108e-11 -1.22108e-11 -1.22108e-11 -1.22108e-11 -1.22108e-11 -1.22108e-11 -1.22108e-11 -1.78774e-11 -1.47973e-11 -1.01659e-11 -1.01659e-11 -1.01659e-11 -1.01659e-11 -1.01659e-11 -1.01659e-11 -1.01659e-11 -1.01659e-11 -1.01659e-11 -1.48043e-11 -1.23225e-11 -8.5216e-12 -8.5216e-12 -8.5216e-12 -8.5216e-12 -8.5216e-12 -8.5216e-12 -8.5216e-12 -8.5216e-12 -8.5216e-12 -1.23309e-11 -1.0324e-11 -7.19575e-12 -7.19575e-12 -7.19575e-12 -7.19575e-12 -7.19575e-12 -7.19575e-12 -7.19575e-12 -7.19575e-12 -7.19575e-12 -1.03338e-11 -8.70115e-12 -6.12122e-12 -6.12122e-12 -6.12122e-12 -6.12122e-12 -6.12122e-12 -6.12122e-12 -6.12122e-12 -6.12122e-12 -6.12122e-12 -8.71223e-12 -7.37067e-12 -5.24222e-12 -5.24222e-12 -5.24222e-12 -5.24222e-12 -5.24222e-12 -5.24222e-12 -5.24222e-12 -5.24222e-12 -5.24222e-12 -7.38266e-12 -6.26244e-12 -4.5113e-12 -4.5113e-12 -4.5113e-12 -4.5113e-12 -4.5113e-12 -4.5113e-12 -4.5113e-12 -4.5113e-12 -4.5113e-12 -6.27428e-12 -5.31609e-12 -3.88683e-12 -3.88683e-12 -3.88683e-12 -3.88683e-12 -3.88683e-12 -3.88683e-12 -3.88683e-12 -3.88683e-12 -3.88683e-12 -5.32574e-12 -4.47942e-12 -3.33168e-12 -3.33168e-12 -3.33168e-12 -3.33168e-12 -3.33168e-12 -3.33168e-12 -3.33168e-12 -3.33168e-12 -3.33168e-12 -4.48337e-12 -3.71063e-12 -2.81479e-12 -2.81479e-12 -2.81479e-12 -2.81479e-12 -2.81479e-12 -2.81479e-12 -2.81479e-12 -2.81479e-12 -2.81479e-12 -3.70408e-12 -2.98858e-12 -2.31952e-12 -2.31952e-12 -2.31952e-12 -2.31952e-12 -2.31952e-12 -2.31952e-12 -2.31952e-12 -2.31952e-12 -2.31952e-12 -2.96773e-12 -2.3295e-12 -1.85854e-12 -1.85854e-12 -1.85854e-12 -1.85854e-12 -1.85854e-12 -1.85854e-12 -1.85854e-12 -1.85854e-12 -1.85854e-12 -2.2971e-12 -1.78358e-12 -1.47257e-12 -1.47257e-12 -1.47257e-12 -1.47257e-12 -1.47257e-12 -1.47257e-12 -1.47257e-12 -1.47257e-12 -1.47257e-12 -1.75056e-12 -1.38757e-12 -1.19186e-12 -1.19186e-12 -1.19186e-12 -1.19186e-12 -1.19186e-12 -1.19186e-12 -1.19186e-12 -1.19186e-12 -1.19186e-12 -1.36251e-12 -1.12472e-12 -1.00467e-12 -1.00467e-12 -1.00467e-12 -1.00467e-12 -1.00467e-12 -1.00467e-12 -1.00467e-12 -1.00467e-12 -1.00467e-12 -1.10678e-12 -9.47126e-13 -8.75951e-13 -8.75951e-13 -8.75951e-13 -8.75951e-13 -8.75951e-13 -8.75951e-13 -8.75951e-13 -8.75951e-13 -8.75951e-13 -9.31646e-13 -8.62941e-13 -8.19143e-13 -8.19143e-13 -8.19143e-13 -8.19143e-13 -8.19143e-13 -8.19143e-13 -8.19143e-13 -8.19143e-13 -8.19143e-13 -8.61916e-13 -8.16601e-13 -8.19549e-13 -8.19549e-13 -8.19549e-13 -8.19549e-13 -8.19549e-13 -8.19549e-13 -8.19549e-13 -8.19549e-13 -8.19549e-13 -9.07549e-13
3.19729e+07 2.96326e+07 3.15346e+07 3.04782e+07 2.96326e+07 3.04782e+07 2.96326e+07 3.04782e+07 2.96326e+07 3.04782e+07 2.96327e+07 3.04782e+07 2.96329e+07 3.04783e+07 2.96353e+07 3.04795e+07 2.9642e+07 3.04814e+07 2.96438e+07 3.04816e+07 2.88585e+07 3.20862e+07 3.60494e+07 3.36402e+07 3.36402e+07 3.36402e+07 3.36402e+07 3.36402e+07 3.36402e+07 3.36404e+07 3.36407e+07 3.36408e+07 3.63586e+07 3.98379e+07 3.57949e+07 3.57949e+07 3.57949e+07 3.57949e+07 3.57949e+07 3.57949e+07 3.57949e+07 3.5795e+07 3.5795e+07 3.96154e+07 4.02217e+07 3.46827e+07 3.46827e+07 3.46827e+07 3.46827e+07 3.46827e+07 3.46827e+07 3.46827e+07 3.46827e+07 3.46827e+07 3.91286e+07 3.44284e+07 2.84271e+07 2.84271e+07 2.84271e+07 2.84271e+07 2.84271e+07 2.84271e+07 2.84272e+07 2.84272e+07 2.84272e+07 3.26383e+07 2.37825e+07 1.88466e+07 1.88466e+07 1.88466e+07 1.88466e+07 1.88466e+07 1.88466e+07 1.88466e+07 1.88466e+07 1.88466e+07 2.21301e+07 1.34806e+07 1.03319e+07 1.03319e+07 1.03319e+07 1.03319e+07 1.03319e+07 1.03319e+07 1.03319e+07 1.03319e+07 1.03319e+07 1.24925e+07 6.78055e+06 5.07029e+06 5.07029e+06 5.07029e+06 5.07029e+06 5.07029e+06 5.07029e+06 5.07029e+06 5.07029e+06 5.07029e+06 6.33083e+06 3.32546e+06 2.44152e+06 2.44152e+06 2.44152e+06 2.44152e+06 2.44152e+06 2.44152e+06 2.44152e+06 2.44152e+06 2.44152e+06 3.14429e+06 1.70776e+06 1.23576e+06 1.23576e+06 1.23576e+06 1.23576e+06 1.23576e+06 1.23576e+06 1.23576e+06 1.23576e+06 1.23576e+06 1.63606e+06 955687 683160 683160 683160 683160 683160 683160 683160 683160 683160 926110 592103 418791 418791 418791 418791 418791 418791 418791 418791 418791 579033 406549 284883 284883 284883 284883 284883 284883 284883 284883 284883 400304 307211 213525 213525 213525 213525 213525 213525 213525 213525 213525 303988 252800 174470 174470 174470 174470 174470 174470 174470 174470 174470 251014 223916 153604 153604 153604 153604 153604 153604 153604 153604 153604 222862 211084 144062 144062 144062 144062 144062 144062 144062 144062 144062 210427 209613 142446 142446 142446 142446 142446 142446 142446 142446 142446 209185 217300 147145 147145 147145 147145 147145 147145 147145 147145 147145 217010 233363 157558 157558 157558 157558 157558 157558 157558 157558 157558 233160 284852 191681 191681 191681 191681 191681 191681 191681 191681 191681 284717 283930 190921 190921 190921 190921 190921 190921 190921 190921 190921 283818 207690 139933 139933 139933 139933 139933 139933 139933 139933 139933 207565 147820 99840.1 99840.1 99840.1 99840.1 99840.1 99840.1 99840.1 99840.1 99840.1 147683 102318 69313.9 69313.9 69313.9 69313.9 69313.9 69313.9 69313.9 69313.9 69313.9 102172 68461.2 46545.7 46545.7 46545.7 46545.7 46545.7 46545.7 46545.7 46545.7 46545.7 68312.8 43968.3 30022.5 30022.5 30022.5 30022.5 30022.5 30022.5 30022.5 30022.5 30022.5 43823.7 26884.4 18451.2 18451.2 18451.2 18451.2 18451.2 18451.2 18451.2 18451.2 18451.2 26751.3 15508.5 10707.4 10707.4 10707.4 10707.4 10707.4 10707.4 10707.4 10707.4 10707.4 15393.9 8357.9 5810.42 5810.42 5810.42 5810.42 5810.42 5810.42 5810.42 5810.42 5810.42 8266.9 4166.94 2919.69 2919.69 2919.69 2919.69 2919.69 2919.69 2919.69 2919.69 2919.69 4101.11 1905.28 1346.84 1346.84 1346.84 1346.84 1346.84 1346.84 1346.84 1346.84 1346.84 1862.47 794.627 567.302 567.302 567.302 567.302 567.302 567.302 567.302 567.302 567.302 769.88 302.707 218.54 218.54 218.54 218.54 218.54 218.54 218.54 218.54 218.54 290.074 106.801 78.1222 78.1222 78.1222 78.1222 78.1222 78.1222 78.1222 78.1222 78.1222 101.088 36.1301 26.8638 26.8638 26.8638 26.8638 26.8638 26.8638 26.8638 26.8638 26.8638 33.8008 12.4845 9.48768 9.48768 9.48768 9.48768 9.48768 9.48768 9.48768 9.48768 9.48768 11.5955 4.80717 3.76383 3.76383 3.76383 3.76383 3.76383 3.76383 3.76383 3.76383 3.76383 4.47072 2.21991 1.80462 1.80462 1.80462 1.80462 1.80462 1.80462 1.80462 1.80462 1.80462 2.08352 1.2335 1.04316 1.04316 1.04316 1.04316 1.04316 1.04316 1.04316 1.04316 1.04316 1.16684 0.761282 0.665162 0.665162 0.665162 0.665162 0.665162 0.665162 0.665162 0.665162 0.665162 0.715681 0.456657 0.405791 0.405791 0.405791 0.405791 0.405791 0.405791 0.405791 0.405791 0.405791 0.414548 0.219123 0.1905 0.1905 0.1905 0.1905 0.1905 0.1905 0.1905 0.1905 0.1905 0.182032 0.062805 0.0471037 0.0471037 0.0471037 0.0471037 0.0471037 0.0471037 0.0471037 0.0471037 0.0471037 0.0573298
-3.19729e+07 -2.96326e+07 -3.15346e+07 -3.04782e+07 -2.96326e+07 -3.04782e+07 -2.96326e+07 -3.04782e+07 -2.96326e+07 -3.04782e+07 -2.96327e+07 -3.04782e+07 -2.96329e+07 -3.04783e+07 -2.96353e+07 -3.04795e+07 -2.9642e+07 -3.04814e+07 -2.96438e+07 -3.04816e+07 -2.88585e+07 -3.20862e+07 -3.60494e+07 -3.36402e+07 -3.36402e+07 -3.36402e+07 -3.36402e+07 -3.36402e+07 -3.36402e+07 -3.36404e+07 -3.36407e+07 -3.36408e+07 -3.63586e+07 -3.98379e+07 -3.57949e+07 -3.57949e+07 -3.57949e+07 -3.57949e+07 -3.57949e+07 -3.57949e+07 -3.57949e+07 -3.5795e+07 -3.5795e+07 -3.96154e+07 -4.02217e+07 -3.46827e+07 -3.46827e+07 -3.46827e+07 -3.46827e+07 -3.46827e+07 -3.46827e+07 -3.46827e+07 -3.46827e+07 -3.46827e+07 -3.91286e+07 -3.44284e+07 -2.84271e+07 -2.84271e+07 -2.84271e+07 -2.84271e+07 -2.84271e+07 -2.84271e+07 -2.84272e+07 -2.84272e+07 -2.84272e+07 -3.26383e+07 -2.37825e+07 -1.88466e+07 -1.88466e+07 -1.88466e+07 -1.88466e+07 -1.88466e+07 -1.88466e+07 -1.88466e+07 -1.88466e+07 -1.88466e+07 -2.21301e+07 -1.34806e+07 -1.03319e+07 -1.03319e+07 -1.03319e+07 -1.03319e+07 -1.03319e+07 -1.03319e+07 -1.03319e+07 -1.03319e+07 -1.03319e+07 -1.24925e+07 -6.78055e+06 -5.07029e+06 -5.07029e+06 -5.07029e+06 -5.07029e+06 -5.07029e+06 -5.07029e+06 -5.07029e+06 -5.07029e+06 -5.07029e+06 -6.33083e+06 -3.32546e+06 -2.44152e+06 -2.44152e+06 -2.44152e+06 -2.44152e+06 -2.44152e+06 -2.44152e+06 -2.44152e+06 -2.44152e+06 -2.44152e+06 -3.14429e+06 -1.70776e+06 -1.23576e+06 -1.23576e+06 -1.23576e+06 -1.23576e+06 -1.23576e+06 -1.23576e+06 -1.23576e+06 -1.23576e+06 -1.23576e+06 -1.63606e+06 -955687 -683160 -683160 -683160 -683160 -683160 -683160 -683160 -683160 -683160 -926110 -592103 -418791 -418791 -418791 -418791 -418791 -418791 -418791 -418791 -418791 -579033 -406549 -284883 -284883 -284883 -284883 -284883 -284883 -284883 -284883 -284883 -400304 -307211 -213525 -213525 -213525 -213525 -213525 -213525 -213525 -213525 -213525 -303988 -252800 -174470 -174470 -174470 -174470 -174470 -174470 -174470 -174470 -174470 -251014 -223916 -153604 -153604 -153604 -153604 -153604 -153604 -153604 -153604 -153604 -222862 -211084 -144062 -144062 -144062 -144062 -144062 -144062 -144062 -144062 -144062 -210427 -209613 -142446 -142446 -142446 -142446 -142446 -142446 -142446 -142446 -142446 -209185 -217300 -147145 -147145 -147145 -147145 -147145 -147145 -147145 -147145 -147145 -217010 -233363 -157558 -157558 -157558 -157558 -157558 -157558 -157558 -157558 -157558 -233160 -284852 -191681 -191681 -191681 -191681 -191681 -191681 -191681 -191681 -191681 -284717 -283930 -190921 -190921 -190921 -190921 -190921 -190921 -190921 -190921 -190921 -283818 -207690 -139933 -139933 -139933 -139933 -139933 -139933 -139933 -139933 -139933 -207565 -147820 -99840.1 -99840.1 -99840.1 -99840.1 -99840.1 -99840.1 -99840.1 -99840.1 -99840.1 -147683 -102318 -69313.9 -69313.9 -69313.9 -69313.9 -69313.9 -69313.9 -69313.9 -69313.9 -69313.9 -102172 -68461.2 -46545.7 -46545.7 -46545.7 -46545.7 -46545.7 -46545.7 -46545.7 -46545.7 -46545.7 -68312.8 -43968.3 -30022.5 -30022.5 -30022.5 -30022.5 -30022.5 -30022.5 -30022.5 -30022.5 -30022.5 -43823.7 -26884.4 -18451.2 -18451.2 -18451.2 -18451.2 -18451.2 -18451.2 -18451.2 -18451.2 -18451.2 -26751.3 -15508.5 -10707.4 -10707.4 -10707.4 -10707.4 -10707.4 -10707.4 -10707.4 -10707.4 -10707.4 -15393.9 -8357.9 -5810.42 -5810.42 -5810.42 -5810.42 -5810.42 -5810.42 -5810.42 -5810.42 -5810.42 -8266.9 -4166.94 -2919.69 -2919.69 -2919.69 -2919.69 -2919.69 -2919.69 -2919.69 -2919.69 -2919.69 -4101.11 -1905.28 -1346.84 -1346.84 -1346.84 -1346.84 -1346.84 -1346.84 -1346.84 -1346.84 -1346.84 -1862.47 -794.627 -567.302 -567.302 -567.302 -567.302 -567.302 -567.302 -567.302 -567.302 -567.302 -769.88 -302.707 -218.54 -218.54 -218.54 -218.54 -218.54 -218.54 -218.54 -218.54 -218.54 -290.074 -106.801 -78.1222 -78.1222 -78.1222 -78.1222 -78.1222 -78.1222 -78.1222 -78.1222 -78.1222 -101.088 -36.1301 -26.8638 -26.8638 -26.8638 -26.8638 -26.8638 -26.8638 -26.8638 -26.8638 -26.8638 -33.8008 -12.4845 -9.48768 -9.48768 -9.48768 -9.48768 -9.48768 -9.48768 -9.48768 -9.48768 -9.48768 -11.5955 -4.80717 -3.76383 -3.76383 -3.76383 -3.76383 -3.76383 -3.76383 -3.76383 -3.76383 -3.76383 -4.47072 -2.21991 -1.80462 -1.80462 -1.80462 -1.80462 -1.80462 -1.80462 -1.80462 -1.80462 -1.80462 -2.08352 -1.2335 -1.04316 -1.04316 -1.04316 -1.04316 -1.04316 -1.04316 -1.04316 -1.04316 -1.04316 -1.16684 -0.761282 -0.665162 -0.665162 -0.665162 -0.665162 -0.665162 -0.665162 -0.665162 -0.665162 -0.665162 -0.715681 -0.456657 -0.405791 -0.405791 -0.405791 -0.405791 -0.405791 -0.405791 -0.405791 -0.405791 -0.405791 -0.414548 -0.219123 -0.1905 -0.1905 -0.1905 -0.1905 -0.1905 -0.1905 -0.1905 -0.1905 -0.1905 -0.182032 -0.062805 -0.0471037 -0.0471037 -0.0471037 -0.0471037 -0.0471037 -0.0471037 -0.0471037 -0.0471037 -0.0471037 -0.0573298
9.99526e+17 9.99526e+17 9.98781e+17 9.98285e+17 9.99154e+17 9.98285e+17 9.99154e+17 9.98285e+17 9.99154e+17 9.98285e+17 9.99154e+17 9.98285e+17 9.99156e+17 9.98287e+17 9.9918e+17 9.983e+17 9.99405e+17 9.98403e+17 9.99523e+17 9.98414e+17 9.99366e+17 9.98573e+17 9.93014e+17 9.9134e+17 9.9134e+17 9.9134e+17 9.9134e+17 9.9134e+17 9.91342e+17 9.91352e+17 9.91365e+17 9.91367e+17 9.90526e+17 9.67121e+17 9.60165e+17 9.60165e+17 9.60165e+17 9.60165e+17 9.60165e+17 9.60165e+17 9.60167e+17 9.60169e+17 9.6017e+17 9.56691e+17 8.86327e+17 8.66353e+17 8.66353e+17 8.66353e+17 8.66353e+17 8.66353e+17 8.66353e+17 8.66353e+17 8.66354e+17 8.66354e+17 8.56367e+17 7.13908e+17 6.76409e+17 6.76409e+17 6.76409e+17 6.76409e+17 6.76409e+17 6.76409e+17 6.7641e+17 6.7641e+17 6.7641e+17 6.57661e+17 4.71878e+17 4.287e+17 4.287e+17 4.287e+17 4.287e+17 4.287e+17 4.287e+17 4.287e+17 4.287e+17 4.287e+17 4.07111e+17 2.49718e+17 2.18843e+17 2.18843e+17 2.18843e+17 2.18843e+17 2.18843e+17 2.18843e+17 2.18843e+17 2.18843e+17 2.18843e+17 2.03405e+17 1.10673e+17 9.52003e+16 9.52003e+16 9.52003e+16 9.52003e+16 9.52003e+16 9.52003e+16 9.52003e+16 9.52003e+16 9.52003e+16 8.74638e+16 4.50731e+16 3.86794e+16 3.86794e+16 3.86794e+16 3.86794e+16 3.86794e+16 3.86794e+16 3.86794e+16 3.86794e+16 3.86794e+16 3.54826e+16 1.84396e+16 1.59554e+16 1.59554e+16 1.59554e+16 1.59554e+16 1.59554e+16 1.59554e+16 1.59554e+16 1.59554e+16 1.59554e+16 1.47134e+16 8.0345e+15 7.05028e+15 7.05028e+15 7.05028e+15 7.05028e+15 7.05028e+15 7.05028e+15 7.05028e+15 7.05028e+15 7.05028e+15 6.55817e+15 3.83811e+15 3.42354e+15 3.42354e+15 3.42354e+15 3.42354e+15 3.42354e+15 3.42354e+15 3.42354e+15 3.42354e+15 3.42354e+15 3.21625e+15 2.02795e+15 1.83914e+15 1.83914e+15 1.83914e+15 1.83914e+15 1.83914e+15 1.83914e+15 1.83914e+15 1.83914e+15 1.83914e+15 1.74474e+15 1.18181e+15 1.08858e+15 1.08858e+15 1.08858e+15 1.08858e+15 1.08858e+15 1.08858e+15 1.08858e+15 1.08858e+15 1.08858e+15 1.04196e+15 7.53031e+14 7.0334e+14 7.0334e+14 7.0334e+14 7.0334e+14 7.0334e+14 7.0334e+14 7.03341e+14 7.03341e+14 7.03341e+14 6.78495e+14 5.18881e+14 4.90522e+14 4.90522e+14 4.90522e+14 4.90522e+14 4.90522e+14 4.90522e+14 4.90522e+14 4.90522e+14 4.90522e+14 4.76343e+14 3.82277e+14 3.65101e+14 3.65101e+14 3.65101e+14 3.65101e+14 3.65101e+14 3.65101e+14 3.65101e+14 3.65101e+14 3.65101e+14 3.56513e+14 2.97925e+14 2.86983e+14 2.86983e+14 2.86983e+14 2.86983e+14 2.86983e+14 2.86983e+14 2.86983e+14 2.86983e+14 2.86983e+14 2.81512e+14 2.43284e+14 2.36012e+14 2.36012e+14 2.36012e+14 2.36012e+14 2.36012e+14 2.36012e+14 2.36012e+14 2.36012e+14 2.36012e+14 2.32376e+14 2.06452e+14 2.01446e+14 2.01446e+14 2.01446e+14 2.01446e+14 2.01446e+14 2.01446e+14 2.01446e+14 2.01446e+14 2.01446e+14 1.98943e+14 1.80795e+14 1.77248e+14 1.77248e+14 1.77248e+14 1.77248e+14 1.77248e+14 1.77248e+14 1.77248e+14 1.77248e+14 1.77248e+14 1.75475e+14 1.63624e+14 1.61447e+14 1.61447e+14 1.61447e+14 1.61447e+14 1.61447e+14 1.61447e+14 1.61447e+14 1.61447e+14 1.61447e+14 1.60359e+14 1.49702e+14 1.47238e+14 1.47238e+14 1.47238e+14 1.47238e+14 1.47238e+14 1.47238e+14 1.47238e+14 1.47238e+14 1.47238e+14 1.46006e+14 1.34113e+14 1.3138e+14 1.3138e+14 1.3138e+14 1.3138e+14 1.3138e+14 1.3138e+14 1.3138e+14 1.3138e+14 1.3138e+14 1.30014e+14 1.17073e+14 1.14126e+14 1.14126e+14 1.14126e+14 1.14126e+14 1.14126e+14 1.14126e+14 1.14126e+14 1.14126e+14 1.14126e+14 1.12652e+14 9.90177e+13 9.59463e+13 9.59463e+13 9.59463e+13 9.59463e+13 9.59463e+13 9.59463e+13 9.59463e+13 9.59463e+13 9.59463e+13 9.44107e+13 8.05949e+13 7.75254e+13 7.75254e+13 7.75254e+13 7.75254e+13 7.75254e+13 7.75254e+13 7.75254e+13 7.75254e+13 7.75254e+13 7.59906e+13 6.26383e+13 5.97223e+13 5.97223e+13 5.97223e+13 5.97223e+13 5.97223e+13 5.97223e+13 5.97223e+13 5.97223e+13 5.97223e+13 5.82643e+13 4.60723e+13 4.34663e+13 4.34663e+13 4.34663e+13 4.34663e+13 4.34663e+13 4.34663e+13 4.34663e+13 4.34663e+13 4.34663e+13 4.21633e+13 3.17577e+13 2.95921e+13 2.95921e+13 2.95921e+13 2.95921e+13 2.95921e+13 2.95921e+13 2.95921e+13 2.95921e+13 2.95921e+13 2.85094e+13 2.03049e+13 1.86529e+13 1.86529e+13 1.86529e+13 1.86529e+13 1.86529e+13 1.86529e+13 1.86529e+13 1.86529e+13 1.86529e+13 1.78269e+13 1.19232e+13 1.07813e+13 1.07813e+13 1.07813e+13 1.07813e+13 1.07813e+13 1.07813e+13 1.07813e+13 1.07813e+13 1.07813e+13 1.02104e+13 6.37867e+12 5.67238e+12 5.67238e+12 5.67238e+12 5.67238e+12 5.67238e+12 5.67238e+12 5.67238e+12 5.67238e+12 5.67238e+12 5.31924e+12 3.09796e+12 2.71067e+12 2.71067e+12 2.71067e+12 2.71067e+12 2.71067e+12 2.71067e+12 2.71068e+12 2.71068e+12 2.71068e+12 2.51703e+12 1.37312e+12 1.18546e+12 1.18546e+12 1.18546e+12 1.18546e+12 1.18546e+12 1.18546e+12 1.18546e+12 1.18546e+12 1.18546e+12 1.09163e+12 5.67183e+11 4.86199e+11 4.86199e+11 4.86199e+11 4.86199e+11 4.86199e+11 4.86199e+11 4.86199e+11 4.86199e+11 4.86199e+11 4.45707e+11 2.28634e+11 1.96768e+11 1.96768e+11 1.96768e+11 1.96768e+11 1.96768e+11 1.96768e+11 1.96768e+11 1.96768e+11 1.96768e+11 1.80836e+11 9.72863e+10 8.53695e+10 8.53695e+10 8.53695e+10 8.53695e+10 8.53695e+10 8.53695e+10 8.53695e+10 8.53695e+10 8.53695e+10 7.94111e+10 4.80886e+10 4.36061e+10 4.36061e+10 4.36061e+10 4.36061e+10 4.36061e+10 4.36061e+10 4.36061e+10 4.36061e+10 4.36061e+10 4.13649e+10 2.90707e+10 2.72138e+10 2.72138e+10 2.72138e+10 2.72138e+10 2.72138e+10 2.72138e+10 2.72138e+10 2.72138e+10 2.72138e+10 2.62854e+10 2.04264e+10 1.94019e+10 1.94019e+10 1.94019e+10 1.94019e+10 1.94019e+10 1.94019e+10 1.94019e+10 1.94019e+10 1.94019e+10 1.88896e+10 1.47076e+10 1.38259e+10 1.38259e+10 1.38259e+10 1.38259e+10 1.38259e+10 1.38259e+10 1.38259e+10 1.38259e+10 1.38259e+10 1.3385e+10 9.04295e+09 8.03646e+09 8.03646e+09 8.03646e+09 8.03646e+09 8.03646e+09 8.03646e+09 8.03646e+09 8.03646e+09 8.03646e+09 7.53321e+09 4.01565e+09 3.01174e+09 3.01174e+09 3.01174e+09 3.01174e+09 3.01174e+09 3.01174e+09 3.01174e+09 3.01174e+09 3.01174e+09 3.01174e+09
9.98781e+17 9.98781e+17 9.95525e+17 9.94936e+17 9.99154e+17 9.94936e+17 9.99154e+17 9.94936e+17 9.99154e+17 9.94937e+17 9.99155e+17 9.94938e+17 9.99169e+17 9.94947e+17 9.99299e+17 9.95029e+17 9.99523e+17 9.95046e+17 9.99524e+17 9.95049e+17 9.99366e+17 9.9305e+17 9.77556e+17 9.74078e+17 9.74078e+17 9.74078e+17 9.74078e+17 9.74078e+17 9.74079e+17 9.74081e+17 9.74085e+17 9.74086e+17 9.67128e+17 9.16289e+17 9.06302e+17 9.06302e+17 9.06302e+17 9.06302e+17 9.06302e+17 9.06302e+17 9.06303e+17 9.06304e+17 9.06304e+17 8.86329e+17 7.70156e+17 7.51406e+17 7.51406e+17 7.51406e+17 7.51406e+17 7.51406e+17 7.51407e+17 7.51407e+17 7.51407e+17 7.51407e+17 7.13908e+17 5.36645e+17 5.15056e+17 5.15056e+17 5.15056e+17 5.15056e+17 5.15056e+17 5.15056e+17 5.15056e+17 5.15056e+17 5.15056e+17 4.71878e+17 2.96031e+17 2.80593e+17 2.80593e+17 2.80593e+17 2.80593e+17 2.80593e+17 2.80593e+17 2.80593e+17 2.80593e+17 2.80593e+17 2.49718e+17 1.33883e+17 1.26146e+17 1.26146e+17 1.26146e+17 1.26146e+17 1.26146e+17 1.26146e+17 1.26146e+17 1.26146e+17 1.26146e+17 1.10673e+17 5.46636e+16 5.14668e+16 5.14668e+16 5.14668e+16 5.14668e+16 5.14668e+16 5.14668e+16 5.14668e+16 5.14668e+16 5.14668e+16 4.50731e+16 2.21658e+16 2.09237e+16 2.09237e+16 2.09237e+16 2.09237e+16 2.09237e+16 2.09237e+16 2.09237e+16 2.09237e+16 2.09237e+16 1.84396e+16 9.51083e+15 9.01872e+15 9.01872e+15 9.01872e+15 9.01872e+15 9.01872e+15 9.01872e+15 9.01872e+15 9.01872e+15 9.01872e+15 8.0345e+15 4.45998e+15 4.25269e+15 4.25269e+15 4.25269e+15 4.25269e+15 4.25269e+15 4.25269e+15 4.25269e+15 4.25269e+15 4.25269e+15 3.83811e+15 2.31117e+15 2.21677e+15 2.21677e+15 2.21677e+15 2.21677e+15 2.21677e+15 2.21677e+15 2.21677e+15 2.21677e+15 2.21677e+15 2.02795e+15 1.32166e+15 1.27505e+15 1.27505e+15 1.27505e+15 1.27505e+15 1.27505e+15 1.27505e+15 1.27505e+15 1.27505e+15 1.27505e+15 1.18181e+15 8.27568e+14 8.02722e+14 8.02722e+14 8.02722e+14 8.02723e+14 8.02723e+14 8.02723e+14 8.02723e+14 8.02723e+14 8.02723e+14 7.53032e+14 5.6142e+14 5.4724e+14 5.4724e+14 5.4724e+14 5.4724e+14 5.4724e+14 5.4724e+14 5.4724e+14 5.4724e+14 5.4724e+14 5.18881e+14 4.0804e+14 3.99452e+14 3.99452e+14 3.99453e+14 3.99453e+14 3.99453e+14 3.99453e+14 3.99453e+14 3.99453e+14 3.99453e+14 3.82277e+14 3.14337e+14 3.08866e+14 3.08866e+14 3.08866e+14 3.08866e+14 3.08866e+14 3.08866e+14 3.08866e+14 3.08866e+14 3.08866e+14 2.97925e+14 2.54192e+14 2.50556e+14 2.50556e+14 2.50556e+14 2.50556e+14 2.50556e+14 2.50556e+14 2.50556e+14 2.50556e+14 2.50556e+14 2.43284e+14 2.1396e+14 2.11457e+14 2.11457e+14 2.11457e+14 2.11457e+14 2.11457e+14 2.11457e+14 2.11457e+14 2.11457e+14 2.11457e+14 2.06452e+14 1.86115e+14 1.84341e+14 1.84341e+14 1.84341e+14 1.84341e+14 1.84341e+14 1.84341e+14 1.84342e+14 1.84342e+14 1.84342e+14 1.80795e+14 1.66889e+14 1.65801e+14 1.65801e+14 1.65801e+14 1.65801e+14 1.65801e+14 1.65801e+14 1.65801e+14 1.65801e+14 1.65801e+14 1.63624e+14 1.53397e+14 1.52166e+14 1.52166e+14 1.52166e+14 1.52166e+14 1.52166e+14 1.52166e+14 1.52166e+14 1.52166e+14 1.52166e+14 1.49702e+14 1.38211e+14 1.36845e+14 1.36845e+14 1.36845e+14 1.36845e+14 1.36845e+14 1.36845e+14 1.36845e+14 1.36845e+14 1.36845e+14 1.34113e+14 1.21494e+14 1.2002e+14 1.2002e+14 1.2002e+14 1.2002e+14 1.2002e+14 1.2002e+14 1.2002e+14 1.2002e+14 1.2002e+14 1.17073e+14 1.03625e+14 1.02089e+14 1.02089e+14 1.02089e+14 1.02089e+14 1.02089e+14 1.02089e+14 1.02089e+14 1.02089e+14 1.02089e+14 9.90177e+13 8.51993e+13 8.36645e+13 8.36645e+13 8.36645e+13 8.36645e+13 8.36645e+13 8.36645e+13 8.36645e+13 8.36645e+13 8.36645e+13 8.0595e+13 6.70123e+13 6.55543e+13 6.55543e+13 6.55543e+13 6.55543e+13 6.55543e+13 6.55543e+13 6.55543e+13 6.55543e+13 6.55543e+13 6.26383e+13 4.99813e+13 4.86783e+13 4.86783e+13 4.86783e+13 4.86783e+13 4.86783e+13 4.86783e+13 4.86783e+13 4.86783e+13 4.86783e+13 4.60723e+13 3.5006e+13 3.39232e+13 3.39232e+13 3.39232e+13 3.39232e+13 3.39232e+13 3.39232e+13 3.39232e+13 3.39232e+13 3.39232e+13 3.17577e+13 2.2783e+13 2.1957e+13 2.1957e+13 2.1957e+13 2.1957e+13 2.1957e+13 2.1957e+13 2.1957e+13 2.1957e+13 2.1957e+13 2.03049e+13 1.3636e+13 1.3065e+13 1.3065e+13 1.3065e+13 1.3065e+13 1.3065e+13 1.3065e+13 1.3065e+13 1.3065e+13 1.3065e+13 1.19232e+13 7.43811e+12 7.08496e+12 7.08497e+12 7.08497e+12 7.08497e+12 7.08497e+12 7.08497e+12 7.08497e+12 7.08497e+12 7.08497e+12 6.37868e+12 3.67888e+12 3.48524e+12 3.48524e+12 3.48524e+12 3.48524e+12 3.48524e+12 3.48524e+12 3.48524e+12 3.48524e+12 3.48524e+12 3.09796e+12 1.65462e+12 1.56079e+12 1.56079e+12 1.56079e+12 1.56079e+12 1.56079e+12 1.56079e+12 1.56079e+12 1.56079e+12 1.56079e+12 1.37312e+12 6.88658e+11 6.48166e+11 6.48166e+11 6.48166e+11 6.48166e+11 6.48166e+11 6.48166e+11 6.48166e+11 6.48166e+11 6.48166e+11 5.67183e+11 2.76433e+11 2.605e+11 2.605e+11 2.605e+11 2.605e+11 2.605e+11 2.605e+11 2.605e+11 2.605e+11 2.605e+11 2.28634e+11 1.15161e+11 1.09203e+11 1.09203e+11 1.09203e+11 1.09203e+11 1.09203e+11 1.09203e+11 1.09203e+11 1.09203e+11 1.09203e+11 9.72863e+10 5.48123e+10 5.2571e+10 5.2571e+10 5.2571e+10 5.2571e+10 5.2571e+10 5.2571e+10 5.2571e+10 5.2571e+10 5.2571e+10 4.80886e+10 3.1856e+10 3.09275e+10 3.09275e+10 3.09275e+10 3.09275e+10 3.09275e+10 3.09275e+10 3.09275e+10 3.09275e+10 3.09275e+10 2.90707e+10 2.19633e+10 2.1451e+10 2.1451e+10 2.1451e+10 2.1451e+10 2.1451e+10 2.1451e+10 2.1451e+10 2.1451e+10 2.1451e+10 2.04264e+10 1.60302e+10 1.55893e+10 1.55893e+10 1.55893e+10 1.55893e+10 1.55893e+10 1.55893e+10 1.55893e+10 1.55893e+10 1.55893e+10 1.47076e+10 1.05527e+10 1.00494e+10 1.00494e+10 1.00494e+10 1.00494e+10 1.00494e+10 1.00494e+10 1.00494e+10 1.00494e+10 1.00494e+10 9.04295e+09 4.5176e+09 4.01565e+09 4.01565e+09 4.01565e+09 4.01565e+09 4.01565e+09 4.01565e+09 4.01565e+09 4.01565e+09 4.01565e+09 3.01174e+09 100 100 100 100 100 100 100 100 100 100 100
0.0231526 0.0231526 0.0231719 0.0231847 0.0231622 0.0231847 0.0231622 0.0231847 0.0231622 0.0231847 0.0231622 0.0231847 0.0231621 0.0231847 0.0231615 0.0231843 0.0231557 0.0231817 0.0231526 0.0231814 0.0231567 0.0231772 0.0233221 0.0233657 0.0233657 0.0233657 0.0233657 0.0233657 0.0233657 0.0233654 0.0233651 0.023365 0.0233869 0.0240117 0.024198 0.024198 0.024198 0.024198 0.024198 0.024198 0.0241979 0.0241979 0.0241978 0.024291 0.0263234 0.0269077 0.0269077 0.0269077 0.0269077 0.0269077 0.0269076 0.0269076 0.0269076 0.0269076 0.0271998 0.0321897 0.0335609 0.0335609 0.0335609 0.0335609 0.0335609 0.0335609 0.0335609 0.0335609 0.0335609 0.0342465 0.0435965 0.0460276 0.0460276 0.0460276 0.0460276 0.0460276 0.0460276 0.0460276 0.0460276 0.0460276 0.0472432 0.0609726 0.0643335 0.0643335 0.0643335 0.0643335 0.0643335 0.0643335 0.0643335 0.0643335 0.0643335 0.066014 0.0826268 0.086484 0.086484 0.086484 0.086484 0.086484 0.086484 0.086484 0.086484 0.086484 0.0884125 0.105963 0.109884 0.109884 0.109884 0.109884 0.109884 0.109884 0.109884 0.109884 0.109884 0.111845 0.128823 0.132521 0.132521 0.132521 0.132521 0.132521 0.132521 0.132521 0.132521 0.132521 0.13437 0.149898 0.153225 0.153225 0.153225 0.153225 0.153225 0.153225 0.153225 0.153225 0.153225 0.154888 0.168581 0.171482 0.171482 0.171482 0.171482 0.171482 0.171482 0.171482 0.171482 0.171482 0.172932 0.184711 0.187187 0.187187 0.187187 0.187187 0.187187 0.187187 0.187187 0.187187 0.187187 0.188425 0.198384 0.200466 0.200466 0.200466 0.200466 0.200466 0.200466 0.200466 0.200466 0.200466 0.201507 0.209823 0.211554 0.211554 0.211554 0.211554 0.211554 0.211554 0.211554 0.211554 0.211554 0.21242 0.219299 0.220727 0.220727 0.220727 0.220727 0.220727 0.220727 0.220727 0.220727 0.220727 0.221441 0.227093 0.228264 0.228264 0.228264 0.228264 0.228264 0.228264 0.228264 0.228264 0.228264 0.228849 0.233468 0.234422 0.234422 0.234422 0.234422 0.234422 0.234422 0.234422 0.234422 0.234422 0.2349 0.238659 0.239435 0.239435 0.239435 0.239435 0.239435 0.239435 0.239435 0.239435 0.239435 0.239823 0.242873 0.243502 0.243502 0.243502 0.243502 0.243502 0.243502 0.243502 0.243502 0.243502 0.243816 0.246285 0.246793 0.246793 0.246793 0.246793 0.246793 0.246793 0.246793 0.246793 0.246793 0.247047 0.248844 0.249188 0.249188 0.249188 0.249188 0.249188 0.249188 0.249188 0.249188 0.249188 0.249361 0.251157 0.251583 0.251583 0.251583 0.251583 0.251583 0.251583 0.251583 0.251583 0.251583 0.251796 0.25402 0.254548 0.254548 0.254548 0.254548 0.254548 0.254548 0.254548 0.254548 0.254548 0.254812 0.257563 0.258216 0.258216 0.258216 0.258216 0.258216 0.258216 0.258216 0.258216 0.258216 0.258543 0.261938 0.262743 0.262743 0.262743 0.262743 0.262743 0.262743 0.262743 0.262743 0.262743 0.263146 0.267325 0.268315 0.268315 0.268315 0.268315 0.268315 0.268315 0.268315 0.268315 0.268315 0.26881 0.273935 0.275148 0.275148 0.275148 0.275148 0.275148 0.275148 0.275148 0.275148 0.275148 0.275754 0.282009 0.283488 0.283488 0.283488 0.283488 0.283488 0.283488 0.283488 0.283488 0.283488 0.284227 0.291816 0.293607 0.293607 0.293607 0.293607 0.293607 0.293607 0.293607 0.293607 0.293607 0.294502 0.303636 0.305786 0.305786 0.305786 0.305786 0.305786 0.305786 0.305786 0.305786 0.305786 0.306861 0.317737 0.320288 0.320288 0.320288 0.320288 0.320288 0.320288 0.320288 0.320288 0.320288 0.321563 0.334326 0.337305 0.337305 0.337305 0.337305 0.337305 0.337305 0.337305 0.337305 0.337305 0.338795 0.353466 0.356867 0.356867 0.356867 0.356867 0.356867 0.356867 0.356867 0.356867 0.356867 0.358567 0.374935 0.37869 0.37869 0.37869 0.37869 0.37869 0.37869 0.37869 0.37869 0.37869 0.380568 0.398021 0.401961 0.401961 0.401961 0.401961 0.401961 0.401961 0.401961 0.401961 0.401961 0.403931 0.421269 0.425079 0.425079 0.425079 0.425079 0.425079 0.425079 0.425079 0.425079 0.425079 0.426983 0.442388 0.445618 0.445618 0.445618 0.445618 0.445618 0.445618 0.445618 0.445618 0.445618 0.447233 0.458816 0.461062 0.461062 0.461062 0.461062 0.461062 0.461062 0.461062 0.461062 0.461062 0.462185 0.469178 0.470386 0.470386 0.470386 0.470386 0.470386 0.470386 0.470386 0.470386 0.470386 0.47099 0.47427 0.474759 0.474759 0.474759 0.474759 0.474759 0.474759 0.474759 0.474759 0.474759 0.475004 0.476183 0.476331 0.476331 0.476331 0.476331 0.476331 0.476331 0.476331 0.476331 0.476331 0.476405 0.476725 0.476758 0.476758 0.476758 0.476758 0.476758 0.476758 0.476758 0.476758 0.476758 0.476774 0.476835 0.476841 0.476841 0.476841 0.476841 0.476841 0.476841 0.476841 0.476841 0.476841 0.476841
0.0231719 0.0231719 0.0232566 0.023272 0.0231622 0.023272 0.0231622 0.023272 0.0231622 0.023272 0.0231622 0.023272 0.0231618 0.0232717 0.0231584 0.0232696 0.0231526 0.0232692 0.0231526 0.0232691 0.0231567 0.0233212 0.0237324 0.0238255 0.0238255 0.0238255 0.0238255 0.0238255 0.0238255 0.0238254 0.0238253 0.0238253 0.0240116 0.0254469 0.0257391 0.0257391 0.0257391 0.0257391 0.0257391 0.0257391 0.025739 0.025739 0.025739 0.0263233 0.030133 0.0308186 0.0308186 0.0308186 0.0308186 0.0308186 0.0308186 0.0308186 0.0308186 0.0308186 0.0321897 0.0399499 0.0411654 0.0411654 0.0411654 0.0411654 0.0411654 0.0411654 0.0411654 0.0411654 0.0411654 0.0435965 0.0559312 0.0576117 0.0576117 0.0576117 0.0576117 0.0576117 0.0576117 0.0576117 0.0576117 0.0576117 0.0609726 0.0768411 0.0787697 0.0787697 0.0787697 0.0787697 0.0787697 0.0787697 0.0787697 0.0787697 0.0787697 0.0826268 0.100081 0.102041 0.102041 0.102041 0.102041 0.102041 0.102041 0.102041 0.102041 0.102041 0.105963 0.123275 0.125124 0.125124 0.125124 0.125124 0.125124 0.125124 0.125124 0.125124 0.125124 0.128823 0.144908 0.146572 0.146572 0.146572 0.146572 0.146572 0.146572 0.146572 0.146572 0.146572 0.149898 0.16423 0.16568 0.16568 0.16568 0.16568 0.16568 0.16568 0.16568 0.16568 0.16568 0.168581 0.180997 0.182235 0.182235 0.182235 0.182235 0.182235 0.182235 0.182235 0.182235 0.182235 0.184711 0.195262 0.196303 0.196303 0.196303 0.196303 0.196303 0.196303 0.196303 0.196303 0.196303 0.198384 0.207226 0.208092 0.208092 0.208092 0.208092 0.208092 0.208092 0.208092 0.208092 0.208092 0.209823 0.217158 0.217872 0.217872 0.217872 0.217872 0.217872 0.217872 0.217872 0.217872 0.217872 0.219299 0.225338 0.225923 0.225923 0.225923 0.225923 0.225923 0.225923 0.225923 0.225923 0.225923 0.227093 0.232036 0.232513 0.232513 0.232513 0.232513 0.232513 0.232513 0.232513 0.232513 0.232513 0.233468 0.237496 0.237883 0.237883 0.237883 0.237883 0.237883 0.237883 0.237883 0.237883 0.237883 0.238659 0.24193 0.242244 0.242244 0.242244 0.242244 0.242244 0.242244 0.242244 0.242244 0.242244 0.242873 0.245522 0.245776 0.245776 0.245776 0.245776 0.245776 0.245776 0.245776 0.245776 0.245776 0.246285 0.248327 0.248499 0.248499 0.248499 0.248499 0.248499 0.248499 0.248499 0.248499 0.248499 0.248844 0.250517 0.25073 0.25073 0.25073 0.25073 0.25073 0.25073 0.25073 0.25073 0.25073 0.251157 0.253228 0.253492 0.253492 0.253492 0.253492 0.253492 0.253492 0.253492 0.253492 0.253492 0.25402 0.256584 0.256911 0.256911 0.256911 0.256911 0.256911 0.256911 0.256911 0.256911 0.256911 0.257563 0.26073 0.261133 0.261133 0.261133 0.261133 0.261133 0.261133 0.261133 0.261133 0.261133 0.261938 0.265839 0.266334 0.266334 0.266334 0.266334 0.266334 0.266334 0.266334 0.266334 0.266334 0.267325 0.272115 0.272722 0.272722 0.272722 0.272722 0.272722 0.272722 0.272722 0.272722 0.272722 0.273935 0.279792 0.280531 0.280531 0.280531 0.280531 0.280531 0.280531 0.280531 0.280531 0.280531 0.282009 0.289131 0.290026 0.290026 0.290026 0.290026 0.290026 0.290026 0.290026 0.290026 0.290026 0.291816 0.300412 0.301487 0.301487 0.301487 0.301487 0.301487 0.301487 0.301487 0.301487 0.301487 0.303636 0.313911 0.315186 0.315186 0.315186 0.315186 0.315186 0.315186 0.315186 0.315186 0.315186 0.317737 0.329858 0.331348 0.331348 0.331348 0.331348 0.331348 0.331348 0.331348 0.331348 0.331348 0.334326 0.348365 0.350065 0.350065 0.350065 0.350065 0.350065 0.350065 0.350065 0.350065 0.350065 0.353466 0.369302 0.37118 0.37118 0.37118 0.37118 0.37118 0.37118 0.37118 0.37118 0.37118 0.374935 0.392111 0.394081 0.394081 0.394081 0.394081 0.394081 0.394081 0.394081 0.394081 0.394081 0.398021 0.415555 0.41746 0.41746 0.41746 0.41746 0.41746 0.41746 0.41746 0.41746 0.41746 0.421269 0.437543 0.439158 0.439158 0.439158 0.439158 0.439158 0.439158 0.439158 0.439158 0.439158 0.442388 0.455447 0.45657 0.45657 0.45657 0.45657 0.45657 0.45657 0.45657 0.45657 0.45657 0.458816 0.467366 0.46797 0.46797 0.46797 0.46797 0.46797 0.46797 0.46797 0.46797 0.46797 0.469178 0.473536 0.47378 0.47378 0.47378 0.47378 0.47378 0.47378 0.47378 0.47378 0.47378 0.47427 0.475961 0.476035 0.476035 0.476035 0.476035 0.476035 0.476035 0.476035 0.476035 0.476035 0.476183 0.476676 0.476692 0.476692 0.476692 0.476692 0.476692 0.476692 0.476692 0.476692 0.476692 0.476725 0.476832 0.476835 0.476835 0.476835 0.476835 0.476835 0.476835 0.476835 0.476835 0.476835 0.476841 0.47686 0.47686 0.47686 0.47686 0.47686 0.47686 0.47686 0.47686 0.47686 0.47686 0.47686
-1.89618e-11 -1.61849e-11 -9.64148e-11 -8.87915e-11 -2.77693e-12 -8.87915e-11 -2.77664e-12 -8.87913e-11 -2.7736e-12 -8.87894e-11 -2.74487e-12 -8.87731e-11 -2.47153e-12 -8.86318e-11 1.75185e-13 -8.74074e-11 -6.42501e-13 -8.95243e-11 -3.52562e-12 -8.972e-11 -4.72424e-12 -1.43163e-10 -5.57491e-10 -5.25577e-10 -5.25577e-10 -5.25577e-10 -5.25577e-10 -5.25581e-10 -5.2561e-10 -5.25781e-10 -5.26041e-10 -5.26089e-10 -7.38712e-10 -2.32948e-09 -2.06326e-09 -2.06326e-09 -2.06326e-09 -2.06326e-09 -2.06326e-09 -2.06326e-09 -2.0633e-09 -2.06335e-09 -2.06336e-09 -2.86412e-09 -7.33033e-09 -6.1319e-09 -6.1319e-09 -6.1319e-09 -6.1319e-09 -6.1319e-09 -6.1319e-09 -6.13191e-09 -6.13192e-09 -6.13193e-09 -8.43248e-09 -1.75843e-08 -1.39901e-08 -1.39901e-08 -1.39901e-08 -1.39901e-08 -1.39901e-08 -1.39901e-08 -1.39901e-08 -1.39901e-08 -1.39901e-08 -1.91176e-08 -3.28906e-08 -2.51183e-08 -2.51183e-08 -2.51183e-08 -2.51183e-08 -2.51183e-08 -2.51183e-08 -2.51183e-08 -2.51183e-08 -2.51183e-08 -3.42766e-08 -5.01776e-08 -3.71579e-08 -3.71579e-08 -3.71579e-08 -3.71579e-08 -3.71579e-08 -3.71579e-08 -3.71579e-08 -3.71579e-08 -3.71579e-08 -5.095e-08 -6.61787e-08 -4.79167e-08 -4.79167e-08 -4.79167e-08 -4.79167e-08 -4.79167e-08 -4.79167e-08 -4.79167e-08 -4.79167e-08 -4.79167e-08 -6.63158e-08 -7.94702e-08 -5.65799e-08 -5.65799e-08 -5.65799e-08 -5.65799e-08 -5.65799e-08 -5.65799e-08 -5.65799e-08 -5.65799e-08 -5.65799e-08 -7.91735e-08 -9.00272e-08 -6.32667e-08 -6.32667e-08 -6.32667e-08 -6.32667e-08 -6.32667e-08 -6.32667e-08 -6.32667e-08 -6.32667e-08 -6.32667e-08 -8.95005e-08 -9.82976e-08 -6.83704e-08 -6.83704e-08 -6.83704e-08 -6.83704e-08 -6.83704e-08 -6.83704e-08 -6.83704e-08 -6.83704e-08 -6.83704e-08 -9.76827e-08 -1.04766e-07 -7.22701e-08 -7.22701e-08 -7.22701e-08 -7.22701e-08 -7.22701e-08 -7.22701e-08 -7.22701e-08 -7.22701e-08 -7.22701e-08 -1.04147e-07 -1.09836e-07 -7.52656e-08 -7.52656e-08 -7.52656e-08 -7.52656e-08 -7.52656e-08 -7.52656e-08 -7.52656e-08 -7.52656e-08 -7.52656e-08 -1.09259e-07 -1.13823e-07 -7.75807e-08 -7.75807e-08 -7.75807e-08 -7.75807e-08 -7.75807e-08 -7.75807e-08 -7.75807e-08 -7.75807e-08 -7.75807e-08 -1.13308e-07 -1.16969e-07 -7.93807e-08 -7.93807e-08 -7.93807e-08 -7.93807e-08 -7.93807e-08 -7.93807e-08 -7.93807e-08 -7.93807e-08 -7.93807e-08 -1.16523e-07 -1.19458e-07 -8.07875e-08 -8.07875e-08 -8.07875e-08 -8.07875e-08 -8.07875e-08 -8.07875e-08 -8.07875e-08 -8.07875e-08 -8.07875e-08 -1.19079e-07 -1.21432e-07 -8.18919e-08 -8.18919e-08 -8.18919e-08 -8.18919e-08 -8.18919e-08 -8.18919e-08 -8.18919e-08 -8.18919e-08 -8.18919e-08 -1.21114e-07 -1.23001e-07 -8.27624e-08 -8.27624e-08 -8.27624e-08 -8.27624e-08 -8.27624e-08 -8.27624e-08 -8.27624e-08 -8.27624e-08 -8.27624e-08 -1.22737e-07 -1.24249e-07 -8.34506e-08 -8.34506e-08 -8.34506e-08 -8.34506e-08 -8.34506e-08 -8.34506e-08 -8.34506e-08 -8.34506e-08 -8.34506e-08 -1.24033e-07 -1.25245e-07 -8.39961e-08 -8.39961e-08 -8.39961e-08 -8.39961e-08 -8.39961e-08 -8.39961e-08 -8.39961e-08 -8.39961e-08 -8.39961e-08 -1.25068e-07 -1.26009e-07 -8.43444e-08 -8.43444e-08 -8.43444e-08 -8.43444e-08 -8.43444e-08 -8.43444e-08 -8.43444e-08 -8.43444e-08 -8.43444e-08 -1.25767e-07 -1.26169e-07 -8.45315e-08 -8.45315e-08 -8.45315e-08 -8.45315e-08 -8.45315e-08 -8.45315e-08 -8.45315e-08 -8.45315e-08 -8.45315e-08 -1.2629e-07 -1.2584e-07 -8.44121e-08 -8.44121e-08 -8.44121e-08 -8.44121e-08 -8.44121e-08 -8.44121e-08 -8.44121e-08 -8.44121e-08 -8.44121e-08 -1.2599e-07 -1.2498e-07 -8.39611e-08 -8.39611e-08 -8.39611e-08 -8.39611e-08 -8.39611e-08 -8.39611e-08 -8.39611e-08 -8.39611e-08 -8.39611e-08 -1.25164e-07 -1.23903e-07 -8.33932e-08 -8.33932e-08 -8.33932e-08 -8.33932e-08 -8.33932e-08 -8.33932e-08 -8.33932e-08 -8.33932e-08 -8.33932e-08 -1.24128e-07 -1.22556e-07 -8.26764e-08 -8.26764e-08 -8.26764e-08 -8.26764e-08 -8.26764e-08 -8.26764e-08 -8.26764e-08 -8.26764e-08 -8.26764e-08 -1.22828e-07 -1.20867e-07 -8.17693e-08 -8.17693e-08 -8.17693e-08 -8.17693e-08 -8.17693e-08 -8.17693e-08 -8.17693e-08 -8.17693e-08 -8.17693e-08 -1.21195e-07 -1.18749e-07 -8.06176e-08 -8.06176e-08 -8.06176e-08 -8.06176e-08 -8.06176e-08 -8.06176e-08 -8.06176e-08 -8.06176e-08 -8.06176e-08 -1.1914e-07 -1.16089e-07 -7.91496e-08 -7.91496e-08 -7.91496e-08 -7.91496e-08 -7.91496e-08 -7.91496e-08 -7.91496e-08 -7.91496e-08 -7.91496e-08 -1.16547e-07 -1.12742e-07 -7.72696e-08 -7.72696e-08 -7.72696e-08 -7.72696e-08 -7.72696e-08 -7.72696e-08 -7.72696e-08 -7.72696e-08 -7.72696e-08 -1.13269e-07 -1.08525e-07 -7.48491e-08 -7.48491e-08 -7.48491e-08 -7.48491e-08 -7.48491e-08 -7.48491e-08 -7.48491e-08 -7.48491e-08 -7.48491e-08 -1.09112e-07 -1.03199e-07 -7.17138e-08 -7.17138e-08 -7.17138e-08 -7.17138e-08 -7.17138e-08 -7.17138e-08 -7.17138e-08 -7.17138e-08 -7.17138e-08 -1.03822e-07 -9.64625e-08 -6.76278e-08 -6.76278e-08 -6.76278e-08 -6.76278e-08 -6.76278e-08 -6.76278e-08 -6.76278e-08 -6.76278e-08 -6.76278e-08 -9.70703e-08 -8.79362e-08 -6.22766e-08 -6.22766e-08 -6.22766e-08 -6.22766e-08 -6.22766e-08 -6.22766e-08 -6.22766e-08 -6.22766e-08 -6.22766e-08 -8.84357e-08 -7.7188e-08 -5.52696e-08 -5.52696e-08 -5.52696e-08 -5.52696e-08 -5.52696e-08 -5.52696e-08 -5.52696e-08 -5.52696e-08 -5.52696e-08 -7.74259e-08 -6.38645e-08 -4.62304e-08 -4.62304e-08 -4.62304e-08 -4.62304e-08 -4.62304e-08 -4.62304e-08 -4.62304e-08 -4.62304e-08 -4.62304e-08 -6.36291e-08 -4.81278e-08 -3.51441e-08 -3.51441e-08 -3.51441e-08 -3.51441e-08 -3.51441e-08 -3.51441e-08 -3.51441e-08 -3.51441e-08 -3.51441e-08 -4.7235e-08 -3.1464e-08 -2.30624e-08 -2.30624e-08 -2.30624e-08 -2.30624e-08 -2.30624e-08 -2.30624e-08 -2.30624e-08 -2.30624e-08 -2.30624e-08 -3.00053e-08 -1.6895e-08 -1.23537e-08 -1.23537e-08 -1.23537e-08 -1.23537e-08 -1.23537e-08 -1.23537e-08 -1.23537e-08 -1.23537e-08 -1.23537e-08 -1.54009e-08 -7.12893e-09 -5.17652e-09 -5.17652e-09 -5.17652e-09 -5.17652e-09 -5.17652e-09 -5.17652e-09 -5.17652e-09 -5.17652e-09 -5.17652e-09 -6.12929e-09 -2.30951e-09 -1.66064e-09 -1.66064e-09 -1.66064e-09 -1.66064e-09 -1.66064e-09 -1.66064e-09 -1.66064e-09 -1.66064e-09 -1.66064e-09 -1.85511e-09 -5.65969e-10 -4.02002e-10 -4.02002e-10 -4.02002e-10 -4.02002e-10 -4.02002e-10 -4.02002e-10 -4.02002e-10 -4.02002e-10 -4.02002e-10 -4.21551e-10 -1.05557e-10 -7.49485e-11 -7.49485e-11 -7.49485e-11 -7.49485e-11 -7.49485e-11 -7.49485e-11 -7.49485e-11 -7.49485e-11 -7.49485e-11 -7.53889e-11 -2.33862e-11 -1.75396e-11 -1.75396e-11 -1.75396e-11 -1.75396e-11 -1.75396e-11 -1.75396e-11 -1.75396e-11 -1.75396e-11 -1.75396e-11 -2.13474e-11
9.8235e-07 9.10419e-07 9.71202e-07 9.38941e-07 9.10419e-07 9.38941e-07 9.10419e-07 9.38941e-07 9.10419e-07 9.38941e-07 9.10419e-07 9.38941e-07 9.10419e-07 9.38941e-07 9.10419e-07 9.38941e-07 9.10419e-07 9.38941e-07 9.10419e-07 9.38941e-07 8.86442e-07 9.89167e-07 1.12578e-06 1.05198e-06 1.05198e-06 1.05198e-06 1.05198e-06 1.05198e-06 1.05198e-06 1.05198e-06 1.05198e-06 1.05198e-06 1.14077e-06 1.31119e-06 1.1834e-06 1.1834e-06 1.1834e-06 1.1834e-06 1.1834e-06 1.1834e-06 1.1834e-06 1.1834e-06 1.1834e-06 1.3229e-06 1.5355e-06 1.33873e-06 1.33873e-06 1.33873e-06 1.33873e-06 1.33873e-06 1.33873e-06 1.33873e-06 1.33873e-06 1.33873e-06 1.54417e-06 1.80939e-06 1.52542e-06 1.52542e-06 1.52542e-06 1.52542e-06 1.52542e-06 1.52542e-06 1.52542e-06 1.52542e-06 1.52542e-06 1.81554e-06 2.1464e-06 1.75291e-06 1.75291e-06 1.75291e-06 1.75291e-06 1.75291e-06 1.75291e-06 1.75291e-06 1.75291e-06 1.75291e-06 2.15063e-06 2.56337e-06 2.03278e-06 2.03278e-06 2.03278e-06 2.03278e-06 2.03278e-06 2.03278e-06 2.03278e-06 2.03278e-06 2.03278e-06 2.56621e-06 3.08112e-06 2.3792e-06 2.3792e-06 2.3792e-06 2.3792e-06 2.3792e-06 2.3792e-06 2.3792e-06 2.3792e-06 2.3792e-06 3.083e-06 3.72534e-06 2.8095e-06 2.8095e-06 2.8095e-06 2.8095e-06 2.8095e-06 2.8095e-06 2.8095e-06 2.8095e-06 2.8095e-06 3.72657e-06 4.52789e-06 3.34507e-06 3.34507e-06 3.34507e-06 3.34507e-06 3.34507e-06 3.34507e-06 3.34507e-06 3.34507e-06 3.34507e-06 4.52869e-06 5.52833e-06 4.01238e-06 4.01238e-06 4.01238e-06 4.01238e-06 4.01238e-06 4.01238e-06 4.01238e-06 4.01238e-06 4.01238e-06 5.52885e-06 6.77591e-06 4.84432e-06 4.84432e-06 4.84432e-06 4.84432e-06 4.84432e-06 4.84432e-06 4.84432e-06 4.84432e-06 4.84432e-06 6.77625e-06 8.33195e-06 5.88182e-06 5.88182e-06 5.88182e-06 5.88182e-06 5.88182e-06 5.88182e-06 5.88182e-06 5.88182e-06 5.88182e-06 8.33217e-06 1.02729e-05 7.17589e-06 7.17589e-06 7.17589e-06 7.17589e-06 7.17589e-06 7.17589e-06 7.17589e-06 7.17589e-06 7.17589e-06 1.0273e-05 1.26941e-05 8.79009e-06 8.79009e-06 8.79009e-06 8.79009e-06 8.79009e-06 8.79009e-06 8.79009e-06 8.79009e-06 8.79009e-06 1.26942e-05 1.57145e-05 1.08037e-05 1.08037e-05 1.08037e-05 1.08037e-05 1.08037e-05 1.08037e-05 1.08037e-05 1.08037e-05 1.08037e-05 1.57146e-05 1.94824e-05 1.33157e-05 1.33157e-05 1.33157e-05 1.33157e-05 1.33157e-05 1.33157e-05 1.33157e-05 1.33157e-05 1.33157e-05 1.94824e-05 2.41828e-05 1.64493e-05 1.64493e-05 1.64493e-05 1.64493e-05 1.64493e-05 1.64493e-05 1.64493e-05 1.64493e-05 1.64493e-05 2.41828e-05 3.00465e-05 2.03584e-05 2.03584e-05 2.03584e-05 2.03584e-05 2.03584e-05 2.03584e-05 2.03584e-05 2.03584e-05 2.03584e-05 3.00465e-05 3.73614e-05 2.52351e-05 2.52351e-05 2.52351e-05 2.52351e-05 2.52351e-05 2.52351e-05 2.52351e-05 2.52351e-05 2.52351e-05 3.73614e-05 5.13447e-05 3.45572e-05 3.45572e-05 3.45572e-05 3.45572e-05 3.45572e-05 3.45572e-05 3.45572e-05 3.45572e-05 3.45572e-05 5.13447e-05 5.54382e-05 3.72862e-05 3.72862e-05 3.72862e-05 3.72862e-05 3.72862e-05 3.72862e-05 3.72862e-05 3.72862e-05 3.72862e-05 5.54381e-05 4.47363e-05 3.01516e-05 3.01516e-05 3.01516e-05 3.01516e-05 3.01516e-05 3.01516e-05 3.01516e-05 3.01516e-05 3.01516e-05 4.47363e-05 3.59582e-05 2.42996e-05 2.42996e-05 2.42996e-05 2.42996e-05 2.42996e-05 2.42996e-05 2.42996e-05 2.42996e-05 2.42996e-05 3.59582e-05 2.89216e-05 1.96085e-05 1.96085e-05 1.96085e-05 1.96085e-05 1.96085e-05 1.96085e-05 1.96085e-05 1.96085e-05 1.96085e-05 2.89216e-05 2.32811e-05 1.58481e-05 1.58481e-05 1.58481e-05 1.58481e-05 1.58481e-05 1.58481e-05 1.58481e-05 1.58481e-05 1.58481e-05 2.32811e-05 1.87596e-05 1.28338e-05 1.28338e-05 1.28338e-05 1.28338e-05 1.28338e-05 1.28338e-05 1.28338e-05 1.28338e-05 1.28338e-05 1.87596e-05 1.51352e-05 1.04174e-05 1.04174e-05 1.04174e-05 1.04174e-05 1.04174e-05 1.04174e-05 1.04174e-05 1.04174e-05 1.04174e-05 1.51351e-05 1.22298e-05 8.48044e-06 8.48044e-06 8.48044e-06 8.48044e-06 8.48044e-06 8.48044e-06 8.48044e-06 8.48044e-06 8.48044e-06 1.22297e-05 9.90073e-06 6.92765e-06 6.92765e-06 6.92765e-06 6.92765e-06 6.92765e-06 6.92765e-06 6.92765e-06 6.92765e-06 6.92765e-06 9.90058e-06 8.0337e-06 5.68281e-06 5.68281e-06 5.68281e-06 5.68281e-06 5.68281e-06 5.68281e-06 5.68281e-06 5.68281e-06 5.68281e-06 8.03347e-06 6.53697e-06 4.68475e-06 4.68475e-06 4.68475e-06 4.68475e-06 4.68475e-06 4.68475e-06 4.68475e-06 4.68475e-06 4.68475e-06 6.53661e-06 5.33701e-06 3.88441e-06 3.88441e-06 3.88441e-06 3.88441e-06 3.88441e-06 3.88441e-06 3.88441e-06 3.88441e-06 3.88441e-06 5.33645e-06 4.37485e-06 3.24239e-06 3.24239e-06 3.24239e-06 3.24239e-06 3.24239e-06 3.24239e-06 3.24239e-06 3.24239e-06 3.24239e-06 4.37399e-06 3.60316e-06 2.72705e-06 2.72705e-06 2.72705e-06 2.72705e-06 2.72705e-06 2.72705e-06 2.72705e-06 2.72705e-06 2.72705e-06 3.60184e-06 2.98394e-06 2.31289e-06 2.31289e-06 2.31289e-06 2.31289e-06 2.31289e-06 2.31289e-06 2.31289e-06 2.31289e-06 2.31289e-06 2.98192e-06 2.48662e-06 1.9793e-06 1.9793e-06 1.9793e-06 1.9793e-06 1.9793e-06 1.9793e-06 1.9793e-06 1.9793e-06 1.9793e-06 2.48357e-06 2.08653e-06 1.70956e-06 1.70956e-06 1.70956e-06 1.70956e-06 1.70956e-06 1.70956e-06 1.70956e-06 1.70956e-06 1.70956e-06 2.08201e-06 1.76374e-06 1.49e-06 1.49e-06 1.49e-06 1.49e-06 1.49e-06 1.49e-06 1.49e-06 1.49e-06 1.49e-06 1.75719e-06 1.50207e-06 1.30944e-06 1.30944e-06 1.30944e-06 1.30944e-06 1.30944e-06 1.30944e-06 1.30944e-06 1.30944e-06 1.30944e-06 1.49289e-06 1.28839e-06 1.15879e-06 1.15879e-06 1.15879e-06 1.15879e-06 1.15879e-06 1.15879e-06 1.15879e-06 1.15879e-06 1.15879e-06 1.2761e-06 1.11216e-06 1.03095e-06 1.03095e-06 1.03095e-06 1.03095e-06 1.03095e-06 1.03095e-06 1.03095e-06 1.03095e-06 1.03095e-06 1.09662e-06 1.02128e-06 9.69936e-07 9.69936e-07 9.69936e-07 9.69936e-07 9.69936e-07 9.69936e-07 9.69936e-07 9.69936e-07 9.69936e-07 1.02065e-06 9.67918e-07 9.71526e-07 9.71526e-07 9.71526e-07 9.71526e-07 9.71526e-07 9.71526e-07 9.71526e-07 9.71526e-07 9.71526e-07 1.07581e-06
-9.8235e-07 -9.10419e-07 -9.71202e-07 -9.38941e-07 -9.10419e-07 -9.38941e-07 -9.10419e-07 -9.38941e-07 -9.10419e-07 -9.38941e-07 -9.10419e-07 -9.38941e-07 -9.10419e-07 -9.38941e-07 -9.10419e-07 -9.38941e-07 -9.10419e-07 -9.38941e-07 -9.10419e-07 -9.38941e-07 -8.86442e-07 -9.89167e-07 -1.12578e-06 -1.05198e-06 -1.05198e-06 -1.05198e-06 -1.05198e-06 -1.05198e-06 -1.05198e-06 -1.05198e-06 -1.05198e-06 -1.05198e-06 -1.14077e-06 -1.31119e-06 -1.1834e-06 -1.1834e-06 -1.1834e-06 -1.1834e-06 -1.1834e-06 -1.1834e-06 -1.1834e-06 -1.1834e-06 -1.1834e-06 -1.3229e-06 -1.5355e-06 -1.33873e-06 -1.33873e-06 -1.33873e-06 -1.33873e-06 -1.33873e-06 -1.33873e-06 -1.33873e-06 -1.33873e-06 -1.33873e-06 -1.54417e-06 -1.80939e-06 -1.52542e-06 -1.52542e-06 -1.52542e-06 -1.52542e-06 -1.52542e-06 -1.52542e-06 -1.52542e-06 -1.52542e-06 -1.52542e-06 -1.81554e-06 -2.1464e-06 -1.75291e-06 -1.75291e-06 -1.75291e-06 -1.75291e-06 -1.75291e-06 -1.75291e-06 -1.75291e-06 -1.75291e-06 -1.75291e-06 -2.15063e-06 -2.56337e-06 -2.03278e-06 -2.03278e-06 -2.03278e-06 -2.03278e-06 -2.03278e-06 -2.03278e-06 -2.03278e-06 -2.03278e-06 -2.03278e-06 -2.56621e-06 -3.08112e-06 -2.3792e-06 -2.3792e-06 -2.3792e-06 -2.3792e-06 -2.3792e-06 -2.3792e-06 -2.3792e-06 -2.3792e-06 -2.3792e-06 -3.083e-06 -3.72534e-06 -2.8095e-06 -2.8095e-06 -2.8095e-06 -2.8095e-06 -2.8095e-06 -2.8095e-06 -2.8095e-06 -2.8095e-06 -2.8095e-06 -3.72657e-06 -4.52789e-06 -3.34507e-06 -3.34507e-06 -3.34507e-06 -3.34507e-06 -3.34507e-06 -3.34507e-06 -3.34507e-06 -3.34507e-06 -3.34507e-06 -4.52869e-06 -5.52833e-06 -4.01238e-06 -4.01238e-06 -4.01238e-06 -4.01238e-06 -4.01238e-06 -4.01238e-06 -4.01238e-06 -4.01238e-06 -4.01238e-06 -5.52885e-06 -6.77591e-06 -4.84432e-06 -4.84432e-06 -4.84432e-06 -4.84432e-06 -4.84432e-06 -4.84432e-06 -4.84432e-06 -4.84432e-06 -4.84432e-06 -6.77625e-06 -8.33195e-06 -5.88182e-06 -5.88182e-06 -5.88182e-06 -5.88182e-06 -5.88182e-06 -5.88182e-06 -5.88182e-06 -5.88182e-06 -5.88182e-06 -8.33217e-06 -1.02729e-05 -7.17589e-06 -7.17589e-06 -7.17589e-06 -7.17589e-06 -7.17589e-06 -7.17589e-06 -7.17589e-06 -7.17589e-06 -7.17589e-06 -1.0273e-05 -1.26941e-05 -8.79009e-06 -8.79009e-06 -8.79009e-06 -8.79009e-06 -8.79009e-06 -8.79009e-06 -8.79009e-06 -8.79009e-06 -8.79009e-06 -1.26942e-05 -1.57145e-05 -1.08037e-05 -1.08037e-05 -1.08037e-05 -1.08037e-05 -1.08037e-05 -1.08037e-05 -1.08037e-05 -1.08037e-05 -1.08037e-05 -1.57146e-05 -1.94824e-05 -1.33157e-05 -1.33157e-05 -1.33157e-05 -1.33157e-05 -1.33157e-05 -1.33157e-05 -1.33157e-05 -1.33157e-05 -1.33157e-05 -1.94824e-05 -2.41828e-05 -1.64493e-05 -1.64493e-05 -1.64493e-05 -1.64493e-05 -1.64493e-05 -1.64493e-05 -1.64493e-05 -1.64493e-05 -1.64493e-05 -2.41828e-05 -3.00465e-05 -2.03584e-05 -2.03584e-05 -2.03584e-05 -2.03584e-05 -2.03584e-05 -2.03584e-05 -2.03584e-05 -2.03584e-05 -2.03584e-05 -3.00465e-05 -3.73614e-05 -2.52351e-05 -2.52351e-05 -2.52351e-05 -2.52351e-05 -2.52351e-05 -2.52351e-05 -2.52351e-05 -2.52351e-05 -2.52351e-05 -3.73614e-05 -5.13447e-05 -3.45572e-05 -3.45572e-05 -3.45572e-05 -3.45572e-05 -3.45572e-05 -3.45572e-05 -3.45572e-05 -3.45572e-05 -3.45572e-05 -5.13447e-05 -5.54382e-05 -3.72862e-05 -3.72862e-05 -3.72862e-05 -3.72862e-05 -3.72862e-05 -3.72862e-05 -3.72862e-05 -3.72862e-05 -3.72862e-05 -5.54381e-05 -4.47363e-05 -3.01516e-05 -3.01516e-05 -3.01516e-05 -3.01516e-05 -3.01516e-05 -3.01516e-05 -3.01516e-05 -3.01516e-05 -3.01516e-05 -4.47363e-05 -3.59582e-05 -2.42996e-05 -2.42996e-05 -2.42996e-05 -2.42996e-05 -2.42996e-05 -2.42996e-05 -2.42996e-05 -2.42996e-05 -2.42996e-05 -3.59582e-05 -2.89216e-05 -1.96085e-05 -1.96085e-05 -1.96085e-05 -1.96085e-05 -1.96085e-05 -1.96085e-05 -1.96085e-05 -1.96085e-05 -1.96085e-05 -2.89216e-05 -2.32811e-05 -1.58481e-05 -1.58481e-05 -1.58481e-05 -1.58481e-05 -1.58481e-05 -1.58481e-05 -1.58481e-05 -1.58481e-05 -1.58481e-05 -2.32811e-05 -1.87596e-05 -1.28338e-05 -1.28338e-05 -1.28338e-05 -1.28338e-05 -1.28338e-05 -1.28338e-05 -1.28338e-05 -1.28338e-05 -1.28338e-05 -1.87596e-05 -1.51352e-05 -1.04174e-05 -1.04174e-05 -1.04174e-05 -1.04174e-05 -1.04174e-05 -1.04174e-05 -1.04174e-05 -1.04174e-05 -1.04174e-05 -1.51351e-05 -1.22298e-05 -8.48044e-06 -8.48044e-06 -8.48044e-06 -8.48044e-06 -8.48044e-06 -8.48044e-06 -8.48044e-06 -8.48044e-06 -8.48044e-06 -1.22297e-05 -9.90073e-06 -6.92765e-06 -6.92765e-06 -6.92765e-06 -6.92765e-06 -6.92765e-06 -6.92765e-06 -6.92765e-06 -6.92765e-06 -6.92765e-06 -9.90058e-06 -8.0337e-06 -5.68281e-06 -5.68281e-06 -5.68281e-06 -5.68281e-06 -5.68281e-06 -5.68281e-06 -5.68281e-06 -5.68281e-06 -5.68281e-06 -8.03347e-06 -6.53697e-06 -4.68475e-06 -4.68475e-06 -4.68475e-06 -4.68475e-06 -4.68475e-06 -4.68475e-06 -4.68475e-06 -4.68475e-06 -4.68475e-06 -6.53661e-06 -5.33701e-06 -3.88441e-06 -3.88441e-06 -3.88441e-06 -3.88441e-06 -3.88441e-06 -3.88441e-06 -3.88441e-06 -3.88441e-06 -3.88441e-06 -5.33645e-06 -4.37485e-06 -3.24239e-06 -3.24239e-06 -3.24239e-06 -3.24239e-06 -3.24239e-06 -3.24239e-06 -3.24239e-06 -3.24239e-06 -3.24239e-06 -4.37399e-06 -3.60316e-06 -2.72705e-06 -2.72705e-06 -2.72705e-06 -2.72705e-06 -2.72705e-06 -2.72705e-06 -2.72705e-06 -2.72705e-06 -2.72705e-06 -3.60184e-06 -2.98394e-06 -2.31289e-06 -2.31289e-06 -2.31289e-06 -2.31289e-06 -2.31289e-06 -2.31289e-06 -2.31289e-06 -2.31289e-06 -2.31289e-06 -2.98192e-06 -2.48662e-06 -1.9793e-06 -1.9793e-06 -1.9793e-06 -1.9793e-06 -1.9793e-06 -1.9793e-06 -1.9793e-06 -1.9793e-06 -1.9793e-06 -2.48357e-06 -2.08653e-06 -1.70956e-06 -1.70956e-06 -1.70956e-06 -1.70956e-06 -1.70956e-06 -1.70956e-06 -1.70956e-06 -1.70956e-06 -1.70956e-06 -2.08201e-06 -1.76374e-06 -1.49e-06 -1.49e-06 -1.49e-06 -1.49e-06 -1.49e-06 -1.49e-06 -1.49e-06 -1.49e-06 -1.49e-06 -1.75719e-06 -1.50207e-06 -1.30944e-06 -1.30944e-06 -1.30944e-06 -1.30944e-06 -1.30944e-06 -1.30944e-06 -1.30944e-06 -1.30944e-06 -1.30944e-06 -1.49289e-06 -1.28839e-06 -1.15879e-06 -1.15879e-06 -1.15879e-06 -1.15879e-06 -1.15879e-06 -1.15879e-06 -1.15879e-06 -1.15879e-06 -1.15879e-06 -1.2761e-06 -1.11216e-06 -1.03095e-06 -1.03095e-06 -1.03095e-06 -1.03095e-06 -1.03095e-06 -1.03095e-06 -1.03095e-06 -1.03095e-06 -1.03095e-06 -1.09662e-06 -1.02128e-06 -9.69936e-07 -9.69936e-07 -9.69936e-07 -9.69936e-07 -9.69936e-07 -9.69936e-07 -9.69936e-07 -9.69936e-07 -9.69936e-07 -1.02065e-06 -9.67918e-07 -9.71526e-07 -9.71526e-07 -9.71526e-07 -9.71526e-07 -9.71526e-07 -9.71526e-07 -9.71526e-07 -9.71526e-07 -9.71526e-07 -1.07581e-06
-1.89618e-11 -1.61849e-11 -9.64148e-11 -8.87915e-11 -2.77693e-12 -8.87915e-11 -2.77664e-12 -8.87913e-11 -2.7736e-12 -8.87894e-11 -2.74487e-12 -8.87731e-11 -2.47153e-12 -8.86318e-11 1.75185e-13 -8.74074e-11 -6.42501e-13 -8.95243e-11 -3.52562e-12 -8.972e-11 -4.72424e-12 -1.43163e-10 -5.57491e-10 -5.25577e-10 -5.25577e-10 -5.25577e-10 -5.25577e-10 -5.25581e-10 -5.2561e-10 -5.25781e-10 -5.26041e-10 -5.26089e-10 -7.38712e-10 -2.32948e-09 -2.06326e-09 -2.06326e-09 -2.06326e-09 -2.06326e-09 -2.06326e-09 -2.06326e-09 -2.0633e-09 -2.06335e-09 -2.06336e-09 -2.86412e-09 -7.33033e-09 -6.1319e-09 -6.1319e-09 -6.1319e-09 -6.1319e-09 -6.1319e-09 -6.1319e-09 -6.13191e-09 -6.13192e-09 -6.13193e-09 -8.43248e-09 -1.75843e-08 -1.39901e-08 -1.39901e-08 -1.39901e-08 -1.39901e-08 -1.39901e-08 -1.39901e-08 -1.39901e-08 -1.39901e-08 -1.39901e-08 -1.91176e-08 -3.28906e-08 -2.51183e-08 -2.51183e-08 -2.51183e-08 -2.51183e-08 -2.51183e-08 -2.51183e-08 -2.51183e-08 -2.51183e-08 -2.51183e-08 -3.42766e-08 -5.01776e-08 -3.71579e-08 -3.71579e-08 -3.71579e-08 -3.71579e-08 -3.71579e-08 -3.71579e-08 -3.71579e-08 -3.71579e-08 -3.71579e-08 -5.095e-08 -6.61787e-08 -4.79167e-08 -4.79167e-08 -4.79167e-08 -4.79167e-08 -4.79167e-08 -4.79167e-08 -4.79167e-08 -4.79167e-08 -4.79167e-08 -6.63158e-08 -7.94702e-08 -5.65799e-08 -5.65799e-08 -5.65799e-08 -5.65799e-08 -5.65799e-08 -5.65799e-08 -5.65799e-08 -5.65799e-08 -5.65799e-08 -7.91735e-08 -9.00272e-08 -6.32667e-08 -6.32667e-08 -6.32667e-08 -6.32667e-08 -6.32667e-08 -6.32667e-08 -6.32667e-08 -6.32667e-08 -6.32667e-08 -8.95005e-08 -9.82976e-08 -6.83704e-08 -6.83704e-08 -6.83704e-08 -6.83704e-08 -6.83704e-08 -6.83704e-08 -6.83704e-08 -6.83704e-08 -6.83704e-08 -9.76827e-08 -1.04766e-07 -7.22701e-08 -7.22701e-08 -7.22701e-08 -7.22701e-08 -7.22701e-08 -7.22701e-08 -7.22701e-08 -7.22701e-08 -7.22701e-08 -1.04147e-07 -1.09836e-07 -7.52656e-08 -7.52656e-08 -7.52656e-08 -7.52656e-08 -7.52656e-08 -7.52656e-08 -7.52656e-08 -7.52656e-08 -7.52656e-08 -1.09259e-07 -1.13823e-07 -7.75807e-08 -7.75807e-08 -7.75807e-08 -7.75807e-08 -7.75807e-08 -7.75807e-08 -7.75807e-08 -7.75807e-08 -7.75807e-08 -1.13308e-07 -1.16969e-07 -7.93807e-08 -7.93807e-08 -7.93807e-08 -7.93807e-08 -7.93807e-08 -7.93807e-08 -7.93807e-08 -7.93807e-08 -7.93807e-08 -1.16523e-07 -1.19458e-07 -8.07875e-08 -8.07875e-08 -8.07875e-08 -8.07875e-08 -8.07875e-08 -8.07875e-08 -8.07875e-08 -8.07875e-08 -8.07875e-08 -1.19079e-07 -1.21432e-07 -8.18919e-08 -8.18919e-08 -8.18919e-08 -8.18919e-08 -8.18919e-08 -8.18919e-08 -8.18919e-08 -8.18919e-08 -8.18919e-08 -1.21114e-07 -1.23001e-07 -8.27624e-08 -8.27624e-08 -8.27624e-08 -8.27624e-08 -8.27624e-08 -8.27624e-08 -8.27624e-08 -8.27624e-08 -8.27624e-08 -1.22737e-07 -1.24249e-07 -8.34506e-08 -8.34506e-08 -8.34506e-08 -8.34506e-08 -8.34506e-08 -8.34506e-08 -8.34506e-08 -8.34506e-08 -8.34506e-08 -1.24033e-07 -1.25245e-07 -8.39961e-08 -8.39961e-08 -8.39961e-08 -8.39961e-08 -8.39961e-08 -8.39961e-08 -8.39961e-08 -8.39961e-08 -8.39961e-08 -1.25068e-07 -1.26009e-07 -8.43444e-08 -8.43444e-08 -8.43444e-08 -8.43444e-08 -8.43444e-08 -8.43444e-08 -8.43444e-08 -8.43444e-08 -8.43444e-08 -1.25767e-07 -1.26169e-07 -8.45315e-08 -8.45315e-08 -8.45315e-08 -8.45315e-08 -8.45315e-08 -8.45315e-08 -8.45315e-08 -8.45315e-08 -8.45315e-08 -1.2629e-07 -1.2584e-07 -8.44121e-08 -8.44121e-08 -8.44121e-08 -8.44121e-08 -8.44121e-08 -8.44121e-08 -8.44121e-08 -8.44121e-08 -8.44121e-08 -1.2599e-07 -1.2498e-07 -8.39611e-08 -8.39611e-08 -8.39611e-08 -8.39611e-08 -8.39611e-08 -8.39611e-08 -8.39611e-08 -8.39611e-08 -8.39611e-08 -1.25164e-07 -1.23903e-07 -8.33932e-08 -8.33932e-08 -8.33932e-08 -8.33932e-08 -8.33932e-08 -8.33932e-08 -8.33932e-08 -8.33932e-08 -8.33932e-08 -1.24128e-07 -1.22556e-07 -8.26764e-08 -8.26764e-08 -8.26764e-08 -8.26764e-08 -8.26764e-08 -8.26764e-08 -8.26764e-08 -8.26764e-08 -8.26764e-08 -1.22828e-07 -1.20867e-07 -8.17693e-08 -8.17693e-08 -8.17693e-08 -8.17693e-08 -8.17693e-08 -8.17693e-08 -8.17693e-08 -8.17693e-08 -8.17693e-08 -1.21195e-07 -1.18749e-07 -8.06176e-08 -8.06176e-08 -8.06176e-08 -8.06176e-08 -8.06176e-08 -8.06176e-08 -8.06176e-08 -8.06176e-08 -8.06176e-08 -1.1914e-07 -1.16089e-07 -7.91496e-08 -7.91496e-08 -7.91496e-08 -7.91496e-08 -7.91496e-08 -7.91496e-08 -7.91496e-08 -7.91496e-08 -7.91496e-08 -1.16547e-07 -1.12742e-07 -7.72696e-08 -7.72696e-08 -7.72696e-08 -7.72696e-08 -7.72696e-08 -7.72696e-08 -7.72696e-08 -7.72696e-08 -7.72696e-08 -1.13269e-07 -1.08525e-07 -7.48491e-08 -7.48491e-08 -7.48491e-08 -7.48491e-08 -7.48491e-08 -7.48491e-08 -7.48491e-08 -7.48491e-08 -7.48491e-08 -1.09112e-07 -1.03199e-07 -7.17138e-08 -7.17138e-08 -7.17138e-08 -7.17138e-08 -7.17138e-08 -7.17138e-08 -7.17138e-08 -7.17138e-08 -7.17138e-08 -1.03822e-07 -9.64625e-08 -6.76278e-08 -6.76278e-08 -6.76278e-08 -6.76278e-08 -6.76278e-08 -6.76278e-08 -6.76278e-08 -6.76278e-08 -6.76278e-08 -9.70703e-08 -8.79362e-08 -6.22766e-08 -6.22766e-08 -6.22766e-08 -6.22766e-08 -6.22766e-08 -6.22766e-08 -6.22766e-08 -6.22766e-08 -6.22766e-08 -8.84357e-08 -7.7188e-08 -5.52696e-08 -5.52696e-08 -5.52696e-08 -5.52696e-08 -5.52696e-08 -5.52696e-08 -5.52696e-08 -5.52696e-08 -5.52696e-08 -7.74259e-08 -6.38645e-08 -4.62304e-08 -4.62304e-08 -4.62304e-08 -4.62304e-08 -4.62304e-08 -4.62304e-08 -4.62304e-08 -4.62304e-08 -4.62304e-08 -6.36291e-08 -4.81278e-08 -3.51441e-08 -3.51441e-08 -3.51441e-08 -3.51441e-08 -3.51441e-08 -3.51441e-08 -3.51441e-08 -3.51441e-08 -3.51441e-08 -4.7235e-08 -3.1464e-08 -2.30624e-08 -2.30624e-08 -2.30624e-08 -2.30624e-08 -2.30624e-08 -2.30624e-08 -2.30624e-08 -2.30624e-08 -2.30624e-08 -3.00053e-08 -1.6895e-08 -1.23537e-08 -1.23537e-08 -1.23537e-08 -1.23537e-08 -1.23537e-08 -1.23537e-08 -1.23537e-08 -1.23537e-08 -1.23537e-08 -1.54009e-08 -7.12893e-09 -5.17652e-09 -5.17652e-09 -5.17652e-09 -5.17652e-09 -5.17652e-09 -5.17652e-09 -5.17652e-09 -5.17652e-09 -5.17652e-09 -6.12929e-09 -2.30951e-09 -1.66064e-09 -1.66064e-09 -1.66064e-09 -1.66064e-09 -1.66064e-09 -1.66064e-09 -1.66064e-09 -1.66064e-09 -1.66064e-09 -1.85511e-09 -5.65969e-10 -4.02002e-10 -4.02002e-10 -4.02002e-10 -4.02002e-10 -4.02002e-10 -4.02002e-10 -4.02002e-10 -4.02002e-10 -4.02002e-10 -4.21551e-10 -1.05557e-10 -7.49485e-11 -7.49485e-11 -7.49485e-11 -7.49485e-11 -7.49485e-11 -7.49485e-11 -7.49485e-11 -7.49485e-11 -7.49485e-11 -7.53889e-11 -2.33862e-11 -1.75396e-11 -1.75396e-11 -1.75396e-11 -1.75396e-11 -1.75396e-11 -1.75396e-11 -1.75396e-11 -1.75396e-11 -1.75396e-11 -2.13474e-11
9.8235e-07 9.10419e-07 9.71202e-07 9.38941e-07 9.10419e-07 9.38941e-07 9.10419e-07 9.38941e-07 9.10419e-07 9.38941e-07 9.10419e-07 9.38941e-07 9.10419e-07 9.38941e-07 9.10419e-07 9.38941e-07 9.10419e-07 9.38941e-07 9.10419e-07 9.38941e-07 8.86442e-07 9.89167e-07 1.12578e-06 1.05198e-06 1.05198e-06 1.05198e-06 1.05198e-06 1.05198e-06 1.05198e-06 1.05198e-06 1.05198e-06 1.05198e-06 1.14077e-06 1.31119e-06 1.1834e-06 1.1834e-06 1.1834e-06 1.1834e-06 1.1834e-06 1.1834e-06 1.1834e-06 1.1834e-06 1.1834e-06 1.3229e-06 1.5355e-06 1.33873e-06 1.33873e-06 1.33873e-06 1.33873e-06 1.33873e-06 1.33873e-06 1.33873e-06 1.33873e-06 1.33873e-06 1.54417e-06 1.80939e-06 1.52542e-06 1.52542e-06 1.52542e-06 1.52542e-06 1.52542e-06 1.52542e-06 1.52542e-06 1.52542e-06 1.52542e-06 1.81554e-06 2.1464e-06 1.75291e-06 1.75291e-06 1.75291e-06 1.75291e-06 1.75291e-06 1.75291e-06 1.75291e-06 1.75291e-06 1.75291e-06 2.15063e-06 2.56337e-06 2.03278e-06 2.03278e-06 2.03278e-06 2.03278e-06 2.03278e-06 2.03278e-06 2.03278e-06 2.03278e-06 2.03278e-06 2.56621e-06 3.08112e-06 2.3792e-06 2.3792e-06 2.3792e-06 2.3792e-06 2.3792e-06 2.3792e-06 2.3792e-06 2.3792e-06 2.3792e-06 3.083e-06 3.72534e-06 2.8095e-06 2.8095e-06 2.8095e-06 2.8095e-06 2.8095e-06 2.8095e-06 2.8095e-06 2.8095e-06 2.8095e-06 3.72657e-06 4.52789e-06 3.34507e-06 3.34507e-06 3.34507e-06 3.34507e-06 3.34507e-06 3.34507e-06 3.34507e-06 3.34507e-06 3.34507e-06 4.52869e-06 5.52833e-06 4.01238e-06 4.01238e-06 4.01238e-06 4.01238e-06 4.01238e-06 4.01238e-06 4.01238e-06 4.01238e-06 4.01238e-06 5.52885e-06 6.77591e-06 4.84432e-06 4.84432e-06 4.84432e-06 4.84432e-06 4.84432e-06 4.84432e-06 4.84432e-06 4.84432e-06 4.84432e-06 6.77625e-06 8.33195e-06 5.88182e-06 5.88182e-06 5.88182e-06 5.88182e-06 5.88182e-06 5.88182e-06 5.88182e-06 5.88182e-06 5.88182e-06 8.33217e-06 1.02729e-05 7.17589e-06 7.17589e-06 7.17589e-06 7.17589e-06 7.17589e-06 7.17589e-06 7.17589e-06 7.17589e-06 7.17589e-06 1.0273e-05 1.26941e-05 8.79009e-06 8.79009e-06 8.79009e-06 8.79009e-06 8.79009e-06 8.79009e-06 8.79009e-06 8.79009e-06 8.79009e-06 1.26942e-05 1.57145e-05 1.08037e-05 1.08037e-05 1.08037e-05 1.08037e-05 1.08037e-05 1.08037e-05 1.08037e-05 1.08037e-05 1.08037e-05 1.57146e-05 1.94824e-05 1.33157e-05 1.33157e-05 1.33157e-05 1.33157e-05 1.33157e-05 1.33157e-05 1.33157e-05 1.33157e-05 1.33157e-05 1.94824e-05 2.41828e-05 1.64493e-05 1.64493e-05 1.64493e-05 1.64493e-05 1.64493e-05 1.64493e-05 1.64493e-05 1.64493e-05 1.64493e-05 2.41828e-05 3.00465e-05 2.03584e-05 2.03584e-05 2.03584e-05 2.03584e-05 2.03584e-05 2.03584e-05 2.03584e-05 2.03584e-05 2.03584e-05 3.00465e-05 3.73614e-05 2.52351e-05 2.52351e-05 2.52351e-05 2.52351e-05 2.52351e-05 2.52351e-05 2.52351e-05 2.52351e-05 2.52351e-05 3.73614e-05 5.13447e-05 3.45572e-05 3.45572e-05 3.45572e-05 3.45572e-05 3.45572e-05 3.45572e-05 3.45572e-05 3.45572e-05 3.45572e-05 5.13447e-05 5.54382e-05 3.72862e-05 3.72862e-05 3.72862e-05 3.72862e-05 3.72862e-05 3.72862e-05 3.72862e-05 3.72862e-05 3.72862e-05 5.54381e-05 4.47363e-05 3.01516e-05 3.01516e-05 3.01516e-05 3.01516e-05 3.01516e-05 3.01516e-05 3.01516e-05 3.01516e-05 3.01516e-05 4.47363e-05 3.59582e-05 2.42996e-05 2.42996e-05 2.42996e-05 2.42996e-05 2.42996e-05 2.42996e-05 2.42996e-05 2.42996e-05 2.42996e-05 3.59582e-05 2.89216e-05 1.96085e-05 1.96085e-05 1.96085e-05 1.96085e-05 1.96085e-05 1.96085e-05 1.96085e-05 1.96085e-05 1.96085e-05 2.89216e-05 2.32811e-05 1.58481e-05 1.58481e-05 1.58481e-05 1.58481e-05 1.58481e-05 1.58481e-05 1.58481e-05 1.58481e-05 1.58481e-05 2.32811e-05 1.87596e-05 1.28338e-05 1.28338e-05 1.28338e-05 1.28338e-05 1.28338e-05 1.28338e-05 1.28338e-05 1.28338e-05 1.28338e-05 1.87596e-05 1.51352e-05 1.04174e-05 1.04174e-05 1.04174e-05 1.04174e-05 1.04174e-05 1.04174e-05 1.04174e-05 1.04174e-05 1.04174e-05 1.51351e-05 1.22298e-05 8.48044e-06 8.48044e-06 8.48044e-06 8.48044e-06 8.48044e-06 8.48044e-06 8.48044e-06 8.48044e-06 8.48044e-06 1.22297e-05 9.90073e-06 6.92765e-06 6.92765e-06 6.92765e-06 6.92765e-06 6.92765e-06 6.92765e-06 6.92765e-06 6.92765e-06 6.92765e-06 9.90058e-06 8.0337e-06 5.68281e-06 5.68281e-06 5.68281e-06 5.68281e-06 5.68281e-06 5.68281e-06 5.68281e-06 5.68281e-06 5.68281e-06 8.03347e-06 6.53697e-06 4.68475e-06 4.68475e-06 4.68475e-06 4.68475e-06 4.68475e-06 4.68475e-06 4.68475e-06 4.68475e-06 4.68475e-06 6.53661e-06 5.33701e-06 3.88441e-06 3.88441e-06 3.88441e-06 3.88441e-06 3.88441e-06 3.88441e-06 3.88441e-06 3.88441e-06 3.88441e-06 5.33645e-06 4.37485e-06 3.24239e-06 3.24239e-06 3.24239e-06 3.24239e-06 3.24239e-06 3.24239e-06 3.24239e-06 3.24239e-06 3.24239e-06 4.37399e-06 3.60316e-06 2.72705e-06 2.72705e-06 2.72705e-06 2.72705e-06 2.72705e-06 2.72705e-06 2.72705e-06 2.72705e-06 2.72705e-06 3.60184e-06 2.98394e-06 2.31289e-06 2.31289e-06 2.31289e-06 2.31289e-06 2.31289e-06 2.31289e-06 2.31289e-06 2.31289e-06 2.31289e-06 2.98192e-06 2.48662e-06 1.9793e-06 1.9793e-06 1.9793e-06 1.9793e-06 1.9793e-06 1.9793e-06 1.9793e-06 1.9793e-06 1.9793e-06 2.48357e-06 2.08653e-06 1.70956e-06 1.70956e-06 1.70956e-06 1.70956e-06 1.70956e-06 1.70956e-06 1.70956e-06 1.70956e-06 1.70956e-06 2.08201e-06 1.76374e-06 1.49e-06 1.49e-06 1.49e-06 1.49e-06 1.49e-06 1.49e-06 1.49e-06 1.49e-06 1.49e-06 1.75719e-06 1.50207e-06 1.30944e-06 1.30944e-06 1.30944e-06 1.30944e-06 1.30944e-06 1.30944e-06 1.30944e-06 1.30944e-06 1.30944e-06 1.49289e-06 1.28839e-06 1.15879e-06 1.15879e-06 1.15879e-06 1.15879e-06 1.15879e-06 1.15879e-06 1.15879e-06 1.15879e-06 1.15879e-06 1.2761e-06 1.11216e-06 1.03095e-06 1.03095e-06 1.03095e-06 1.03095e-06 1.03095e-06 1.03095e-06 1.03095e-06 1.03095e-06 1.03095e-06 1.09662e-06 1.02128e-06 9.69936e-07 9.69936e-07 9.69936e-07 9.69936e-07 9.69936e-07 9.69936e-07 9.69936e-07 9.69936e-07 9.69936e-07 1.02065e-06 9.67918e-07 9.71526e-07 9.71526e-07 9.71526e-07 9.71526e-07 9.71526e-07 9.71526e-07 9.71526e-07 9.71526e-07 9.71526e-07 1.07581e-06
-9.8235e-07 -9.10419e-07 -9.71202e-07 -9.38941e-07 -9.10419e-07 -9.38941e-07 -9.10419e-07 -9.38941e-07 -9.10419e-07 -9.38941e-07 -9.10419e-07 -9.38941e-07 -9.10419e-07 -9.38941e-07 -9.10419e-07 -9.38941e-07 -9.10419e-07 -9.38941e-07 -9.10419e-07 -9.38941e-07 -8.86442e-07 -9.89167e-07 -1.12578e-06 -1.05198e-06 -1.05198e-06 -1.05198e-06 -1.05198e-06 -1.05198e-06 -1.05198e-06 -1.05198e-06 -1.05198e-06 -1.05198e-06 -1.14077e-06 -1.31119e-06 -1.1834e-06 -1.1834e-06 -1.1834e-06 -1.1834e-06 -1.1834e-06 -1.1834e-06 -1.1834e-06 -1.1834e-06 -1.1834e-06 -1.3229e-06 -1.5355e-06 -1.33873e-06 -1.33873e-06 -1.33873e-06 -1.33873e-06 -1.33873e-06 -1.33873e-06 -1.33873e-06 -1.33873e-06 -1.33873e-06 -1.54417e-06 -1.80939e-06 -1.52542e-06 -1.52542e-06 -1.52542e-06 -1.52542e-06 -1.52542e-06 -1.52542e-06 -1.52542e-06 -1.52542e-06 -1.52542e-06 -1.81554e-06 -2.1464e-06 -1.75291e-06 -1.75291e-06 -1.75291e-06 -1.75291e-06 -1.75291e-06 -1.75291e-06 -1.75291e-06 -1.75291e-06 -1.75291e-06 -2.15063e-06 -2.56337e-06 -2.03278e-06 -2.03278e-06 -2.03278e-06 -2.03278e-06 -2.03278e-06 -2.03278e-06 -2.03278e-06 -2.03278e-06 -2.03278e-06 -2.56621e-06 -3.08112e-06 -2.3792e-06 -2.3792e-06 -2.3792e-06 -2.3792e-06 -2.3792e-06 -2.3792e-06 -2.3792e-06 -2.3792e-06 -2.3792e-06 -3.083e-06 -3.72534e-06 -2.8095e-06 -2.8095e-06 -2.8095e-06 -2.8095e-06 -2.8095e-06 -2.8095e-06 -2.8095e-06 -2.8095e-06 -2.8095e-06 -3.72657e-06 -4.52789e-06 -3.34507e-06 -3.34507e-06 -3.34507e-06 -3.34507e-06 -3.34507e-06 -3.34507e-06 -3.34507e-06 -3.34507e-06 -3.34507e-06 -4.52869e-06 -5.52833e-06 -4.01238e-06 -4.01238e-06 -4.01238e-06 -4.01238e-06 -4.01238e-06 -4.01238e-06 -4.01238e-06 -4.01238e-06 -4.01238e-06 -5.52885e-06 -6.77591e-06 -4.84432e-06 -4.84432e-06 -4.84432e-06 -4.84432e-06 -4.84432e-06 -4.84432e-06 -4.84432e-06 -4.84432e-06 -4.84432e-06 -6.77625e-06 -8.33195e-06 -5.88182e-06 -5.88182e-06 -5.88182e-06 -5.88182e-06 -5.88182e-06 -5.88182e-06 -5.88182e-06 -5.88182e-06 -5.88182e-06 -8.33217e-06 -1.02729e-05 -7.17589e-06 -7.17589e-06 -7.17589e-06 -7.17589e-06 -7.17589e-06 -7.17589e-06 -7.17589e-06 -7.17589e-06 -7.17589e-06 -1.0273e-05 -1.26941e-05 -8.79009e-06 -8.79009e-06 -8.79009e-06 -8.79009e-06 -8.79009e-06 -8.79009e-06 -8.79009e-06 -8.79009e-06 -8.79009e-06 -1.26942e-05 -1.57145e-05 -1.08037e-05 -1.08037e-05 -1.08037e-05 -1.08037e-05 -1.08037e-05 -1.08037e-05 -1.08037e-05 -1.08037e-05 -1.08037e-05 -1.57146e-05 -1.94824e-05 -1.33157e-05 -1.33157e-05 -1.33157e-05 -1.33157e-05 -1.33157e-05 -1.33157e-05 -1.33157e-05 -1.33157e-05 -1.33157e-05 -1.94824e-05 -2.41828e-05 -1.64493e-05 -1.64493e-05 -1.64493e-05 -1.64493e-05 -1.64493e-05 -1.64493e-05 -1.64493e-05 -1.64493e-05 -1.64493e-05 -2.41828e-05 -3.00465e-05 -2.03584e-05 -2.03584e-05 -2.03584e-05 -2.03584e-05 -2.03584e-05 -2.03584e-05 -2.03584e-05 -2.03584e-05 -2.03584e-05 -3.00465e-05 -3.73614e-05 -2.52351e-05 -2.52351e-05 -2.52351e-05 -2.52351e-05 -2.52351e-05 -2.52351e-05 -2.52351e-05 -2.52351e-05 -2.52351e-05 -3.73614e-05 -5.13447e-05 -3.45572e-05 -3.45572e-05 -3.45572e-05 -3.45572e-05 -3.45572e-05 -3.45572e-05 -3.45572e-05 -3.45572e-05 -3.45572e-05 -5.13447e-05 -5.54382e-05 -3.72862e-05 -3.72862e-05 -3.72862e-05 -3.72862e-05 -3.72862e-05 -3.72862e-05 -3.72862e-05 -3.72862e-05 -3.72862e-05 -5.54381e-05 -4.47363e-05 -3.01516e-05 -3.01516e-05 -3.01516e-05 -3.01516e-05 -3.01516e-05 -3.01516e-05 -3.01516e-05 -3.01516e-05 -3.01516e-05 -4.47363e-05 -3.59582e-05 -2.42996e-05 -2.42996e-05 -2.42996e-05 -2.42996e-05 -2.42996e-05 -2.42996e-05 -2.42996e-05 -2.42996e-05 -2.42996e-05 -3.59582e-05 -2.89216e-05 -1.96085e-05 -1.96085e-05 -1.96085e-05 -1.96085e-05 -1.96085e-05 -1.96085e-05 -1.96085e-05 -1.96085e-05 -1.96085e-05 -2.89216e-05 -2.32811e-05 -1.58481e-05 -1.58481e-05 -1.58481e-05 -1.58481e-05 -1.58481e-05 -1.58481e-05 -1.58481e-05 -1.58481e-05 -1.58481e-05 -2.32811e-05 -1.87596e-05 -1.28338e-05 -1.28338e-05 -1.28338e-05 -1.28338e-05 -1.28338e-05 -1.28338e-05 -1.28338e-05 -1.28338e-05 -1.28338e-05 -1.87596e-05 -1.51352e-05 -1.04174e-05 -1.04174e-05 -1.04174e-05 -1.04174e-05 -1.04174e-05 -1.04174e-05 -1.04174e-05 -1.04174e-05 -1.04174e-05 -1.51351e-05 -1.22298e-05 -8.48044e-06 -8.48044e-06 -8.48044e-06 -8.48044e-06 -8.48044e-06 -8.48044e-06 -8.48044e-06 -8.48044e-06 -8.48044e-06 -1.22297e-05 -9.90073e-06 -6.92765e-06 -6.92765e-06 -6.92765e-06 -6.92765e-06 -6.92765e-06 -6.92765e-06 -6.92765e-06 -6.92765e-06 -6.92765e-06 -9.90058e-06 -8.0337e-06 -5.68281e-06 -5.68281e-06 -5.68281e-06 -5.68281e-06 -5.68281e-06 -5.68281e-06 -5.68281e-06 -5.68281e-06 -5.68281e-06 -8.03347e-06 -6.53697e-06 -4.68475e-06 -4.68475e-06 -4.68475e-06 -4.68475e-06 -4.68475e-06 -4.68475e-06 -4.68475e-06 -4.68475e-06 -4.68475e-06 -6.53661e-06 -5.33701e-06 -3.88441e-06 -3.88441e-06 -3.88441e-06 -3.88441e-06 -3.88441e-06 -3.88441e-06 -3.88441e-06 -3.88441e-06 -3.88441e-06 -5.33645e-06 -4.37485e-06 -3.24239e-06 -3.24239e-06 -3.24239e-06 -3.24239e-06 -3.24239e-06 -3.24239e-06 -3.24239e-06 -3.24239e-06 -3.24239e-06 -4.37399e-06 -3.60316e-06 -2.72705e-06 -2.72705e-06 -2.72705e-06 -2.72705e-06 -2.72705e-06 -2.72705e-06 -2.72705e-06 -2.72705e-06 -2.72705e-06 -3.60184e-06 -2.98394e-06 -2.31289e-06 -2.31289e-06 -2.31289e-06 -2.31289e-06 -2.31289e-06 -2.31289e-06 -2.31289e-06 -2.31289e-06 -2.31289e-06 -2.98192e-06 -2.48662e-06 -1.9793e-06 -1.9793e-06 -1.9793e-06 -1.9793e-06 -1.9793e-06 -1.9793e-06 -1.9793e-06 -1.9793e-06 -1.9793e-06 -2.48357e-06 -2.08653e-06 -1.70956e-06 -1.70956e-06 -1.70956e-06 -1.70956e-06 -1.70956e-06 -1.70956e-06 -1.70956e-06 -1.70956e-06 -1.70956e-06 -2.08201e-06 -1.76374e-06 -1.49e-06 -1.49e-06 -1.49e-06 -1.49e-06 -1.49e-06 -1.49e-06 -1.49e-06 -1.49e-06 -1.49e-06 -1.75719e-06 -1.50207e-06 -1.30944e-06 -1.30944e-06 -1.30944e-06 -1.30944e-06 -1.30944e-06 -1.30944e-06 -1.30944e-06 -1.30944e-06 -1.30944e-06 -1.49289e-06 -1.28839e-06 -1.15879e-06 -1.15879e-06 -1.15879e-06 -1.15879e-06 -1.15879e-06 -1.15879e-06 -1.15879e-06 -1.15879e-06 -1.15879e-06 -1.2761e-06 -1.11216e-06 -1.03095e-06 -1.03095e-06 -1.03095e-06 -1.03095e-06 -1.03095e-06 -1.03095e-06 -1.03095e-06 -1.03095e-06 -1.03095e-06 -1.09662e-06 -1.02128e-06 -9.69936e-07 -9.69936e-07 -9.69936e-07 -9.69936e-07 -9.69936e-07 -9.69936e-07 -9.69936e-07 -9.69936e-07 -9.69936e-07 -1.02065e-06 -9.67918e-07 -9.71526e-07 -9.71526e-07 -9.71526e-07 -9.71526e-07 -9.71526e-07 -9.71526e-07 -9.71526e-07 -9.71526e-07 -9.71526e-07 -1.07581e-06
0.5 2.25 3.5 7 8.5 12.8333 15 18.8333 21 24.8333 27 30.8333 33 36.8333 39 42.8333 45 48.8333 51 54.8333 56 59 35 47 50.8333 54.8333 58.8333 62.8333 66.8333 70.8333 74.8333 78.3333 83 78.75 85.8333 88.6667 91.6667 94.6667 97.6667 100.667 103.667 106.667 109.5 114 109.75 116.833 119.667 122.667 125.667 128.667 131.667 134.667 137.667 140.5 145 140.75 147.833 150.667 153.667 156.667 159.667 162.667 165.667 168.667 171.5 176 171.75 178.833 181.667 184.667 187.667 190.667 193.667 196.667 199.667 202.5 207 202.75 209.833 212.667 215.667 218.667 221.667 224.667 227.667 230.667 233.5 238 233.75 240.833 243.667 246.667 249.667 252.667 255.667 258.667 261.667 264.5 269 264.75 271.833 274.667 277.667 280.667 283.667 286.667 289.667 292.667 295.5 300 295.75 302.833 305.667 308.667 311.667 314.667 317.667 320.667 323.667 326.5 331 326.75 333.833 336.667 339.667 342.667 345.667 348.667 351.667 354.667 357.5 362 357.75 364.833 367.667 370.667 373.667 376.667 379.667 382.667 385.667 388.5 393 388.75 395.833 398.667 401.667 404.667 407.667 410.667 413.667 416.667 419.5 424 419.75 426.833 429.667 432.667 435.667 438.667 441.667 444.667 447.667 450.5 455 450.75 457.833 460.667 463.667 466.667 469.667 472.667 475.667 478.667 481.5 486 481.75 488.833 491.667 494.667 497.667 500.667 503.667 506.667 509.667 512.5 517 512.75 519.833 522.667 525.667 528.667 531.667 534.667 537.667 540.667 543.5 548 543.75 550.833 553.667 556.667 559.667 562.667 565.667 568.667 571.667 574.5 579 574.75 581.833 584.667 587.667 590.667 593.667 596.667 599.667 602.667 605.5 610 605.75 612.833 615.667 618.667 621.667 624.667 627.667 630.667 633.667 636.5 641 636.75 643.833 646.667 649.667 652.667 655.667 658.667 661.667 664.667 667.5 672 667.75 674.833 677.667 680.667 683.667 686.667 689.667 692.667 695.667 698.5 703 698.75 705.833 708.667 711.667 714.667 717.667 720.667 723.667 726.667 729.5 734 729.75 736.833 739.667 742.667 745.667 748.667 751.667 754.667 757.667 760.5 765 760.75 767.833 770.667 773.667 776.667 779.667 782.667 785.667 788.667 791.5 796 791.75 798.833 801.667 804.667 807.667 810.667 813.667 816.667 819.667 822.5 827 822.75 829.833 832.667 835.667 838.667 841.667 844.667 847.667 850.667 853.5 858 853.75 860.833 863.667 866.667 869.667 872.667 875.667 878.667 881.667 884.5 889 884.75 891.833 894.667 897.667 900.667 903.667 906.667 909.667 912.667 915.5 920 915.75 922.833 925.667 928.667 931.667 934.667 937.667 940.667 943.667 946.5 951 946.75 953.833 956.667 959.667 962.667 965.667 968.667 971.667 974.667 977.5 982 977.75 984.833 987.667 990.667 993.667 996.667 999.667 1002.67 1005.67 1008.5 1013 1008.75 1015.83 1018.67 1021.67 1024.67 1027.67 1030.67 1033.67 1036.67 1039.5 1044 1039.75 1046.83 1049.67 1052.67 1055.67 1058.67 1061.67 1064.67 1067.67 1070.5 1075 1070.75 1077.83 1080.67 1083.67 1086.67 1089.67 1092.67 1095.67 1098.67 1101.5 1106 1101.75 1108.83 1111.67 1114.67 1117.67 1120.67 1123.67 1126.67 1129.67 1132.5 1137 1132.75 1139.83 1142.67 1145.67 1148.67 1151.67 1154.67 1157.67 1160.67 1163.5 1168 1163.75 1170.83 1173.67 1176.67 1179.67 1182.67 1185.67 1188.67 1191.67 1194.5 1199 1194.75 1201.83 1204.67 1207.67 1210.67 1213.67 1216.67 1219.67 1222.67 1225.5 1230 1225.75 1232.83 1235.67 1238.67 1241.67 1244.67 1247.67 1250.67 1253.67 1256.5 1261 1256.75 1263.83 1266.67 1269.67 1272.67 1275.67 1278.67 1281.67 1284.67 1287.5 1292 1287.75 1294.83 1297.67 1300.67 1303.67 1306.67 1309.67 1312.67 1315.67 1318.5 1323 1318.75 1325.83 1328.67 1331.67 1334.67 1337.67 1340.67 1343.67 1346.67 1349.5 1354 1344.67 1351.25 1353.25 1355.25 1357.25 1359.25 1361.25 1363.25 1365.25 1367 1368
0.5 0.426777 0.676777 0.319725 0.0732233 0.319725 0.0732233 0.319725 0.0732233 0.319725 0.0732233 0.319725 0.0732233 0.319725 0.0732233 0.319725 0.0732233 0.319725 0.0732233 0.319725 0.0976311 0.656364 0.656364 0.527674 0.527674 0.527674 0.527674 0.527674 0.527674 0.527674 0.527674 0.527674 0.635146 0.635146 0.499749 0.499749 0.499749 0.499749 0.499749 0.499749 0.499749 0.499749 0.499749 0.614477 0.614477 0.473258 0.473258 0.473258 0.473258 0.473258 0.473258 0.473258 0.473258 0.473258 0.59541 0.59541 0.449309 0.449309 0.449309 0.449309 0.449309 0.449309 0.449309 0.449309 0.449309 0.578553 0.578553 0.428442 0.428442 0.428442 0.428442 0.428442 0.428442 0.428442 0.428442 0.428442 0.56411 0.56411 0.410744 0.410744 0.410744 0.410744 0.410744 0.410744 0.410744 0.410744 0.410744 0.552006 0.552006 0.396013 0.396013 0.396013 0.396013 0.396013 0.396013 0.396013 0.396013 0.396013 0.542014 0.542014 0.383909 0.383909 0.383909 0.383909 0.383909 0.383909 0.383909 0.383909 0.383909 0.53385 0.53385 0.374049 0.374049 0.374049 0.374049 0.374049 0.374049 0.374049 0.374049 0.374049 0.527224 0.527224 0.366062 0.366062 0.366062 0.366062 0.366062 0.366062 0.366062 0.366062 0.366062 0.521869 0.521869 0.359615 0.359615 0.359615 0.359615 0.359615 0.359615 0.359615 0.359615 0.359615 0.517554 0.517554 0.354425 0.354425 0.354425 0.354425 0.354425 0.354425 0.354425 0.354425 0.354425 0.514084 0.514084 0.350253 0.350253 0.350253 0.350253 0.350253 0.350253 0.350253 0.350253 0.350253 0.511296 0.511296 0.346903 0.346903 0.346903 0.346903 0.346903 0.346903 0.346903 0.346903 0.346903 0.509058 0.509058 0.344214 0.344214 0.344214 0.344214 0.344214 0.344214 0.344214 0.344214 0.344214 0.507263 0.507263 0.342057 0.342057 0.342057 0.342057 0.342057 0.342057 0.342057 0.342057 0.342057 0.505823 0.505823 0.340327 0.340327 0.340327 0.340327 0.340327 0.340327 0.340327 0.340327 0.340327 0.504668 0.504668 0.33894 0.33894 0.33894 0.33894 0.33894 0.33894 0.33894 0.33894 0.33894 0.503742 0.503742 0.337828 0.337828 0.337828 0.337828 0.337828 0.337828 0.337828 0.337828 0.337828 0.503 0.503 0.33668 0.33668 0.33668 0.33668 0.33668 0.33668 0.33668 0.33668 0.33668 0.50202 0.50202 0.336347 0.336347 0.336347 0.336347 0.336347 0.336347 0.336347 0.336347 0.336347 0.5025 0.5025 0.337079 0.337079 0.337079 0.337079 0.337079 0.337079 0.337079 0.337079 0.337079 0.503119 0.503119 0.338006 0.338006 0.338006 0.338006 0.338006 0.338006 0.338006 0.338006 0.338006 0.50389 0.50389 0.339162 0.339162 0.339162 0.339162 0.339162 0.339162 0.339162 0.339162 0.339162 0.504853 0.504853 0.340604 0.340604 0.340604 0.340604 0.340604 0.340604 0.340604 0.340604 0.340604 0.506053 0.506053 0.342402 0.342402 0.342402 0.342402 0.342402 0.342402 0.342402 0.342402 0.342402 0.50755 0.50755 0.344644 0.344644 0.344644 0.344644 0.344644 0.344644 0.344644 0.344644 0.344644 0.509416 0.509416 0.347439 0.347439 0.347439 0.347439 0.347439 0.347439 0.347439 0.347439 0.347439 0.511742 0.511742 0.350921 0.350921 0.350921 0.350921 0.350921 0.350921 0.350921 0.350921 0.350921 0.514639 0.514639 0.355256 0.355256 0.355256 0.355256 0.355256 0.355256 0.355256 0.355256 0.355256 0.518245 0.518245 0.360648 0.360648 0.360648 0.360648 0.360648 0.360648 0.360648 0.360648 0.360648 0.522727 0.522727 0.367343 0.367343 0.367343 0.367343 0.367343 0.367343 0.367343 0.367343 0.367343 0.528287 0.528287 0.375633 0.375633 0.375633 0.375633 0.375633 0.375633 0.375633 0.375633 0.375633 0.535163 0.535163 0.38586 0.38586 0.38586 0.38586 0.38586 0.38586 0.38586 0.38586 0.38586 0.543627 0.543627 0.398397 0.398397 0.398397 0.398397 0.398397 0.398397 0.398397 0.398397 0.398397 0.553969 0.553969 0.413626 0.413626 0.413626 0.413626 0.413626 0.413626 0.413626 0.413626 0.413626 0.56647 0.56647 0.431872 0.431872 0.431872 0.431872 0.431872 0.431872 0.431872 0.431872 0.431872 0.581338 0.581338 0.453297 0.453297 0.453297 0.453297 0.453297 0.453297 0.453297 0.453297 0.453297 0.598608 0.598608 0.477747 0.477747 0.477747 0.477747 0.477747 0.477747 0.477747 0.477747 0.477747 0.618012 0.618012 0.504585 0.504585 0.504585 0.504585 0.504585 0.504585 0.504585 0.504585 0.504585 0.638866 0.638866 0.532607 0.532607 0.532607 0.532607 0.532607 0.532607 0.532607 0.532607 0.532607 0.660044 0.660044 0.547239 0.547239 0.547239 0.547239 0.547239 0.547239 0.547239 0.547239 0.547239 0.660814 0.547752 0.410814 0.410814 0.410814 0.410814 0.410814 0.410814 0.410814 0.410814 0.410814 0.5
0.5 0.323223 0.0732233 0.321141 0.676777 0.321141 0.676777 0.321141 0.676777 0.321141 0.676777 0.321141 0.676777 0.321141 0.676777 0.321141 0.676777 0.321141 0.676777 0.321141 0.569036 0.0549354 0.0549354 0.0630754 0.0630754 0.0630754 0.0630754 0.0630754 0.0630754 0.0630754 0.0630754 0.0630754 0.0396777 0.0396777 0.044952 0.044952 0.044952 0.044952 0.044952 0.044952 0.044952 0.044952 0.044952 0.0277503 0.0277503 0.0311151 0.0311151 0.0311151 0.0311151 0.0311151 0.0311151 0.0311151 0.0311151 0.0311151 0.0189224 0.0189224 0.0210562 0.0210562 0.0210562 0.0210562 0.0210562 0.0210562 0.0210562 0.0210562 0.0210562 0.0126619 0.0126619 0.0140146 0.0140146 0.0140146 0.0140146 0.0140146 0.0140146 0.0140146 0.0140146 0.0140146 0.00835995 0.00835995 0.00921929 0.00921929 0.00921929 0.00921929 0.00921929 0.00921929 0.00921929 0.00921929 0.00921929 0.00546898 0.00546898 0.00601642 0.00601642 0.00601642 0.00601642 0.00601642 0.00601642 0.00601642 0.00601642 0.00601642 0.00355564 0.00355564 0.00390525 0.00390525 0.00390525 0.00390525 0.00390525 0.00390525 0.00390525 0.00390525 0.00390525 0.00230223 0.00230223 0.00252593 0.00252593 0.00252593 0.00252593 0.00252593 0.00252593 0.00252593 0.00252593 0.00252593 0.00148666 0.00148666 0.00162999 0.00162999 0.00162999 0.00162999 0.00162999 0.00162999 0.00162999 0.00162999 0.00162999 0.00095833 0.00095833 0.00105026 0.00105026 0.00105026 0.00105026 0.00105026 0.00105026 0.00105026 0.00105026 0.00105026 0.000617059 0.000617059 0.000676057 0.000676057 0.000676057 0.000676057 0.000676057 0.000676057 0.000676057 0.000676057 0.000676057 0.000397027 0.000397027 0.000434907 0.000434907 0.000434907 0.000434907 0.000434907 0.000434907 0.000434907 0.000434907 0.000434907 0.000255334 0.000255334 0.000279662 0.000279662 0.000279662 0.000279662 0.000279662 0.000279662 0.000279662 0.000279662 0.000279662 0.000164159 0.000164159 0.000179787 0.000179787 0.000179787 0.000179787 0.000179787 0.000179787 0.000179787 0.000179787 0.000179787 0.000105521 0.000105521 0.00011556 0.00011556 0.00011556 0.00011556 0.00011556 0.00011556 0.00011556 0.00011556 0.00011556 6.78195e-05 6.78195e-05 7.42696e-05 7.42696e-05 7.42696e-05 7.42696e-05 7.42696e-05 7.42696e-05 7.42696e-05 7.42696e-05 7.42696e-05 4.35849e-05 4.35849e-05 4.77292e-05 4.77292e-05 4.77292e-05 4.77292e-05 4.77292e-05 4.77292e-05 4.77292e-05 4.77292e-05 4.77292e-05 2.80089e-05 2.80089e-05 3.06717e-05 3.06717e-05 3.06717e-05 3.06717e-05 3.06717e-05 3.06717e-05 3.06717e-05 3.06717e-05 3.06717e-05 1.79987e-05 1.79987e-05 1.74416e-05 1.74416e-05 1.74416e-05 1.74416e-05 1.74416e-05 1.74416e-05 1.74416e-05 1.74416e-05 1.74416e-05 8.16376e-06 8.16376e-06 1.37752e-05 1.37752e-05 1.37752e-05 1.37752e-05 1.37752e-05 1.37752e-05 1.37752e-05 1.37752e-05 1.37752e-05 1.24991e-05 1.24991e-05 2.13e-05 2.13e-05 2.13e-05 2.13e-05 2.13e-05 2.13e-05 2.13e-05 2.13e-05 2.13e-05 1.94509e-05 1.94509e-05 3.31464e-05 3.31464e-05 3.31464e-05 3.31464e-05 3.31464e-05 3.31464e-05 3.31464e-05 3.31464e-05 3.31464e-05 3.02687e-05 3.02687e-05 5.15798e-05 5.15798e-05 5.15798e-05 5.15798e-05 5.15798e-05 5.15798e-05 5.15798e-05 5.15798e-05 5.15798e-05 4.71011e-05 4.71011e-05 8.02606e-05 8.02606e-05 8.02606e-05 8.02606e-05 8.02606e-05 8.02606e-05 8.02606e-05 8.02606e-05 8.02606e-05 7.32898e-05 7.32898e-05 0.00012488 0.00012488 0.00012488 0.00012488 0.00012488 0.00012488 0.00012488 0.00012488 0.00012488 0.00011403 0.00011403 0.000194281 0.000194281 0.000194281 0.000194281 0.000194281 0.000194281 0.000194281 0.000194281 0.000194281 0.000177392 0.000177392 0.000302198 0.000302198 0.000302198 0.000302198 0.000302198 0.000302198 0.000302198 0.000302198 0.000302198 0.000275904 0.000275904 0.000469925 0.000469925 0.000469925 0.000469925 0.000469925 0.000469925 0.000469925 0.000469925 0.000469925 0.000428983 0.000428983 0.000730424 0.000730424 0.000730424 0.000730424 0.000730424 0.000730424 0.000730424 0.000730424 0.000730424 0.000666653 0.000666653 0.00113456 0.00113456 0.00113456 0.00113456 0.00113456 0.00113456 0.00113456 0.00113456 0.00113456 0.00103518 0.00103518 0.00176044 0.00176044 0.00176044 0.00176044 0.00176044 0.00176044 0.00176044 0.00176044 0.00176044 0.00160547 0.00160547 0.00272715 0.00272715 0.00272715 0.00272715 0.00272715 0.00272715 0.00272715 0.00272715 0.00272715 0.00248525 0.00248525 0.00421416 0.00421416 0.00421416 0.00421416 0.00421416 0.00421416 0.00421416 0.00421416 0.00421416 0.003836 0.003836 0.00648721 0.00648721 0.00648721 0.00648721 0.00648721 0.00648721 0.00648721 0.00648721 0.00648721 0.00589481 0.00589481 0.00992892 0.00992892 0.00992892 0.00992892 0.00992892 0.00992892 0.00992892 0.00992892 0.00992892 0.00899856 0.00899856 0.0150669 0.0150669 0.0150669 0.0150669 0.0150669 0.0150669 0.0150669 0.0150669 0.0150669 0.0136017 0.0136017 0.0225802 0.0225802 0.0225802 0.0225802 0.0225802 0.0225802 0.0225802 0.0225802 0.0225802 0.0202685 0.0202685 0.0332503 0.0332503 0.0332503 0.0332503 0.0332503 0.0332503 0.0332503 0.0332503 0.0332503 0.029607 0.029607 0.0478144 0.0478144 0.0478144 0.0478144 0.0478144 0.0478144 0.0478144 0.0478144 0.0478144 0.0421146 0.0421146 0.0667052 0.0667052 0.0667052 0.0667052 0.0667052 0.0667052 0.0667052 0.0667052 0.0667052 0.0579433 0.0579433 0.0776869 0.0776869 0.0776869 0.0776869 0.0776869 0.0776869 0.0776869 0.0776869 0.0776869 0.0585871 0.0781162 0.308587 0.308587 0.308587 0.308587 0.308587 0.308587 0.308587 0.308587 0.308587 0.5
-0.000745638 -0.000745638 -0.00327461 -0.00337197 -1.76983e-09 -0.00337197 9.81556e-09 -0.00337196 1.3251e-07 -0.00337186 1.29565e-06 -0.00337101 1.23633e-05 -0.0033634 0.000119529 -0.00329496 0.000117858 -0.00338045 1.11723e-06 -0.00338814 1.32452e-07 -0.0055591 -0.0158494 -0.0177605 -0.0177605 -0.0177605 -0.0177605 -0.0177607 -0.0177621 -0.0177701 -0.0177783 -0.0177799 -0.0241286 -0.0554391 -0.0595303 -0.0595303 -0.0595303 -0.0595303 -0.0595303 -0.0595306 -0.0595319 -0.0595332 -0.0595336 -0.078507 -0.147163 -0.151076 -0.151076 -0.151076 -0.151076 -0.151076 -0.151076 -0.151076 -0.151076 -0.151077 -0.192758 -0.299768 -0.293756 -0.293756 -0.293756 -0.293756 -0.293756 -0.293756 -0.293756 -0.293756 -0.293756 -0.361184 -0.476478 -0.447482 -0.447482 -0.447482 -0.447482 -0.447482 -0.447482 -0.447482 -0.447482 -0.447482 -0.530356 -0.612987 -0.557656 -0.557656 -0.557656 -0.557656 -0.557656 -0.557656 -0.557656 -0.557656 -0.557656 -0.64174 -0.674222 -0.600967 -0.600967 -0.600967 -0.600967 -0.600967 -0.600967 -0.600967 -0.600967 -0.600967 -0.677953 -0.668757 -0.588706 -0.588706 -0.588706 -0.588706 -0.588706 -0.588706 -0.588706 -0.588706 -0.588706 -0.655832 -0.621368 -0.542754 -0.542754 -0.542754 -0.542754 -0.542754 -0.542754 -0.542754 -0.542754 -0.542754 -0.599829 -0.553607 -0.481125 -0.481125 -0.481125 -0.481125 -0.481125 -0.481125 -0.481125 -0.481125 -0.481125 -0.528924 -0.47963 -0.415399 -0.415399 -0.415399 -0.415399 -0.415399 -0.415399 -0.415399 -0.415399 -0.415399 -0.455019 -0.407563 -0.352125 -0.352125 -0.352125 -0.352125 -0.352125 -0.352125 -0.352125 -0.352125 -0.352125 -0.384719 -0.341556 -0.294575 -0.294575 -0.294575 -0.294575 -0.294575 -0.294575 -0.294575 -0.294575 -0.294575 -0.321237 -0.28334 -0.244046 -0.244046 -0.244046 -0.244046 -0.244046 -0.244046 -0.244046 -0.244046 -0.244046 -0.265762 -0.233264 -0.200714 -0.200714 -0.200714 -0.200714 -0.200714 -0.200714 -0.200714 -0.200714 -0.200714 -0.218343 -0.190929 -0.164162 -0.164162 -0.164162 -0.164162 -0.164162 -0.164162 -0.164162 -0.164162 -0.164162 -0.178435 -0.155584 -0.133693 -0.133693 -0.133693 -0.133693 -0.133693 -0.133693 -0.133693 -0.133693 -0.133693 -0.145226 -0.126345 -0.108519 -0.108519 -0.108519 -0.108519 -0.108519 -0.108519 -0.108519 -0.108519 -0.108519 -0.117822 -0.102326 -0.0878567 -0.0878567 -0.0878567 -0.0878567 -0.0878567 -0.0878567 -0.0878567 -0.0878567 -0.0878567 -0.0953519 -0.0788862 -0.0659024 -0.0659024 -0.0659024 -0.0659024 -0.0659024 -0.0659024 -0.0659024 -0.0659024 -0.0659024 -0.0693942 -0.0646418 -0.0595659 -0.0595659 -0.0595659 -0.0595659 -0.0595659 -0.0595659 -0.0595659 -0.0595659 -0.0595659 -0.0693814 -0.0800155 -0.0737447 -0.0737447 -0.0737447 -0.0737447 -0.0737447 -0.0737447 -0.0737447 -0.0737447 -0.0737447 -0.08591 -0.0990352 -0.091245 -0.091245 -0.091245 -0.091245 -0.091245 -0.091245 -0.091245 -0.091245 -0.091245 -0.106266 -0.122326 -0.112659 -0.112659 -0.112659 -0.112659 -0.112659 -0.112659 -0.112659 -0.112659 -0.112659 -0.131156 -0.150703 -0.138722 -0.138722 -0.138722 -0.138722 -0.138722 -0.138722 -0.138722 -0.138722 -0.138722 -0.161421 -0.185047 -0.170223 -0.170223 -0.170223 -0.170223 -0.170223 -0.170223 -0.170223 -0.170223 -0.170223 -0.197955 -0.226248 -0.207947 -0.207947 -0.207947 -0.207947 -0.207947 -0.207947 -0.207947 -0.207947 -0.207947 -0.241632 -0.275089 -0.252556 -0.252556 -0.252556 -0.252556 -0.252556 -0.252556 -0.252556 -0.252556 -0.252556 -0.293162 -0.332042 -0.304396 -0.304396 -0.304396 -0.304396 -0.304396 -0.304396 -0.304396 -0.304396 -0.304396 -0.352848 -0.396906 -0.363139 -0.363139 -0.363139 -0.363139 -0.363139 -0.363139 -0.363139 -0.363139 -0.363139 -0.420158 -0.468217 -0.427219 -0.427219 -0.427219 -0.427219 -0.427219 -0.427219 -0.427219 -0.427219 -0.427219 -0.493025 -0.542284 -0.492898 -0.492898 -0.492898 -0.492898 -0.492898 -0.492898 -0.492898 -0.492898 -0.492898 -0.566736 -0.611724 -0.552883 -0.552883 -0.552883 -0.552883 -0.552883 -0.552883 -0.552883 -0.552883 -0.552883 -0.632262 -0.663493 -0.594524 -0.594524 -0.594524 -0.594524 -0.594524 -0.594524 -0.594524 -0.594524 -0.594524 -0.674186 -0.677326 -0.59871 -0.59871 -0.59871 -0.59871 -0.59871 -0.59871 -0.59871 -0.59871 -0.59871 -0.669771 -0.628639 -0.543867 -0.543867 -0.543867 -0.543867 -0.543867 -0.543867 -0.543867 -0.543867 -0.543867 -0.595062 -0.504468 -0.423075 -0.423075 -0.423075 -0.423075 -0.423075 -0.423075 -0.423075 -0.423075 -0.423075 -0.447451 -0.330276 -0.266842 -0.266842 -0.266842 -0.266842 -0.266842 -0.266842 -0.266842 -0.266842 -0.266842 -0.270118 -0.168336 -0.131132 -0.131132 -0.131132 -0.131132 -0.131132 -0.131132 -0.131132 -0.131132 -0.131132 -0.126711 -0.0653056 -0.0492576 -0.0492576 -0.0492576 -0.0492576 -0.0492576 -0.0492576 -0.0492576 -0.0492576 -0.0492576 -0.045524 -0.0190572 -0.0139686 -0.0139686 -0.0139686 -0.0139686 -0.0139686 -0.0139686 -0.0139686 -0.0139686 -0.0139686 -0.0123721 -0.00414393 -0.0029977 -0.0029977 -0.0029977 -0.0029977 -0.0029977 -0.0029977 -0.0029977 -0.0029977 -0.0029977 -0.0026009 -0.00094034 -0.000705255 -0.000705255 -0.000705255 -0.000705255 -0.000705254 -0.000705254 -0.000705254 -0.000705254 -0.000705254 -0.000705254
38.6291 38.6291 38.6291 38.6291 38.6291 38.6291 38.6291 38.6291 38.6291 38.6291 38.6291 38.6291 38.6291 38.6291 38.6291 38.6291 38.6291 38.6291 38.6291 38.6291 38.6291 38.6291 38.6291 38.6291 38.6291 38.6291 38.6291 38.6291 38.6291 38.6291 38.6291 38.6291 38.6291 38.6291 38.6291 38.6291 38.6291 38.6291 38.6291 38.6291 38.6291 38.6291 38.6291 38.6291 38.6291 38.6291 38.6291 38.6291 38.6291 38.6291 38.6291 38.6291 38.6291 38.6291 38.6291 38.6291 38.6291 38.6291 38.6291 38.6291 38.6291 38.6291 38.6291 38.6291 38.6291 38.6291 38.6291 38.6291 38.6291 38.6291 38.6291 38.6291 38.6291 38.6291 38.6291 38.6291 38.6291 38.6291 38.6291 38.6291 38.6291 38.6291 38.6291 38.6291 38.6291 38.6291 38.6291 38.6291 38.6291 38.6291 38.6291 38.6291 38.6291 38.6291 38.6291 38.6291 38.6291 38.6291 38.6291 38.6291 38.6291 38.6291 38.6291 38.6291 38.6291 38.6291 38.6291 38.6291 38.6291 38.6291 38.6291 38.6291 38.6291 38.6291 38.6291 38.6291 38.6291 38.6291 38.6291 38.6291 38.6291 38.6291 38.6291 38.6291 38.6291 38.6291 38.6291 38.6291 38.6291 38.6291 38.6291 38.6291 38.6291 38.6291 38.6291 38.6291 38.6291 38.6291 38.6291 38.6291 38.6291 38.6291 38.6291 38.6291 38.6291 38.6291 38.6291 38.6291 38.6291 38.6291 38.6291 38.6291 38.6291 38.6291 38.6291 38.6291 38.6291 38.6291 38.6291 38.6291 38.6291 38.6291 38.6291 38.6291 38.6291 38.6291 38.6291 38.6291 38.6291 38.6291 38.6291 38.6291 38.6291 38.6291 38.6291 38.6291 38.6291 38.6291 38.6291 38.6291 38.6291 38.6291 38.6291 38.6291 38.6291 38.6291 38.6291 38.6291 38.6291 38.6291 38.6291 38.6291 38.6291 38.6291 38.6291 38.6291 38.6291 38.6291 38.6291 38.6291 38.6291 38.6291 38.6291 38.6291 38.6291 38.6291 38.6291 38.6291 38.6291 38.6291 38.6291 38.6291 38.6291 38.6291 38.6291 38.6291 38.6291 38.6291 38.6291 38.6291 38.6291 38.6291 38.6291 38.6291 38.6291 38.6291 38.6291 38.6291 38.6291 38.6291 38.6291 38.6291 38.6291 38.6291 38.6291 38.6291 38.6291 38.6291 38.6291 38.6291 38.6291 38.6291 38.6291 38.6291 38.6291 38.6291 38.6291 38.6291 38.6291 38.6291 38.6291 38.6291 38.6291 38.6291 38.6291 38.6291 38.6291 38.6291 38.6291 38.6291 38.6291 38.6291 38.6291 38.6291 38.6291 38.6291 38.6291 38.6291 38.6291 38.6291 38.6291 38.6291 38.6291 38.6291 38.6291 38.6291 38.6291 38.6291 38.6291 38.6291 38.6291 38.6291 38.6291 38.6291 38.6291 38.6291 38.6291 38.6291 38.6291 38.6291 38.6291 38.6291 38.6291 38.6291 38.6291 38.6291 38.6291 38.6291 38.6291 38.6291 38.6291 38.6291 38.6291 38.6291 38.6291 38.6291 38.6291 38.6291 38.6291 38.6291 38.6291 38.6291 38.6291 38.6291 38.6291 38.6291 38.6291 38.6291 38.6291 38.6291 38.6291 38.6291 38.6291 38.6291 38.6291 38.6291 38.6291 38.6291 38.6291 38.6291 38.6291 38.6291 38.6291 38.6291 38.6291 38.6291 38.6291 38.6291 38.6291 38.6291 38.6291 38.6291 38.6291 38.6291 38.6291 38.6291 38.6291 38.6291 38.6291 38.6291 38.6291 38.6291 38.6291 38.6291 38.6291 38.6291 38.6291 38.6291 38.6291 38.6291 38.6291 38.6291 38.6291 38.6291 38.6291 38.6291 38.6291 38.6291 38.6291 38.6291 38.6291 38.6291 38.6291 38.6291 38.6291 38.6291 38.6291 38.6291 38.6291 38.6291 38.6291 38.6291 38.6291 38.6291 38.6291 38.6291 38.6291 38.6291 38.6291 38.6291 38.6291 38.6291 38.6291 38.6291 38.6291 38.6291 38.6291 38.6291 38.6291 38.6291 38.6291 38.6291 38.6291 38.6291 38.6291 38.6291 38.6291 38.6291 38.6291 38.6291 38.6291 38.6291 38.6291 38.6291 38.6291 38.6291 38.6291 38.6291 38.6291 38.6291 38.6291 38.6291 38.6291 38.6291 38.6291 38.6291 38.6291 38.6291 38.6291 38.6291 38.6291 38.6291 38.6291 38.6291 38.6291 38.6291 38.6291 38.6291 38.6291 38.6291 38.6291 38.6291 38.6291 38.6291 38.6291 38.6291 38.6291 38.6291 38.6291 38.6291 38.6291 38.6291 38.6291 38.6291 38.6291 38.6291 38.6291 38.6291 38.6291 38.6291 38.6291 38.6291 38.6291 38.6291 38.6291 38.6291 38.6291 38.6291 38.6291 38.6291 38.6291 38.6291 38.6291 38.6291 38.6291 38.6291 38.6291 38.6291 38.6291 38.6291 38.6291 38.6291 38.6291 38.6291 38.6291 38.6291 38.6291 38.6291 38.6291 38.6291 38.6291 38.6291 38.6291 38.6291 38.6291
-38.6291 -38.6291 -38.6291 -38.6291 -38.6291 -38.6291 -38.6291 -38.6291 -38.6291 -38.6291 -38.6291 -38.6291 -38.6291 -38.6291 -38.6291 -38.6291 -38.6291 -38.6291 -38.6291 -38.6291 -38.6291 -38.6291 -38.6291 -38.6291 -38.6291 -38.6291 -38.6291 -38.6291 -38.6291 -38.6291 -38.6291 -38.6291 -38.6291 -38.6291 -38.6291 -38.6291 -38.6291 -38.6291 -38.6291 -38.6291 -38.6291 -38.6291 -38.6291 -38.6291 -38.6291 -38.6291 -38.6291 -38.6291 -38.6291 -38.6291 -38.6291 -38.6291 -38.6291 -38.6291 -38.6291 -38.6291 -38.6291 -38.6291 -38.6291 -38.6291 -38.6291 -38.6291 -38.6291 -38.6291 -38.6291 -38.6291 -38.6291 -38.6291 -38.6291 -38.6291 -38.6291 -38.6291 -38.6291 -38.6291 -38.6291 -38.6291 -38.6291 -38.6291 -38.6291 -38.6291 -38.6291 -38.6291 -38.6291 -38.6291 -38.6291 -38.6291 -38.6291 -38.6291 -38.6291 -38.6291 -38.6291 -38.6291 -38.6291 -38.6291 -38.6291 -38.6291 -38.6291 -38.6291 -38.6291 -38.6291 -38.6291 -38.6291 -38.6291 -38.6291 -38.6291 -38.6291 -38.6291 -38.6291 -38.6291 -38.6291 -38.6291 -38.6291 -38.6291 -38.6291 -38.6291 -38.6291 -38.6291 -38.6291 -38.6291 -38.6291 -38.6291 -38.6291 -38.6291 -38.6291 -38.6291 -38.6291 -38.6291 -38.6291 -38.6291 -38.6291 -38.6291 -38.6291 -38.6291 -38.6291 -38.6291 -38.6291 -38.6291 -38.6291 -38.6291 -38.6291 -38.6291 -38.6291 -38.6291 -38.6291 -38.6291 -38.6291 -38.6291 -38.6291 -38.6291 -38.6291 -38.6291 -38.6291 -38.6291 -38.6291 -38.6291 -38.6291 -38.6291 -38.6291 -38.6291 -38.6291 -38.6291 -38.6291 -38.6291 -38.6291 -38.6291 -38.6291 -38.6291 -38.6291 -38.6291 -38.6291 -38.6291 -38.6291 -38.6291 -38.6291 -38.6291 -38.6291 -38.6291 -38.6291 -38.6291 -38.6291 -38.6291 -38.6291 -38.6291 -38.6291 -38.6291 -38.6291 -38.6291 -38.6291 -38.6291 -38.6291 -38.6291 -38.6291 -38.6291 -38.6291 -38.6291 -38.6291 -38.6291 -38.6291 -38.6291 -38.6291 -38.6291 -38.6291 -38.6291 -38.6291 -38.6291 -38.6291 -38.6291 -38.6291 -38.6291 -38.6291 -38.6291 -38.6291 -38.6291 -38.6291 -38.6291 -38.6291 -38.6291 -38.6291 -38.6291 -38.6291 -38.6291 -38.6291 -38.6291 -38.6291 -38.6291 -38.6291 -38.6291 -38.6291 -38.6291 -38.6291 -38.6291 -38.6291 -38.6291 -38.6291 -38.6291 -38.6291 -38.6291 -38.6291 -38.6291 -38.6291 -38.6291 -38.6291 -38.6291 -38.6291 -38.6291 -38.6291 -38.6291 -38.6291 -38.6291 -38.6291 -38.6291 -38.6291 -38.6291 -38.6291 -38.6291 -38.6291 -38.6291 -38.6291 -38.6291 -38.6291 -38.6291 -38.6291 -38.6291 -38.6291 -38.6291 -38.6291 -38.6291 -38.6291 -38.6291 -38.6291 -38.6291 -38.6291 -38.6291 -38.6291 -38.6291 -38.6291 -38.6291 -38.6291 -38.6291 -38.6291 -38.6291 -38.6291 -38.6291 -38.6291 -38.6291 -38.6291 -38.6291 -38.6291 -38.6291 -38.6291 -38.6291 -38.6291 -38.6291 -38.6291 -38.6291 -38.6291 -38.6291 -38.6291 -38.6291 -38.6291 -38.6291 -38.6291 -38.6291 -38.6291 -38.6291 -38.6291 -38.6291 -38.6291 -38.6291 -38.6291 -38.6291 -38.6291 -38.6291 -38.6291 -38.6291 -38.6291 -38.6291 -38.6291 -38.6291 -38.6291 -38.6291 -38.6291 -38.6291 -38.6291 -38.6291 -38.6291 -38.6291 -38.6291 -38.6291 -38.6291 -38.6291 -38.6291 -38.6291 -38.6291 -38.6291 -38.6291 -38.6291 -38.6291 -38.6291 -38.6291 -38.6291 -38.6291 -38.6291 -38.6291 -38.6291 -38.6291 -38.6291 -38.6291 -38.6291 -38.6291 -38.6291 -38.6291 -38.6291 -38.6291 -38.6291 -38.6291 -38.6291 -38.6291 -38.6291 -38.6291 -38.6291 -38.6291 -38.6291 -38.6291 -38.6291 -38.6291 -38.6291 -38.6291 -38.6291 -38.6291 -38.6291 -38.6291 -38.6291 -38.6291 -38.6291 -38.6291 -38.6291 -38.6291 -38.6291 -38.6291 -38.6291 -38.6291 -38.6291 -38.6291 -38.6291 -38.6291 -38.6291 -38.6291 -38.6291 -38.6291 -38.6291 -38.6291 -38.6291 -38.6291 -38.6291 -38.6291 -38.6291 -38.6291 -38.6291 -38.6291 -38.6291 -38.6291 -38.6291 -38.6291 -38.6291 -38.6291 -38.6291 -38.6291 -38.6291 -38.6291 -38.6291 -38.6291 -38.6291 -38.6291 -38.6291 -38.6291 -38.6291 -38.6291 -38.6291 -38.6291 -38.6291 -38.6291 -38.6291 -38.6291 -38.6291 -38.6291 -38.6291 -38.6291 -38.6291 -38.6291 -38.6291 -38.6291 -38.6291 -38.6291 -38.6291 -38.6291 -38.6291 -38.6291 -38.6291 -38.6291 -38.6291 -38.6291 -38.6291 -38.6291 -38.6291 -38.6291 -38.6291 -38.6291 -38.6291 -38.6291 -38.6291 -38.6291 -38.6291 -38.6291 -38.6291 -38.6291 -38.6291 -38.6291 -38.6291 -38.6291 -38.6291 -38.6291 -38.6291 -38.6291 -38.6291 -38.6291 -38.6291 -38.6291 -38.6291 -38.6291 -38.6291 -38.6291 -38.6291 -38.6291 -38.6291 -38.6291 -38.6291 -38.6291 -38.6291 -38.6291 -38.6291 -38.6291 -38.6291 -38.6291 -38.6291 -38.6291 -38.6291 -38.6291 -38.6291 -38.6291 -38.6291 -38.6291 -38.6291 -38.6291 -38.6291
3.33333e-07 3.33333e-07 3.33333e-07 3.00267e-07 3.33333e-07 3.00267e-07 3.00267e-07 3.33333e-07 3.33333e-07 3.00267e-07 3.00267e-07 3.33333e-07 3.33333e-07 3.00267e-07 3.00267e-07 3.33333e-07 3.33333e-07 3.00267e-07 3.00267e-07 3.33333e-07 3.33333e-07 3.00267e-07 3.00267e-07 3.33333e-07 3.33333e-07 3.00267e-07 3.00267e-07 3.33333e-07 3.33333e-07 3.00267e-07 3.00267e-07 3.33333e-07 3.33333e-07 3.00267e-07 3.00267e-07 3.33333e-07 3.33333e-07 3.00267e-07 3.00267e-07 3.00267e-07 2.73761e-07 2.73761e-07 2.73761e-07 2.73761e-07 2.73761e-07 2.73761e-07 2.73761e-07 2.73761e-07 2.73761e-07 2.73761e-07 2.73761e-07 2.73761e-07 2.73761e-07 2.73761e-07 2.73761e-07 2.73761e-07 2.73761e-07 2.73761e-07 2.73761e-07 2.73761e-07 2.52514e-07 2.52514e-07 2.52514e-07 2.52514e-07 2.52514e-07 2.52514e-07 2.52514e-07 2.52514e-07 2.52514e-07 2.52514e-07 2.52514e-07 2.52514e-07 2.52514e-07 2.52514e-07 2.52514e-07 2.52514e-07 2.52514e-07 2.52514e-07 2.52514e-07 2.52514e-07 2.35482e-07 2.35482e-07 2.35482e-07 2.35482e-07 2.35482e-07 2.35482e-07 2.35482e-07 2.35482e-07 2.35482e-07 2.35482e-07 2.35482e-07 2.35482e-07 2.35482e-07 2.35482e-07 2.35482e-07 2.35482e-07 2.35482e-07 2.35482e-07 2.35482e-07 2.35482e-07 2.21829e-07 2.21829e-07 2.21829e-07 2.21829e-07 2.21829e-07 2.21829e-07 2.21829e-07 2.21829e-07 2.21829e-07 2.21829e-07 2.21829e-07 2.21829e-07 2.21829e-07 2.21829e-07 2.21829e-07 2.21829e-07 2.21829e-07 2.21829e-07 2.21829e-07 2.21829e-07 2.10885e-07 2.10885e-07 2.10885e-07 2.10885e-07 2.10885e-07 2.10885e-07 2.10885e-07 2.10885e-07 2.10885e-07 2.10885e-07 2.10885e-07 2.10885e-07 2.10885e-07 2.10885e-07 2.10885e-07 2.10885e-07 2.10885e-07 2.10885e-07 2.10885e-07 2.10885e-07 2.02112e-07 2.02112e-07 2.02112e-07 2.02112e-07 2.02112e-07 2.02112e-07 2.02112e-07 2.02112e-07 2.02112e-07 2.02112e-07 2.02112e-07 2.02112e-07 2.02112e-07 2.02112e-07 2.02112e-07 2.02112e-07 2.02112e-07 2.02112e-07 2.02112e-07 2.02112e-07 1.9508e-07 1.9508e-07 1.9508e-07 1.9508e-07 1.9508e-07 1.9508e-07 1.9508e-07 1.9508e-07 1.9508e-07 1.9508e-07 1.9508e-07 1.9508e-07 1.9508e-07 1.9508e-07 1.9508e-07 1.9508e-07 1.9508e-07 1.9508e-07 1.9508e-07 1.9508e-07 1.89443e-07 1.89443e-07 1.89443e-07 1.89443e-07 1.89443e-07 1.89443e-07 1.89443e-07 1.89443e-07 1.89443e-07 1.89443e-07 1.89443e-07 1.89443e-07 1.89443e-07 1.89443e-07 1.89443e-07 1.89443e-07 1.89443e-07 1.89443e-07 1.89443e-07 1.89443e-07 1.84924e-07 1.84924e-07 1.84924e-07 1.84924e-07 1.84924e-07 1.84924e-07 1.84924e-07 1.84924e-07 1.84924e-07 1.84924e-07 1.84924e-07 1.84924e-07 1.84924e-07 1.84924e-07 1.84924e-07 1.84924e-07 1.84924e-07 1.84924e-07 1.84924e-07 1.84924e-07 1.81302e-07 1.81302e-07 1.81302e-07 1.81302e-07 1.81302e-07 1.81302e-07 1.81302e-07 1.81302e-07 1.81302e-07 1.81302e-07 1.81302e-07 1.81302e-07 1.81302e-07 1.81302e-07 1.81302e-07 1.81302e-07 1.81302e-07 1.81302e-07 1.81302e-07 1.81302e-07 1.78398e-07 1.78398e-07 1.78398e-07 1.78398e-07 1.78398e-07 1.78398e-07 1.78398e-07 1.78398e-07 1.78398e-07 1.78398e-07 1.78398e-07 1.78398e-07 1.78398e-07 1.78398e-07 1.78398e-07 1.78398e-07 1.78398e-07 1.78398e-07 1.78398e-07 1.78398e-07 1.76071e-07 1.76071e-07 1.76071e-07 1.76071e-07 1.76071e-07 1.76071e-07 1.76071e-07 1.76071e-07 1.76071e-07 1.76071e-07 1.76071e-07 1.76071e-07 1.76071e-07 1.76071e-07 1.76071e-07 1.76071e-07 1.76071e-07 1.76071e-07 1.76071e-07 1.76071e-07 1.74205e-07 1.74205e-07 1.74205e-07 1.74205e-07 1.74205e-07 1.74205e-07 1.74205e-07 1.74205e-07 1.74205e-07 1.74205e-07 1.74205e-07 1.74205e-07 1.74205e-07 1.74205e-07 1.74205e-07 1.74205e-07 1.74205e-07 1.74205e-07 1.74205e-07 1.74205e-07 1.72709e-07 1.72709e-07 1.72709e-07 1.72709e-07 1.72709e-07 1.72709e-07 1.72709e-07 1.72709e-07 1.72709e-07 1.72709e-07 1.72709e-07 1.72709e-07 1.72709e-07 1.72709e-07 1.72709e-07 1.72709e-07 1.72709e-07 1.72709e-07 1.72709e-07 1.72709e-07 1.71511e-07 1.71511e-07 1.71511e-07 1.71511e-07 1.71511e-07 1.71511e-07 1.71511e-07 1.71511e-07 1.71511e-07 1.71511e-07 1.71511e-07 1.71511e-07 1.71511e-07 1.71511e-07 1.71511e-07 1.71511e-07 1.71511e-07 1.71511e-07 1.71511e-07 1.71511e-07 1.7055e-07 1.7055e-07 1.7055e-07 1.7055e-07 1.7055e-07 1.7055e-07 1.7055e-07 1.7055e-07 1.7055e-07 1.7055e-07 1.7055e-07 1.7055e-07 1.7055e-07 1.7055e-07 1.7055e-07 1.7055e-07 1.7055e-07 1.7055e-07 1.7055e-07 1.7055e-07 1.69779e-07 1.69779e-07 1.69779e-07 1.69779e-07 1.69779e-07 1.69779e-07 1.69779e-07 1.69779e-07 1.69779e-07 1.69779e-07 1.69779e-07 1.69779e-07 1.69779e-07 1.69779e-07 1.69779e-07 1.69779e-07 1.69779e-07 1.69779e-07 1.69779e-07 1.69779e-07 1.69162e-07 1.69162e-07 1.69162e-07 1.69162e-07 1.69162e-07 1.69162e-07 1.69162e-07 1.69162e-07 1.69162e-07 1.69162e-07 1.69162e-07 1.69162e-07 1.69162e-07 1.69162e-07 1.69162e-07 1.69162e-07 1.69162e-07 1.69162e-07 1.69162e-07 1.69162e-07 1.68667e-07 1.68667e-07 1.68667e-07 1.68667e-07 1.68667e-07 1.68667e-07 1.68667e-07 1.68667e-07 1.68667e-07 1.68667e-07 1.68667e-07 1.68667e-07 1.68667e-07 1.68667e-07 1.68667e-07 1.68667e-07 1.68667e-07 1.68667e-07 1.68667e-07 1.68667e-07 1.68014e-07 1.68014e-07 1.68014e-07 1.68014e-07 1.68014e-07 1.68014e-07 1.68014e-07 1.68014e-07 1.68014e-07 1.68014e-07 1.68014e-07 1.68014e-07 1.68014e-07 1.68014e-07 1.68014e-07 1.68014e-07 1.68014e-07 1.68014e-07 1.68014e-07 1.68014e-07 1.68333e-07 1.68333e-07 1.68333e-07 1.68333e-07 1.68333e-07 1.68333e-07 1.68333e-07 1.68333e-07 1.68333e-07 1.68333e-07 1.68333e-07 1.68333e-07 1.68333e-07 1.68333e-07 1.68333e-07 1.68333e-07 1.68333e-07 1.68333e-07 1.68333e-07 1.68333e-07 1.68746e-07 1.68746e-07 1.68746e-07 1.68746e-07 1.68746e-07 1.68746e-07 1.68746e-07 1.68746e-07 1.68746e-07 1.68746e-07 1.68746e-07 1.68746e-07 1.68746e-07 1.68746e-07 1.68746e-07 1.68746e-07 1.68746e-07 1.68746e-07 1.68746e-07 1.68746e-07 1.6926e-07 1.6926e-07 1.6926e-07 1.6926e-07 1.6926e-07 1.6926e-07 1.6926e-07 1.6926e-07 1.6926e-07 1.6926e-07 1.6926e-07 1.6926e-07 1.6926e-07 1.6926e-07 1.6926e-07 1.6926e-07 1.6926e-07 1.6926e-07 1.6926e-07 1.6926e-07 1.69902e-07 1.69902e-07 1.69902e-07 1.69902e-07 1.69902e-07 1.69902e-07 1.69902e-07 1.69902e-07 1.69902e-07 1.69902e-07 1.69902e-07 1.69902e-07 1.69902e-07 1.69902e-07 1.69902e-07 1.69902e-07 1.69902e-07 1.69902e-07 1.69902e-07 1.69902e-07 1.70703e-07 1.70703e-07 1.70703e-07 1.70703e-07 1.70703e-07 1.70703e-07 1.70703e-07 1.70703e-07 1.70703e-07 1.70703e-07 1.70703e-07 1.70703e-07 1.70703e-07 1.70703e-07 1.70703e-07 1.70703e-07 1.70703e-07 1.70703e-07 1.70703e-07 1.70703e-07 1.71702e-07 1.71702e-07 1.71702e-07 1.71702e-07 1.71702e-07 1.71702e-07 1.71702e-07 1.71702e-07 1.71702e-07 1.71702e-07 1.71702e-07 1.71702e-07 1.71702e-07 1.71702e-07 1.71702e-07 1.71702e-07 1.71702e-07 1.71702e-07 1.71702e-07 1.71702e-07 1.72949e-07 1.72949e-07 1.72949e-07 1.72949e-07 1.72949e-07 1.72949e-07 1.72949e-07 1.72949e-07 1.72949e-07 1.72949e-07 1.72949e-07 1.72949e-07 1.72949e-07 1.72949e-07 1.72949e-07 1.72949e-07 1.72949e-07 1.72949e-07 1.72949e-07 1.72949e-07 1.74503e-07 1.74503e-07 1.74503e-07 1.74503e-07 1.74503e-07 1.74503e-07 1.74503e-07 1.74503e-07 1.74503e-07 1.74503e-07 1.74503e-07 1.74503e-07 1.74503e-07 1.74503e-07 1.74503e-07 1.74503e-07 1.74503e-07 1.74503e-07 1.74503e-07 1.74503e-07 1.76443e-07 1.76443e-07 1.76443e-07 1.76443e-07 1.76443e-07 1.76443e-07 1.76443e-07 1.76443e-07 1.76443e-07 1.76443e-07 1.76443e-07 1.76443e-07 1.76443e-07 1.76443e-07 1.76443e-07 1.76443e-07 1.76443e-07 1.76443e-07 1.76443e-07 1.76443e-07 1.78863e-07 1.78863e-07 1.78863e-07 1.78863e-07 1.78863e-07 1.78863e-07 1.78863e-07 1.78863e-07 1.78863e-07 1.78863e-07 1.78863e-07 1.78863e-07 1.78863e-07 1.78863e-07 1.78863e-07 1.78863e-07 1.78863e-07 1.78863e-07 1.78863e-07 1.78863e-07 1.81881e-07 1.81881e-07 1.81881e-07 1.81881e-07 1.81881e-07 1.81881e-07 1.81881e-07 1.81881e-07 1.81881e-07 1.81881e-07 1.81881e-07 1.81881e-07 1.81881e-07 1.81881e-07 1.81881e-07 1.81881e-07 1.81881e-07 1.81881e-07 1.81881e-07 1.81881e-07 1.85647e-07 1.85647e-07 1.85647e-07 1.85647e-07 1.85647e-07 1.85647e-07 1.85647e-07 1.85647e-07 1.85647e-07 1.85647e-07 1.85647e-07 1.85647e-07 1.85647e-07 1.85647e-07 1.85647e-07 1.85647e-07 1.85647e-07 1.85647e-07 1.85647e-07 1.85647e-07 1.90344e-07 1.90344e-07 1.90344e-07 1.90344e-07 1.90344e-07 1.90344e-07 1.90344e-07 1.90344e-07 1.90344e-07 1.90344e-07 1.90344e-07 1.90344e-07 1.90344e-07 1.90344e-07 1.90344e-07 1.90344e-07 1.90344e-07 1.90344e-07 1.90344e-07 1.90344e-07 1.96204e-07 1.96204e-07 1.96204e-07 1.96204e-07 1.96204e-07 1.96204e-07 1.96204e-07 1.96204e-07 1.96204e-07 1.96204e-07 1.96204e-07 1.96204e-07 1.96204e-07 1.96204e-07 1.96204e-07 1.96204e-07 1.96204e-07 1.96204e-07 1.96204e-07 1.96204e-07 2.03515e-07 2.03515e-07 2.03515e-07 2.03515e-07 2.03515e-07 2.03515e-07 2.03515e-07 2.03515e-07 2.03515e-07 2.03515e-07 2.03515e-07 2.03515e-07 2.03515e-07 2.03515e-07 2.03515e-07 2.03515e-07 2.03515e-07 2.03515e-07 2.03515e-07 2.03515e-07 2.12635e-07 2.12635e-07 2.12635e-07 2.12635e-07 2.12635e-07 2.12635e-07 2.12635e-07 2.12635e-07 2.12635e-07 2.12635e-07 2.12635e-07 2.12635e-07 2.12635e-07 2.12635e-07 2.12635e-07 2.12635e-07 2.12635e-07 2.12635e-07 2.12635e-07 2.12635e-07 2.24012e-07 2.24012e-07 2.24012e-07 2.24012e-07 2.24012e-07 2.24012e-07 2.24012e-07 2.24012e-07 2.24012e-07 2.24012e-07 2.24012e-07 2.24012e-07 2.24012e-07 2.24012e-07 2.24012e-07 2.24012e-07 2.24012e-07 2.24012e-07 2.24012e-07 2.24012e-07 2.38205e-07 2.38205e-07 2.38205e-07 2.38205e-07 2.38205e-07 2.38205e-07 2.38205e-07 2.38205e-07 2.38205e-07 2.38205e-07 2.38205e-07 2.38205e-07 2.38205e-07 2.38205e-07 2.38205e-07 2.38205e-07 2.38205e-07 2.38205e-07 2.38205e-07 2.38205e-07 2.55911e-07 2.55911e-07 2.55911e-07 2.55911e-07 2.55911e-07 2.55911e-07 2.55911e-07 2.55911e-07 2.55911e-07 2.55911e-07 2.55911e-07 2.55911e-07 2.55911e-07 2.55911e-07 2.55911e-07 2.55911e-07 2.55911e-07 2.55911e-07 2.55911e-07 2.55911e-07 2.77998e-07 2.77998e-07 2.77998e-07 2.77998e-07 2.77998e-07 2.77998e-07 2.77998e-07 2.77998e-07 2.77998e-07 2.77998e-07 2.77998e-07 2.77998e-07 2.77998e-07 2.77998e-07 2.77998e-07 2.77998e-07 2.77998e-07 2.77998e-07 2.77998e-07 2.77998e-07 3.05553e-07 3.05553e-07 3.05553e-07 3.05553e-07 3.05553e-07 3.05553e-07 3.05553e-07 3.05553e-07 3.05553e-07 3.05553e-07 3.05553e-07 3.05553e-07 3.05553e-07 3.05553e-07 3.05553e-07 3.05553e-07 3.05553e-07 3.05553e-07 3.05553e-07 3.05553e-07 3.0669e-07 3.0669e-07 3.0669e-07 3.0669e-07 3.0669e-07 3.0669e-07 3.0669e-07 3.0669e-07 3.0669e-07 3.0669e-07 3.0669e-07 3.0669e-07 3.0669e-07 3.0669e-07 3.0669e-07 3.0669e-07 3.0669e-07 3.0669e-07 3.0669e-07 3.0669e-07
8.33333e-14 8.33333e-14 8.33333e-14 6.68003e-14 8.33333e-14 6.68003e-14 6.68003e-14 8.33333e-14 8.33333e-14 6.68003e-14 6.68003e-14 8.33333e-14 8.33333e-14 6.68003e-14 6.68003e-14 8.33333e-14 8.33333e-14 6.68003e-14 6.68003e-14 8.33333e-14 8.33333e-14 6.68003e-14 6.68003e-14 8.33333e-14 8.33333e-14 6.68003e-14 6.68003e-14 8.33333e-14 8.33333e-14 6.68003e-14 6.68003e-14 8.33333e-14 8.33333e-14 6.68003e-14 6.68003e-14 8.33333e-14 8.33333e-14 6.68003e-14 6.68003e-14 6.68003e-14 5.35473e-14 5.35473e-14 5.35473e-14 5.35473e-14 5.35473e-14 5.35473e-14 5.35473e-14 5.35473e-14 5.35473e-14 5.35473e-14 5.35473e-14 5.35473e-14 5.35473e-14 5.35473e-14 5.35473e-14 5.35473e-14 5.35473e-14 5.35473e-14 5.35473e-14 5.35473e-14 4.29237e-14 4.29237e-14 4.29237e-14 4.29237e-14 4.29237e-14 4.29237e-14 4.29237e-14 4.29237e-14 4.29237e-14 4.29237e-14 4.29237e-14 4.29237e-14 4.29237e-14 4.29237e-14 4.29237e-14 4.29237e-14 4.29237e-14 4.29237e-14 4.29237e-14 4.29237e-14 3.44078e-14 3.44078e-14 3.44078e-14 3.44078e-14 3.44078e-14 3.44078e-14 3.44078e-14 3.44078e-14 3.44078e-14 3.44078e-14 3.44078e-14 3.44078e-14 3.44078e-14 3.44078e-14 3.44078e-14 3.44078e-14 3.44078e-14 3.44078e-14 3.44078e-14 3.44078e-14 2.75814e-14 2.75814e-14 2.75814e-14 2.75814e-14 2.75814e-14 2.75814e-14 2.75814e-14 2.75814e-14 2.75814e-14 2.75814e-14 2.75814e-14 2.75814e-14 2.75814e-14 2.75814e-14 2.75814e-14 2.75814e-14 2.75814e-14 2.75814e-14 2.75814e-14 2.75814e-14 2.21093e-14 2.21093e-14 2.21093e-14 2.21093e-14 2.21093e-14 2.21093e-14 2.21093e-14 2.21093e-14 2.21093e-14 2.21093e-14 2.21093e-14 2.21093e-14 2.21093e-14 2.21093e-14 2.21093e-14 2.21093e-14 2.21093e-14 2.21093e-14 2.21093e-14 2.21093e-14 1.77229e-14 1.77229e-14 1.77229e-14 1.77229e-14 1.77229e-14 1.77229e-14 1.77229e-14 1.77229e-14 1.77229e-14 1.77229e-14 1.77229e-14 1.77229e-14 1.77229e-14 1.77229e-14 1.77229e-14 1.77229e-14 1.77229e-14 1.77229e-14 1.77229e-14 1.77229e-14 1.42067e-14 1.42067e-14 1.42067e-14 1.42067e-14 1.42067e-14 1.42067e-14 1.42067e-14 1.42067e-14 1.42067e-14 1.42067e-14 1.42067e-14 1.42067e-14 1.42067e-14 1.42067e-14 1.42067e-14 1.42067e-14 1.42067e-14 1.42067e-14 1.42067e-14 1.42067e-14 1.13882e-14 1.13882e-14 1.13882e-14 1.13882e-14 1.13882e-14 1.13882e-14 1.13882e-14 1.13882e-14 1.13882e-14 1.13882e-14 1.13882e-14 1.13882e-14 1.13882e-14 1.13882e-14 1.13882e-14 1.13882e-14 1.13882e-14 1.13882e-14 1.13882e-14 1.13882e-14 9.12879e-15 9.12879e-15 9.12879e-15 9.12879e-15 9.12879e-15 9.12879e-15 9.12879e-15 9.12879e-15 9.12879e-15 9.12879e-15 9.12879e-15 9.12879e-15 9.12879e-15 9.12879e-15 9.12879e-15 9.12879e-15 9.12879e-15 9.12879e-15 9.12879e-15 9.12879e-15 7.31767e-15 7.31767e-15 7.31767e-15 7.31767e-15 7.31767e-15 7.31767e-15 7.31767e-15 7.31767e-15 7.31767e-15 7.31767e-15 7.31767e-15 7.31767e-15 7.31767e-15 7.31767e-15 7.31767e-15 7.31767e-15 7.31767e-15 7.31767e-15 7.31767e-15 7.31767e-15 5.86587e-15 5.86587e-15 5.86587e-15 5.86587e-15 5.86587e-15 5.86587e-15 5.86587e-15 5.86587e-15 5.86587e-15 5.86587e-15 5.86587e-15 5.86587e-15 5.86587e-15 5.86587e-15 5.86587e-15 5.86587e-15 5.86587e-15 5.86587e-15 5.86587e-15 5.86587e-15 4.7021e-15 4.7021e-15 4.7021e-15 4.7021e-15 4.7021e-15 4.7021e-15 4.7021e-15 4.7021e-15 4.7021e-15 4.7021e-15 4.7021e-15 4.7021e-15 4.7021e-15 4.7021e-15 4.7021e-15 4.7021e-15 4.7021e-15 4.7021e-15 4.7021e-15 4.7021e-15 3.76922e-15 3.76922e-15 3.76922e-15 3.76922e-15 3.76922e-15 3.76922e-15 3.76922e-15 3.76922e-15 3.76922e-15 3.76922e-15 3.76922e-15 3.76922e-15 3.76922e-15 3.76922e-15 3.76922e-15 3.76922e-15 3.76922e-15 3.76922e-15 3.76922e-15 3.76922e-15 3.02142e-15 3.02142e-15 3.02142e-15 3.02142e-15 3.02142e-15 3.02142e-15 3.02142e-15 3.02142e-15 3.02142e-15 3.02142e-15 3.02142e-15 3.02142e-15 3.02142e-15 3.02142e-15 3.02142e-15 3.02142e-15 3.02142e-15 3.02142e-15 3.02142e-15 3.02142e-15 2.42198e-15 2.42198e-15 2.42198e-15 2.42198e-15 2.42198e-15 2.42198e-15 2.42198e-15 2.42198e-15 2.42198e-15 2.42198e-15 2.42198e-15 2.42198e-15 2.42198e-15 2.42198e-15 2.42198e-15 2.42198e-15 2.42198e-15 2.42198e-15 2.42198e-15 2.42198e-15 1.94146e-15 1.94146e-15 1.94146e-15 1.94146e-15 1.94146e-15 1.94146e-15 1.94146e-15 1.94146e-15 1.94146e-15 1.94146e-15 1.94146e-15 1.94146e-15 1.94146e-15 1.94146e-15 1.94146e-15 1.94146e-15 1.94146e-15 1.94146e-15 1.94146e-15 1.94146e-15 1.55628e-15 1.55628e-15 1.55628e-15 1.55628e-15 1.55628e-15 1.55628e-15 1.55628e-15 1.55628e-15 1.55628e-15 1.55628e-15 1.55628e-15 1.55628e-15 1.55628e-15 1.55628e-15 1.55628e-15 1.55628e-15 1.55628e-15 1.55628e-15 1.55628e-15 1.55628e-15 1.24752e-15 1.24752e-15 1.24752e-15 1.24752e-15 1.24752e-15 1.24752e-15 1.24752e-15 1.24752e-15 1.24752e-15 1.24752e-15 1.24752e-15 1.24752e-15 1.24752e-15 1.24752e-15 1.24752e-15 1.24752e-15 1.24752e-15 1.24752e-15 1.24752e-15 1.24752e-15 1.00002e-15 1.00002e-15 1.00002e-15 1.00002e-15 1.00002e-15 1.00002e-15 1.00002e-15 1.00002e-15 1.00002e-15 1.00002e-15 1.00002e-15 1.00002e-15 1.00002e-15 1.00002e-15 1.00002e-15 1.00002e-15 1.00002e-15 1.00002e-15 1.00002e-15 1.00002e-15 6.73472e-16 6.73472e-16 6.73472e-16 6.73472e-16 6.73472e-16 6.73472e-16 6.73472e-16 6.73472e-16 6.73472e-16 6.73472e-16 6.73472e-16 6.73472e-16 6.73472e-16 6.73472e-16 6.73472e-16 6.73472e-16 6.73472e-16 6.73472e-16 6.73472e-16 6.73472e-16 8.33333e-16 8.33333e-16 8.33333e-16 8.33333e-16 8.33333e-16 8.33333e-16 8.33333e-16 8.33333e-16 8.33333e-16 8.33333e-16 8.33333e-16 8.33333e-16 8.33333e-16 8.33333e-16 8.33333e-16 8.33333e-16 8.33333e-16 8.33333e-16 8.33333e-16 8.33333e-16 1.03958e-15 1.03958e-15 1.03958e-15 1.03958e-15 1.03958e-15 1.03958e-15 1.03958e-15 1.03958e-15 1.03958e-15 1.03958e-15 1.03958e-15 1.03958e-15 1.03958e-15 1.03958e-15 1.03958e-15 1.03958e-15 1.03958e-15 1.03958e-15 1.03958e-15 1.03958e-15 1.29688e-15 1.29688e-15 1.29688e-15 1.29688e-15 1.29688e-15 1.29688e-15 1.29688e-15 1.29688e-15 1.29688e-15 1.29688e-15 1.29688e-15 1.29688e-15 1.29688e-15 1.29688e-15 1.29688e-15 1.29688e-15 1.29688e-15 1.29688e-15 1.29688e-15 1.29688e-15 1.61786e-15 1.61786e-15 1.61786e-15 1.61786e-15 1.61786e-15 1.61786e-15 1.61786e-15 1.61786e-15 1.61786e-15 1.61786e-15 1.61786e-15 1.61786e-15 1.61786e-15 1.61786e-15 1.61786e-15 1.61786e-15 1.61786e-15 1.61786e-15 1.61786e-15 1.61786e-15 2.01828e-15 2.01828e-15 2.01828e-15 2.01828e-15 2.01828e-15 2.01828e-15 2.01828e-15 2.01828e-15 2.01828e-15 2.01828e-15 2.01828e-15 2.01828e-15 2.01828e-15 2.01828e-15 2.01828e-15 2.01828e-15 2.01828e-15 2.01828e-15 2.01828e-15 2.01828e-15 2.5178e-15 2.5178e-15 2.5178e-15 2.5178e-15 2.5178e-15 2.5178e-15 2.5178e-15 2.5178e-15 2.5178e-15 2.5178e-15 2.5178e-15 2.5178e-15 2.5178e-15 2.5178e-15 2.5178e-15 2.5178e-15 2.5178e-15 2.5178e-15 2.5178e-15 2.5178e-15 3.14096e-15 3.14096e-15 3.14096e-15 3.14096e-15 3.14096e-15 3.14096e-15 3.14096e-15 3.14096e-15 3.14096e-15 3.14096e-15 3.14096e-15 3.14096e-15 3.14096e-15 3.14096e-15 3.14096e-15 3.14096e-15 3.14096e-15 3.14096e-15 3.14096e-15 3.14096e-15 3.91834e-15 3.91834e-15 3.91834e-15 3.91834e-15 3.91834e-15 3.91834e-15 3.91834e-15 3.91834e-15 3.91834e-15 3.91834e-15 3.91834e-15 3.91834e-15 3.91834e-15 3.91834e-15 3.91834e-15 3.91834e-15 3.91834e-15 3.91834e-15 3.91834e-15 3.91834e-15 4.88813e-15 4.88813e-15 4.88813e-15 4.88813e-15 4.88813e-15 4.88813e-15 4.88813e-15 4.88813e-15 4.88813e-15 4.88813e-15 4.88813e-15 4.88813e-15 4.88813e-15 4.88813e-15 4.88813e-15 4.88813e-15 4.88813e-15 4.88813e-15 4.88813e-15 4.88813e-15 6.09795e-15 6.09795e-15 6.09795e-15 6.09795e-15 6.09795e-15 6.09795e-15 6.09795e-15 6.09795e-15 6.09795e-15 6.09795e-15 6.09795e-15 6.09795e-15 6.09795e-15 6.09795e-15 6.09795e-15 6.09795e-15 6.09795e-15 6.09795e-15 6.09795e-15 6.09795e-15 7.60719e-15 7.60719e-15 7.60719e-15 7.60719e-15 7.60719e-15 7.60719e-15 7.60719e-15 7.60719e-15 7.60719e-15 7.60719e-15 7.60719e-15 7.60719e-15 7.60719e-15 7.60719e-15 7.60719e-15 7.60719e-15 7.60719e-15 7.60719e-15 7.60719e-15 7.60719e-15 9.48997e-15 9.48997e-15 9.48997e-15 9.48997e-15 9.48997e-15 9.48997e-15 9.48997e-15 9.48997e-15 9.48997e-15 9.48997e-15 9.48997e-15 9.48997e-15 9.48997e-15 9.48997e-15 9.48997e-15 9.48997e-15 9.48997e-15 9.48997e-15 9.48997e-15 9.48997e-15 1.18387e-14 1.18387e-14 1.18387e-14 1.18387e-14 1.18387e-14 1.18387e-14 1.18387e-14 1.18387e-14 1.18387e-14 1.18387e-14 1.18387e-14 1.18387e-14 1.18387e-14 1.18387e-14 1.18387e-14 1.18387e-14 1.18387e-14 1.18387e-14 1.18387e-14 1.18387e-14 1.47688e-14 1.47688e-14 1.47688e-14 1.47688e-14 1.47688e-14 1.47688e-14 1.47688e-14 1.47688e-14 1.47688e-14 1.47688e-14 1.47688e-14 1.47688e-14 1.47688e-14 1.47688e-14 1.47688e-14 1.47688e-14 1.47688e-14 1.47688e-14 1.47688e-14 1.47688e-14 1.84241e-14 1.84241e-14 1.84241e-14 1.84241e-14 1.84241e-14 1.84241e-14 1.84241e-14 1.84241e-14 1.84241e-14 1.84241e-14 1.84241e-14 1.84241e-14 1.84241e-14 1.84241e-14 1.84241e-14 1.84241e-14 1.84241e-14 1.84241e-14 1.84241e-14 1.84241e-14 2.29841e-14 2.29841e-14 2.29841e-14 2.29841e-14 2.29841e-14 2.29841e-14 2.29841e-14 2.29841e-14 2.29841e-14 2.29841e-14 2.29841e-14 2.29841e-14 2.29841e-14 2.29841e-14 2.29841e-14 2.29841e-14 2.29841e-14 2.29841e-14 2.29841e-14 2.29841e-14 2.86726e-14 2.86726e-14 2.86726e-14 2.86726e-14 2.86726e-14 2.86726e-14 2.86726e-14 2.86726e-14 2.86726e-14 2.86726e-14 2.86726e-14 2.86726e-14 2.86726e-14 2.86726e-14 2.86726e-14 2.86726e-14 2.86726e-14 2.86726e-14 2.86726e-14 2.86726e-14 3.57691e-14 3.57691e-14 3.57691e-14 3.57691e-14 3.57691e-14 3.57691e-14 3.57691e-14 3.57691e-14 3.57691e-14 3.57691e-14 3.57691e-14 3.57691e-14 3.57691e-14 3.57691e-14 3.57691e-14 3.57691e-14 3.57691e-14 3.57691e-14 3.57691e-14 3.57691e-14 4.4622e-14 4.4622e-14 4.4622e-14 4.4622e-14 4.4622e-14 4.4622e-14 4.4622e-14 4.4622e-14 4.4622e-14 4.4622e-14 4.4622e-14 4.4622e-14 4.4622e-14 4.4622e-14 4.4622e-14 4.4622e-14 4.4622e-14 4.4622e-14 4.4622e-14 4.4622e-14 5.56659e-14 5.56659e-14 5.56659e-14 5.56659e-14 5.56659e-14 5.56659e-14 5.56659e-14 5.56659e-14 5.56659e-14 5.56659e-14 5.56659e-14 5.56659e-14 5.56659e-14 5.56659e-14 5.56659e-14 5.56659e-14 5.56659e-14 5.56659e-14 5.56659e-14 5.56659e-14 6.94432e-14 6.94432e-14 6.94432e-14 6.94432e-14 6.94432e-14 6.94432e-14 6.94432e-14 6.94432e-14 6.94432e-14 6.94432e-14 6.94432e-14 6.94432e-14 6.94432e-14 6.94432e-14 6.94432e-14 6.94432e-14 6.94432e-14 6.94432e-14 6.94432e-14 6.94432e-14 7.00118e-14 7.00118e-14 7.00118e-14 7.00118e-14 7.00118e-14 7.00118e-14 7.00118e-14 7.00118e-14 7.00118e-14 7.00118e-14 7.00118e-14 7.00118e-14 7.00118e-14 7.00118e-14 7.00118e-14 7.00118e-14 7.00118e-14 7.00118e-14 7.00118e-14 7.00118e-14
1 3 2
2 3 4
2 4 5
3 23 4
4 6 5
4 24 6
4 23 24
5 6 7
6 8 7
6 25 8
6 24 25
7 8 9
8 10 9
8 26 10
8 25 26
9 10 11
10 12 11
10 27 12
10 26 27
11 12 13
12 14 13
12 28 14
12 27 28
13 14 15
14 16 15
14 29 16
14 28 29
15 16 17
16 18 17
16 30 18
16 29 30
17 18 19
18 20 19
18 31 20
18 30 31
19 20 21
20 22 21
20 32 22
20 31 32
22 32 33
23 34 24
24 35 25
24 34 35
25 36 26
25 35 36
26 37 27
26 36 37
27 38 28
27 37 38
28 39 29
28 38 39
29 40 30
29 39 40
30 41 31
30 40 41
31 42 32
31 41 42
32 43 33
32 42 43
33 43 44
34 45 35
35 46 36
35 45 46
36 47 37
36 46 47
37 48 38
37 47 48
38 49 39
38 48 49
39 50 40
39 49 50
40 51 41
40 50 51
41 52 42
41 51 52
42 53 43
42 52 53
43 54 44
43 53 54
44 54 55
45 56 46
46 57 47
46 56 57
47 58 48
47 57 58
48 59 49
48 58 59
49 60 50
49 59 60
50 61 51
50 60 61
51 62 52
51 61 62
52 63 53
52 62 63
53 64 54
53 63 64
54 65 55
54 64 65
55 65 66
56 67 57
57 68 58
57 67 68
58 69 59
58 68 69
59 70 60
59 69 70
60 71 61
60 70 71
61 72 62
61 71 72
62 73 63
62 72 73
63 74 64
63 73 74
64 75 65
64 74 75
65 76 66
65 75 76
66 76 77
67 78 68
68 79 69
68 78 79
69 80 70
69 79 80
70 81 71
70 80 81
71 82 72
71 81 82
72 83 73
72 82 83
73 84 74
73 83 84
74 85 75
74 84 85
75 86 76
75 85 86
76 87 77
76 86 87
77 87 88
78 89 79
79 90 80
79 89 90
80 91 81
80 90 91
81 92 82
81 91 92
82 93 83
82 92 93
83 94 84
83 93 94
84 95 85
84 94 95
85 96 86
85 95 96
86 97 87
86 96 97
87 98 88
87 97 98
88 98 99
89 100 90
90 101 91
90 100 101
91 102 92
91 101 102
92 103 93
92 102 103
93 104 94
93 103 104
94 105 95
94 104 105
95 106 96
95 105 106
96 107 97
96 106 107
97 108 98
97 107 108
98 109 99
98 108 109
99 109 110
100 111 101
101 112 102
101 111 112
102 113 103
102 112 113
103 114 104
103 113 114
104 115 105
104 114 115
105 116 106
105 115 116
106 117 107
106 116 117
107 118 108
107 117 118
108 119 109
108 118 119
109 120 110
109 119 120
110 120 121
111 122 112
112 123 113
112 122 123
113 124 114
113 123 124
114 125 115
114 124 125
115 126 116
115 125 126
116 127 117
116 126 127
117 128 118
117 127 128
118 129 119
118 128 129
119 130 120
119 129 130
120 131 121
120 130 131
121 131 132
122 133 123
123 134 124
123 133 134
124 135 125
124 134 135
125 136 126
125 135 136
126 137 127
126 136 137
127 138 128
127 137 138
128 139 129
128 138 139
129 140 130
129 139 140
130 141 131
130 140 141
131 142 132
131 141 142
132 142 143
133 144 134
134 145 135
134 144 145
135 146 136
135 145 146
136 147 137
136 146 147
137 148 138
137 147 148
138 149 139
138 148 149
139 150 140
139 149 150
140 151 141
140 150 151
141 152 142
141 151 152
142 153 143
142 152 153
143 153 154
144 155 145
145 156 146
145 155 156
146 157 147
146 156 157
147 158 148
147 157 158
148 159 149
148 158 159
149 160 150
149 159 160
150 161 151
150 160 161
151 162 152
151 161 162
152 163 153
152 162 163
153 164 154
153 163 164
154 164 165
155 166 156
156 167 157
156 166 167
157 168 158
157 167 168
158 169 159
158 168 169
159 170 160
159 169 170
160 171 161
160 170 171
161 172 162
161 171 172
162 173 163
162 172 173
163 174 164
163 173 174
164 175 165
164 174 175
165 175 176
166 177 167
167 178 168
167 177 178
168 179 169
168 178 179
169 180 170
169 179 180
170 181 171
170 180 181
171 182 172
171 181 182
172 183 173
172 182 183
173 184 174
173 183 184
174 185 175
174 184 185
175 186 176
175 185 186
176 186 187
177 188 178
178 189 179
178 188 189
179 190 180
179 189 190
180 191 181
180 190 191
181 192 182
181 191 192
182 193 183
182 192 193
183 194 184
183 193 194
184 195 185
184 194 195
185 196 186
185 195 196
186 197 187
186 196 197
187 197 198
188 199 189
189 200 190
189 199 200
190 201 191
190 200 201
191 202 192
191 201 202
192 203 193
192 202 203
193 204 194
193 203 204
194 205 195
194 204 205
195 206 196
195 205 206
196 207 197
196 206 207
197 208 198
197 207 208
198 208 209
199 210 200
200 211 201
200 210 211
201 212 202
201 211 212
202 213 203
202 212 213
203 214 204
203 213 214
204 215 205
204 214 215
205 216 206
205 215 216
206 217 207
206 216 217
207 218 208
207 217 218
208 219 209
208 218 219
209 219 220
210 221 211
211 222 212
211 221 222
212 223 213
212 222 223
213 224 214
213 223 224
214 225 215
214 224 225
215 226 216
215 225 226
216 227 217
216 226 227
217 228 218
217 227 228
218 229 219
218 228 229
219 230 220
219 229 230
220 230 231
221 232 222
222 233 223
222 232 233
223 234 224
223 233 234
224 235 225
224 234 235
225 236 226
225 235 236
226 237 227
226 236 237
227 238 228
227 237 238
228 239 229
228 238 239
229 240 230
229 239 240
230 241 231
230 240 241
231 241 242
232 243 233
233 244 234
233 243 244
234 245 235
234 244 245
235 246 236
235 245 246
236 247 237
236 246 247
237 248 238
237 247 248
238 249 239
238 248 249
239 250 240
239 249 250
240 251 241
240 250 251
241 252 242
241 251 252
242 252 253
243 254 244
244 255 245
244 254 255
245 256 246
245 255 256
246 257 247
246 256 257
247 258 248
247 257 258
248 259 249
248 258 259
249 260 250
249 259 260
250 261 251
250 260 261
251 262 252
251 261 262
252 263 253
252 262 263
253 263 264
254 265 255
255 266 256
255 265 266
256 267 257
256 266 267
257 268 258
257 267 268
258 269 259
258 268 269
259 270 260
259 269 270
260 271 261
260 270 271
261 272 262
261 271 272
262 273 263
262 272 273
263 274 264
263 273 274
264 274 275
265 276 266
266 277 267
266 276 277
267 278 268
267 277 278
268 279 269
268 278 279
269 280 270
269 279 280
270 281 271
270 280 281
271 282 272
271 281 282
272 283 273
272 282 283
273 284 274
273 283 284
274 285 275
274 284 285
275 285 286
276 287 277
277 288 278
277 287 288
278 289 279
278 288 289
279 290 280
279 289 290
280 291 281
280 290 291
281 292 282
281 291 292
282 293 283
282 292 293
283 294 284
283 293 294
284 295 285
284 294 295
285 296 286
285 295 296
286 296 297
287 298 288
288 299 289
288 298 299
289 300 290
289 299 300
290 301 291
290 300 301
291 302 292
291 301 302
292 303 293
292 302 303
293 304 294
293 303 304
294 305 295
294 304 305
295 306 296
295 305 306
296 307 297
296 306 307
297 307 308
298 309 299
299 310 300
299 309 310
300 311 301
300 310 311
301 312 302
301 311 312
302 313 303
302 312 313
303 314 304
303 313 314
304 315 305
304 314 315
305 316 306
305 315 316
306 317 307
306 316 317
307 318 308
307 317 318
308 318 319
309 320 310
310 321 311
310 320 321
311 322 312
311 321 322
312 323 313
312 322 323
313 324 314
313 323 324
314 325 315
314 324 325
315 326 316
315 325 326
316 327 317
316 326 327
317 328 318
317 327 328
318 329 319
318 328 329
319 329 330
320 331 321
321 332 322
321 331 332
322 333 323
322 332 333
323 334 324
323 333 334
324 335 325
324 334 335
325 336 326
325 335 336
326 337 327
326 336 337
327 338 328
327 337 338
328 339 329
328 338 339
329 340 330
329 339 340
330 340 341
331 342 332
332 343 333
332 342 343
333 344 334
333 343 344
334 345 335
334 344 345
335 346 336
335 345 346
336 347 337
336 346 347
337 348 338
337 347 348
338 349 339
338 348 349
339 350 340
339 349 350
340 351 341
340 350 351
341 351 352
342 353 343
343 354 344
343 353 354
344 355 345
344 354 355
345 356 346
345 355 356
346 357 347
346 356 357
347 358 348
347 357 358
348 359 349
348 358 359
349 360 350
349 359 360
350 361 351
350 360 361
351 362 352
351 361 362
352 362 363
353 364 354
354 365 355
354 364 365
355 366 356
355 365 366
356 367 357
356 366 367
357 368 358
357 367 368
358 369 359
358 368 369
359 370 360
359 369 370
360 371 361
360 370 371
361 372 362
361 371 372
362 373 363
362 372 373
363 373 374
364 375 365
365 376 366
365 375 376
366 377 367
366 376 377
367 378 368
367 377 378
368 379 369
368 378 379
369 380 370
369 379 380
370 381 371
370 380 381
371 382 372
371 381 382
372 383 373
372 382 383
373 384 374
373 383 384
374 384 385
375 386 376
376 387 377
376 386 387
377 388 378
377 387 388
378 389 379
378 388 389
379 390 380
379 389 390
380 391 381
380 390 391
381 392 382
381 391 392
382 393 383
382 392 393
383 394 384
383 393 394
384 395 385
384 394 395
385 395 396
386 397 387
387 398 388
387 397 398
388 399 389
388 398 399
389 400 390
389 399 400
390 401 391
390 400 401
391 402 392
391 401 402
392 403 393
392 402 403
393 404 394
393 403 404
394 405 395
394 404 405
395 406 396
395 405 406
396 406 407
397 408 398
398 409 399
398 408 409
399 410 400
399 409 410
400 411 401
400 410 411
401 412 402
401 411 412
402 413 403
402 412 413
403 414 404
403 413 414
404 415 405
404 414 415
405 416 406
405 415 416
406 417 407
406 416 417
407 417 418
408 419 409
409 420 410
409 419 420
410 421 411
410 420 421
411 422 412
411 421 422
412 423 413
412 422 423
413 424 414
413 423 424
414 425 415
414 424 425
415 426 416
415 425 426
416 427 417
416 426 427
417 428 418
417 427 428
418 428 429
419 430 420
420 431 421
420 430 431
421 432 422
421 431 432
422 433 423
422 432 433
423 434 424
423 433 434
424 435 425
424 434 435
425 436 426
425 435 436
426 437 427
426 436 437
427 438 428
427 437 438
428 439 429
428 438 439
429 439 440
430 441 431
431 442 432
431 441 442
432 443 433
432 442 443
433 444 434
433 443 444
434 445 435
434 444 445
435 446 436
435 445 446
436 447 437
436 446 447
437 448 438
437 447 448
438 449 439
438 448 449
439 450 440
439 449 450
440 450 451
441 452 442
442 453 443
442 452 453
443 454 444
443 453 454
444 455 445
444 454 455
445 456 446
445 455 456
446 457 447
446 456 457
447 458 448
447 457 458
448 459 449
448 458 459
449 460 450
449 459 460
450 461 451
450 460 461
451 461 462
452 463 453
453 464 454
453 463 464
454 465 455
454 464 465
455 466 456
455 465 466
456 467 457
456 466 467
457 468 458
457 467 468
458 469 459
458 468 469
459 470 460
459 469 470
460 471 461
460 470 471
461 472 462
461 471 472
462 472 473
463 474 464
464 475 465
464 474 475
465 476 466
465 475 476
466 477 467
466 476 477
467 478 468
467 477 478
468 479 469
468 478 479
469 480 470
469 479 480
470 481 471
470 480 481
471 482 472
471 481 482
472 483 473
472 482 483
473 483 484
474 485 475
475 486 476
475 485 486
476 487 477
476 486 487
477 488 478
477 487 488
478 489 479
478 488 489
479 490 480
479 489 490
480 491 481
480 490 491
481 492 482
481 491 492
482 493 483
482 492 493
483 494 484
483 493 494
484 494 495
ZONE T="air1" NODES=22, ELEMENTS=20, DATAPACKING=BLOCK, ZONETYPE=FETRIANGLE, VARLOCATION=([100,101]=CELLCENTERED)
-1e-08 -1e-08 0 0 -1e-08 0 -1e-08 0 -1e-08 0 -1e-08 0 -1e-08 0 -1e-08 0 -1e-08 0 -1e-08 0 -1e-08 0
0 1e-06 0 1e-06 2e-06 2e-06 3e-06 3e-06 4e-06 4e-06 5e-06 5e-06 6e-06 6e-06 7e-06 7e-06 8e-06 8e-06 9e-06 9e-06 1e-05 1e-05
0 0 0 0 0 0 0 0 0 0 0 0 0 0 0 0 0 0 0 0 0 0
0 0 0 0 0 0 0 0 0 0 0 0 0 0 0 0 0 0 0 0 0 0
0 0 0 0 0 0 0 0 0 0 0 0 0 0 0 0 0 0 0 0 0 0
0 0 0 0 0 0 0 0 0 0 0 0 0 0 0 0 0 0 0 0 0 0
0 0 0 0 0 0 0 0 0 0 0 0 0 0 0 0 0 0 0 0 0 0
0 0 0 0 0 0 0 0 0 0 0 0 0 0 0 0 0 0 0 0 0 0
0 0 0 0 0 0 0 0 0 0 0 0 0 0 0 0 0 0 0 0 0 0
0 0 0 0 0 0 0 0 0 0 0 0 0 0 0 0 0 0 0 0 0 0
0 0 0 0 0 0 0 0 0 0 0 0 0 0 0 0 0 0 0 0 0 0
0 0 0 0 0 0 0 0 0 0 0 0 0 0 0 0 0 0 0 0 0 0
0 0 0 0 0 0 0 0 0 0 0 0 0 0 0 0 0 0 0 0 0 0
0 0 0 0 0 0 0 0 0 0 0 0 0 0 0 0 0 0 0 0 0 0
0 0 0 0 0 0 0 0 0 0 0 0 0 0 0 0 0 0 0 0 0 0
0 0 0 0 0 0 0 0 0 0 0 0 0 0 0 0 0 0 0 0 0 0
0 0 0 0 0 0 0 0 0 0 0 0 0 0 0 0 0 0 0 0 0 0
0 0 0 0 0 0 0 0 0 0 0 0 0 0 0 0 0 0 0 0 0 0
0 0 0 0 0 0 0 0 0 0 0 0 0 0 0 0 0 0 0 0 0 0
0 0 0 0 0 0 0 0 0 0 0 0 0 0 0 0 0 0 0 0 0 0
0 0 0 0 0 0 0 0 0 0 0 0 0 0 0 0 0 0 0 0 0 0
0 0 0 0 0 0 0 0 0 0 0 0 0 0 0 0 0 0 0 0 0 0
0 0 0 0 0 0 0 0 0 0 0 0 0 0 0 0 0 0 0 0 0 0
0 0 0 0 0 0 0 0 0 0 0 0 0 0 0 0 0 0 0 0 0 0
0 0 0 0 0 0 0 0 0 0 0 0 0 0 0 0 0 0 0 0 0 0
0 0 0 0 0 0 0 0 0 0 0 0 0 0 0 0 0 0 0 0 0 0
0 0 0 0 0 0 0 0 0 0 0 0 0 0 0 0 0 0 0 0 0 0
0 0 0 0 0 0 0 0 0 0 0 0 0 0 0 0 0 0 0 0 0 0
0 0 0 0 0 0 0 0 0 0 0 0 0 0 0 0 0 0 0 0 0 0
2.5e-15 5e-15 2.5e-15 5e-15 5e-15 5e-15 5e-15 5e-15 5e-15 5e-15 5e-15 5e-15 5e-15 5e-15 5e-15 5e-15 5e-15 5e-15 5e-15 5e-15 2.5e-15 2.5e-15
0 0 0 0 0 0 0 0 0 0 0 0 0 0 0 0 0 0 0 0 0 0
0 0 0 0 0 0 0 0 0 0 0 0 0 0 0 0 0 0 0 0 0 0
0 0 0 0 0 0 0 0 0 0 0 0 0 0 0 0 0 0 0 0 0 0
0 0 0 0 0 0 0 0 0 0 0 0 0 0 0 0 0 0 0 0 0 0
0 0 0 0 0 0 0 0 0 0 0 0 0 0 0 0 0 0 0 0 0 0
0 0 0 0 0 0 0 0 0 0 0 0 0 0 0 0 0 0 0 0 0 0
0 0 0 0 0 0 0 0 0 0 0 0 0 0 0 0 0 0 0 0 0 0
0 0 0 0 0 0 0 0 0 0 0 0 0 0 0 0 0 0 0 0 0 0
0 0 0 0 0 0 0 0 0 0 0 0 0 0 0 0 0 0 0 0 0 0
0 0 0 0 0 0 0 0 0 0 0 0 0 0 0 0 0 0 0 0 0 0
0 0 0 0 0 0 0 0 0 0 0 0 0 0 0 0 0 0 0 0 0 0
0 0 0 0 0 0 0 0 0 0 0 0 0 0 0 0 0 0 0 0 0 0
0 0 0 0 0 0 0 0 0 0 0 0 0 0 0 0 0 0 0 0 0 0
0 0 0 0 0 0 0 0 0 0 0 0 0 0 0 0 0 0 0 0 0 0
0 0 0 0 0 0 0 0 0 0 0 0 0 0 0 0 0 0 0 0 0 0
0 0 0 0 0 0 0 0 0 0 0 0 0 0 0 0 0 0 0 0 0 0
0 0 0 0 0 0 0 0 0 0 0 0 0 0 0 0 0 0 0 0 0 0
0 0 0 0 0 0 0 0 0 0 0 0 0 0 0 0 0 0 0 0 0 0
0 0 0 0 0 0 0 0 0 0 0 0 0 0 0 0 0 0 0 0 0 0
0 1 11 12 2 13 3 14 4 15 5 16 6 17 7 18 8 19 9 20 10 21
0 1 2 3 4 5 6 7 8 9 10 11 12 13 14 15 16 17 18 19 20 21
0 0 0 0 0 0 0 0 0 0 0 0 0 0 0 0 0 0 0 0 0 0
0 0 0 0 0 0 0 0 0 0 0 0 0 0 0 0 0 0 0 0 0 0
0 0 0 0 0 0 0 0 0 0 0 0 0 0 0 0 0 0 0 0 0 0
0 0 0 0 0 0 0 0 0 0 0 0 0 0 0 0 0 0 0 0 0 0
0 0 0 0 0 0 0 0 0 0 0 0 0 0 0 0 0 0 0 0 0 0
0 0 0 0 0 0 0 0 0 0 0 0 0 0 0 0 0 0 0 0 0 0
0 0 0 0 0 0 0 0 0 0 0 0 0 0 0 0 0 0 0 0 0 0
0 0 0 0 0 0 0 0 0 0 0 0 0 0 0 0 0 0 0 0 0 0
0 0 0 0 0 0 0 0 0 0 0 0 0 0 0 0 0 0 0 0 0 0
2.525e-07 2.525e-07 1.68333e-07 2.525e-07 2.525e-07 2.525e-07 2.525e-07 2.525e-07 2.525e-07 2.525e-07 2.525e-07 2.525e-07 2.525e-07 2.525e-07 2.525e-07 2.525e-07 2.525e-07 2.525e-07 2.525e-07 2.525e-07 1.68333e-07 2.525e-07
5.05e+07 2.575e+07 3.4e+07 2.575e+07 2.575e+07 2.575e+07 2.575e+07 2.575e+07 2.575e+07 2.575e+07 2.575e+07 2.575e+07 2.575e+07 2.575e+07 2.575e+07 2.575e+07 2.575e+07 2.575e+07 2.575e+07 2.575e+07 3.4e+07 5.05e+07
5.05e-07 7.52512e-07 6.70017e-07 7.52512e-07 7.52512e-07 7.52512e-07 7.52512e-07 7.52512e-07 7.52512e-07 7.52512e-07 7.52512e-07 7.52512e-07 7.52512e-07 7.52512e-07 7.52512e-07 7.52512e-07 7.52512e-07 7.52512e-07 7.52512e-07 7.52512e-07 6.70017e-07 5.05e-07
1.25e-15 1.25e-15 8.33333e-16 1.25e-15 1.25e-15 1.25e-15 1.25e-15 1.25e-15 1.25e-15 1.25e-15 1.25e-15 1.25e-15 1.25e-15 1.25e-15 1.25e-15 1.25e-15 1.25e-15 1.25e-15 1.25e-15 1.25e-15 8.33333e-16 1.25e-15
0 0 0 0 0 0 0 0 0 0 0 0 0 0 0 0 0 0 0 0 0 0
0 0 0 0 0 0 0 0 0 0 0 0 0 0 0 0 0 0 0 0 0 0
0 0 0 0 0 0 0 0 0 0 0 0 0 0 0 0 0 0 0 0 0 0
0 0 0 0 0 0 0 0 0 0 0 0 0 0 0 0 0 0 0 0 0 0
0 0 0 0 0 0 0 0 0 0 0 0 0 0 0 0 0 0 0 0 0 0
0 0 0 0 0 0 0 0 0 0 0 0 0 0 0 0 0 0 0 0 0 0
0 0 0 0 0 0 0 0 0 0 0 0 0 0 0 0 0 0 0 0 0 0
0 0 0 0 0 0 0 0 0 0 0 0 0 0 0 0 0 0 0 0 0 0
0 0 0 0 0 0 0 0 0 0 0 0 0 0 0 0 0 0 0 0 0 0
0 0 0 0 0 0 0 0 0 0 0 0 0 0 0 0 0 0 0 0 0 0
0 0 0 0 0 0 0 0 0 0 0 0 0 0 0 0 0 0 0 0 0 0
0 0 0 0 0 0 0 0 0 0 0 0 0 0 0 0 0 0 0 0 0 0
0 0 0 0 0 0 0 0 0 0 0 0 0 0 0 0 0 0 0 0 0 0
0 0 0 0 0 0 0 0 0 0 0 0 0 0 0 0 0 0 0 0 0 0
0 0 0 0 0 0 0 0 0 0 0 0 0 0 0 0 0 0 0 0 0 0
0 0 0 0 0 0 0 0 0 0 0 0 0 0 0 0 0 0 0 0 0 0
0 0 0 0 0 0 0 0 0 0 0 0 0 0 0 0 0 0 0 0 0 0
0 0 0 0 0 0 0 0 0 0 0 0 0 0 0 0 0 0 0 0 0 0
0 0 0 0 0 0 0 0 0 0 0 0 0 0 0 0 0 0 0 0 0 0
0 0 0 0 0 0 0 0 0 0 0 0 0 0 0 0 0 0 0 0 0 0
0 0 0 0 0 0 0 0 0 0 0 0 0 0 0 0 0 0 0 0 0 0
0 0 0 0 0 0 0 0 0 0 0 0 0 0 0 0 0 0 0 0 0 0
0 0 0 0 0 0 0 0 0 0 0 0 0 0 0 0 0 0 0 0 0 0
0 0 0 0 0 0 0 0 0 0 0 0 0 0 0 0 0 0 0 0 0 0
0 0 0 0 0 0 0 0 0 0 0 0 0 0 0 0 0 0 0 0 0 0
0 0 0 0 0 0 0 0 0 0 0 0 0 0 0 0 0 0 0 0 0 0
0 0 0 0 0 0 0 0 0 0 0 0 0 0 0 0 0 0 0 0 0 0
0 0 0 0 0 0 0 0 0 0 0 0 0 0 0 0 0 0 0 0 0 0
0 0 0 0 0 0 0 0 0 0 0 0 0 0 0 0 0 0 0 0 0 0
0.5 2.25 2.66667 5.25 6.75 9 11 13 15 17 19 21 23 25 27 29 31 33 35 37 38.3333 39.5
0.5 0.2525 0.336667 0.2475 0.2475 0.2475 0.2475 0.2475 0.2475 0.2475 0.2475 0.2475 0.2475 0.2475 0.2475 0.2475 0.2475 0.2475 0.2475 0.2475 0.33 0.5
0.5 0.250012 1.66654e-05 0.749988 0.749988 0.749988 0.749988 0.749988 0.749988 0.749988 0.749988 0.749988 0.749988 0.749988 0.749988 0.749988 0.749988 0.749988 0.749988 0.749988 0.66665 0.5
0 0 0 0 0 0 0 0 0 0 0 0 0 0 0 0 0 0 0 0 0 0
0 0 0 0 0 0 0 0 0 0 0 0 0 0 0 0 0 0 0 0 0 0
0 0 0 0 0 0 0 0 0 0 0 0 0 0 0 0 0 0 0 0 0 0
1.68333e-07 1.68333e-07 1.68333e-07 1.68333e-07 1.68333e-07 1.68333e-07 1.68333e-07 1.68333e-07 1.68333e-07 1.68333e-07 1.68333e-07 1.68333e-07 1.68333e-07 1.68333e-07 1.68333e-07 1.68333e-07 1.68333e-07 1.68333e-07 1.68333e-07 1.68333e-07
8.33333e-16 8.33333e-16 8.33333e-16 8.33333e-16 8.33333e-16 8.33333e-16 8.33333e-16 8.33333e-16 8.33333e-16 8.33333e-16 8.33333e-16 8.33333e-16 8.33333e-16 8.33333e-16 8.33333e-16 8.33333e-16 8.33333e-16 8.33333e-16 8.33333e-16 8.33333e-16
1 3 2
2 3 4
2 4 5
4 6 5
5 6 7
6 8 7
7 8 9
8 10 9
9 10 11
10 12 11
11 12 13
12 14 13
13 14 15
14 16 15
15 16 17
16 18 17
17 18 19
18 20 19
19 20 21
20 22 21
ZONE T="air2" NODES=22, ELEMENTS=20, DATAPACKING=BLOCK, ZONETYPE=FETRIANGLE, VARLOCATION=([100,101]=CELLCENTERED)
1e-05 1e-05 1.001e-05 1.001e-05 1e-05 1.001e-05 1e-05 1.001e-05 1e-05 1.001e-05 1e-05 1.001e-05 1e-05 1.001e-05 1e-05 1.001e-05 1e-05 1.001e-05 1e-05 1.001e-05 1e-05 1.001e-05
0 1e-06 0 1e-06 2e-06 2e-06 3e-06 3e-06 4e-06 4e-06 5e-06 5e-06 6e-06 6e-06 7e-06 7e-06 8e-06 8e-06 9e-06 9e-06 1e-05 1e-05
0 0 0 0 0 0 0 0 0 0 0 0 0 0 0 0 0 0 0 0 0 0
0 0 0 0 0 0 0 0 0 0 0 0 0 0 0 0 0 0 0 0 0 0
0 0 0 0 0 0 0 0 0 0 0 0 0 0 0 0 0 0 0 0 0 0
0 0 0 0 0 0 0 0 0 0 0 0 0 0 0 0 0 0 0 0 0 0
0 0 0 0 0 0 0 0 0 0 0 0 0 0 0 0 0 0 0 0 0 0
0 0 0 0 0 0 0 0 0 0 0 0 0 0 0 0 0 0 0 0 0 0
0 0 0 0 0 0 0 0 0 0 0 0 0 0 0 0 0 0 0 0 0 0
0 0 0 0 0 0 0 0 0 0 0 0 0 0 0 0 0 0 0 0 0 0
0 0 0 0 0 0 0 0 0 0 0 0 0 0 0 0 0 0 0 0 0 0
0 0 0 0 0 0 0 0 0 0 0 0 0 0 0 0 0 0 0 0 0 0
0 0 0 0 0 0 0 0 0 0 0 0 0 0 0 0 0 0 0 0 0 0
0 0 0 0 0 0 0 0 0 0 0 0 0 0 0 0 0 0 0 0 0 0
0 0 0 0 0 0 0 0 0 0 0 0 0 0 0 0 0 0 0 0 0 0
0 0 0 0 0 0 0 0 0 0 0 0 0 0 0 0 0 0 0 0 0 0
0 0 0 0 0 0 0 0 0 0 0 0 0 0 0 0 0 0 0 0 0 0
0 0 0 0 0 0 0 0 0 0 0 0 0 0 0 0 0 0 0 0 0 0
0 0 0 0 0 0 0 0 0 0 0 0 0 0 0 0 0 0 0 0 0 0
0 0 0 0 0 0 0 0 0 0 0 0 0 0 0 0 0 0 0 0 0 0
0 0 0 0 0 0 0 0 0 0 0 0 0 0 0 0 0 0 0 0 0 0
0 0 0 0 0 0 0 0 0 0 0 0 0 0 0 0 0 0 0 0 0 0
0 0 0 0 0 0 0 0 0 0 0 0 0 0 0 0 0 0 0 0 0 0
0 0 0 0 0 0 0 0 0 0 0 0 0 0 0 0 0 0 0 0 0 0
0 0 0 0 0 0 0 0 0 0 0 0 0 0 0 0 0 0 0 0 0 0
0 0 0 0 0 0 0 0 0 0 0 0 0 0 0 0 0 0 0 0 0 0
0 0 0 0 0 0 0 0 0 0 0 0 0 0 0 0 0 0 0 0 0 0
0 0 0 0 0 0 0 0 0 0 0 0 0 0 0 0 0 0 0 0 0 0
0 0 0 0 0 0 0 0 0 0 0 0 0 0 0 0 0 0 0 0 0 0
2.5e-15 5e-15 2.5e-15 5e-15 5e-15 5e-15 5e-15 5e-15 5e-15 5e-15 5e-15 5e-15 5e-15 5e-15 5e-15 5e-15 5e-15 5e-15 5e-15 5e-15 2.5e-15 2.5e-15
0 0 0 0 0 0 0 0 0 0 0 0 0 0 0 0 0 0 0 0 0 0
0 0 0 0 0 0 0 0 0 0 0 0 0 0 0 0 0 0 0 0 0 0
0 0 0 0 0 0 0 0 0 0 0 0 0 0 0 0 0 0 0 0 0 0
0 0 0 0 0 0 0 0 0 0 0 0 0 0 0 0 0 0 0 0 0 0
0 0 0 0 0 0 0 0 0 0 0 0 0 0 0 0 0 0 0 0 0 0
0 0 0 0 0 0 0 0 0 0 0 0 0 0 0 0 0 0 0 0 0 0
0 0 0 0 0 0 0 0 0 0 0 0 0 0 0 0 0 0 0 0 0 0
0 0 0 0 0 0 0 0 0 0 0 0 0 0 0 0 0 0 0 0 0 0
0 0 0 0 0 0 0 0 0 0 0 0 0 0 0 0 0 0 0 0 0 0
0 0 0 0 0 0 0 0 0 0 0 0 0 0 0 0 0 0 0 0 0 0
0 0 0 0 0 0 0 0 0 0 0 0 0 0 0 0 0 0 0 0 0 0
0 0 0 0 0 0 0 0 0 0 0 0 0 0 0 0 0 0 0 0 0 0
0 0 0 0 0 0 0 0 0 0 0 0 0 0 0 0 0 0 0 0 0 0
0 0 0 0 0 0 0 0 0 0 0 0 0 0 0 0 0 0 0 0 0 0
0 0 0 0 0 0 0 0 0 0 0 0 0 0 0 0 0 0 0 0 0 0
0 0 0 0 0 0 0 0 0 0 0 0 0 0 0 0 0 0 0 0 0 0
0 0 0 0 0 0 0 0 0 0 0 0 0 0 0 0 0 0 0 0 0 0
0 0 0 0 0 0 0 0 0 0 0 0 0 0 0 0 0 0 0 0 0 0
0 0 0 0 0 0 0 0 0 0 0 0 0 0 0 0 0 0 0 0 0 0
495 496 506 507 497 508 498 509 499 510 500 511 501 512 502 513 503 514 504 515 505 516
0 1 2 3 4 5 6 7 8 9 10 11 12 13 14 15 16 17 18 19 20 21
0 0 0 0 0 0 0 0 0 0 0 0 0 0 0 0 0 0 0 0 0 0
0 0 0 0 0 0 0 0 0 0 0 0 0 0 0 0 0 0 0 0 0 0
0 0 0 0 0 0 0 0 0 0 0 0 0 0 0 0 0 0 0 0 0 0
0 0 0 0 0 0 0 0 0 0 0 0 0 0 0 0 0 0 0 0 0 0
0 0 0 0 0 0 0 0 0 0 0 0 0 0 0 0 0 0 0 0 0 0
0 0 0 0 0 0 0 0 0 0 0 0 0 0 0 0 0 0 0 0 0 0
0 0 0 0 0 0 0 0 0 0 0 0 0 0 0 0 0 0 0 0 0 0
0 0 0 0 0 0 0 0 0 0 0 0 0 0 0 0 0 0 0 0 0 0
0 0 0 0 0 0 0 0 0 0 0 0 0 0 0 0 0 0 0 0 0 0
2.525e-07 2.525e-07 1.68333e-07 2.525e-07 2.525e-07 2.525e-07 2.525e-07 2.525e-07 2.525e-07 2.525e-07 2.525e-07 2.525e-07 2.525e-07 2.525e-07 2.525e-07 2.525e-07 2.525e-07 2.525e-07 2.525e-07 2.525e-07 1.68333e-07 2.525e-07
5.05e+07 2.575e+07 3.4e+07 2.575e+07 2.575e+07 2.575e+07 2.575e+07 2.575e+07 2.575e+07 2.575e+07 2.575e+07 2.575e+07 2.575e+07 2.575e+07 2.575e+07 2.575e+07 2.575e+07 2.575e+07 2.575e+07 2.575e+07 3.4e+07 5.05e+07
5.05e-07 7.52512e-07 6.70017e-07 7.52512e-07 7.52512e-07 7.52512e-07 7.52512e-07 7.52512e-07 7.52512e-07 7.52512e-07 7.52512e-07 7.52512e-07 7.52512e-07 7.52512e-07 7.52512e-07 7.52512e-07 7.52512e-07 7.52512e-07 7.52512e-07 7.52512e-07 6.70017e-07 5.05e-07
1.25e-15 1.25e-15 8.33333e-16 1.25e-15 1.25e-15 1.25e-15 1.25e-15 1.25e-15 1.25e-15 1.25e-15 1.25e-15 1.25e-15 1.25e-15 1.25e-15 1.25e-15 1.25e-15 1.25e-15 1.25e-15 1.25e-15 1.25e-15 8.33333e-16 1.25e-15
0 0 0 0 0 0 0 0 0 0 0 0 0 0 0 0 0 0 0 0 0 0
0 0 0 0 0 0 0 0 0 0 0 0 0 0 0 0 0 0 0 0 0 0
0 0 0 0 0 0 0 0 0 0 0 0 0 0 0 0 0 0 0 0 0 0
0 0 0 0 0 0 0 0 0 0 0 0 0 0 0 0 0 0 0 0 0 0
0 0 0 0 0 0 0 0 0 0 0 0 0 0 0 0 0 0 0 0 0 0
0 0 0 0 0 0 0 0 0 0 0 0 0 0 0 0 0 0 0 0 0 0
0 0 0 0 0 0 0 0 0 0 0 0 0 0 0 0 0 0 0 0 0 0
0 0 0 0 0 0 0 0 0 0 0 0 0 0 0 0 0 0 0 0 0 0
0 0 0 0 0 0 0 0 0 0 0 0 0 0 0 0 0 0 0 0 0 0
0 0 0 0 0 0 0 0 0 0 0 0 0 0 0 0 0 0 0 0 0 0
0 0 0 0 0 0 0 0 0 0 0 0 0 0 0 0 0 0 0 0 0 0
0 0 0 0 0 0 0 0 0 0 0 0 0 0 0 0 0 0 0 0 0 0
0 0 0 0 0 0 0 0 0 0 0 0 0 0 0 0 0 0 0 0 0 0
0 0 0 0 0 0 0 0 0 0 0 0 0 0 0 0 0 0 0 0 0 0
0 0 0 0 0 0 0 0 0 0 0 0 0 0 0 0 0 0 0 0 0 0
0 0 0 0 0 0 0 0 0 0 0 0 0 0 0 0 0 0 0 0 0 0
0 0 0 0 0 0 0 0 0 0 0 0 0 0 0 0 0 0 0 0 0 0
0 0 0 0 0 0 0 0 0 0 0 0 0 0 0 0 0 0 0 0 0 0
0 0 0 0 0 0 0 0 0 0 0 0 0 0 0 0 0 0 0 0 0 0
0 0 0 0 0 0 0 0 0 0 0 0 0 0 0 0 0 0 0 0 0 0
0 0 0 0 0 0 0 0 0 0 0 0 0 0 0 0 0 0 0 0 0 0
0 0 0 0 0 0 0 0 0 0 0 0 0 0 0 0 0 0 0 0 0 0
0 0 0 0 0 0 0 0 0 0 0 0 0 0 0 0 0 0 0 0 0 0
0 0 0 0 0 0 0 0 0 0 0 0 0 0 0 0 0 0 0 0 0 0
0 0 0 0 0 0 0 0 0 0 0 0 0 0 0 0 0 0 0 0 0 0
0 0 0 0 0 0 0 0 0 0 0 0 0 0 0 0 0 0 0 0 0 0
0 0 0 0 0 0 0 0 0 0 0 0 0 0 0 0 0 0 0 0 0 0
0 0 0 0 0 0 0 0 0 0 0 0 0 0 0 0 0 0 0 0 0 0
0 0 0 0 0 0 0 0 0 0 0 0 0 0 0 0 0 0 0 0 0 0
0.5 2.25 2.66667 5.25 6.75 9 11 13 15 17 19 21 23 25 27 29 31 33 35 37 38.3333 39.5
0.5 0.2525 0.336667 0.2475 0.2475 0.2475 0.2475 0.2475 0.2475 0.2475 0.2475 0.2475 0.2475 0.2475 0.2475 0.2475 0.2475 0.2475 0.2475 0.2475 0.33 0.5
0.5 0.250012 1.66654e-05 0.749988 0.749988 0.749988 0.749988 0.749988 0.749988 0.749988 0.749988 0.749988 0.749988 0.749988 0.749988 0.749988 0.749988 0.749988 0.749988 0.749988 0.66665 0.5
0 0 0 0 0 0 0 0 0 0 0 0 0 0 0 0 0 0 0 0 0 0
0 0 0 0 0 0 0 0 0 0 0 0 0 0 0 0 0 0 0 0 0 0
0 0 0 0 0 0 0 0 0 0 0 0 0 0 0 0 0 0 0 0 0 0
1.68333e-07 1.68333e-07 1.68333e-07 1.68333e-07 1.68333e-07 1.68333e-07 1.68333e-07 1.68333e-07 1.68333e-07 1.68333e-07 1.68333e-07 1.68333e-07 1.68333e-07 1.68333e-07 1.68333e-07 1.68333e-07 1.68333e-07 1.68333e-07 1.68333e-07 1.68333e-07
8.33333e-16 8.33333e-16 8.33333e-16 8.33333e-16 8.33333e-16 8.33333e-16 8.33333e-16 8.33333e-16 8.33333e-16 8.33333e-16 8.33333e-16 8.33333e-16 8.33333e-16 8.33333e-16 8.33333e-16 8.33333e-16 8.33333e-16 8.33333e-16 8.33333e-16 8.33333e-16
1 3 2
2 3 4
2 4 5
4 6 5
5 6 7
6 8 7
7 8 9
8 10 9
9 10 11
10 12 11
11 12 13
12 14 13
13 14 15
14 16 15
15 16 17
16 18 17
17 18 19
18 20 19
19 20 21
20 22 21

